-- phpMyAdmin SQL Dump
-- version 4.8.3
-- https://www.phpmyadmin.net/
--
-- 主機: 127.0.0.1
-- 產生時間： 2019-06-27 11:07:47
-- 伺服器版本: 10.1.36-MariaDB
-- PHP 版本： 5.6.38

SET SQL_MODE = "NO_AUTO_VALUE_ON_ZERO";
SET AUTOCOMMIT = 0;
START TRANSACTION;
SET time_zone = "+00:00";


/*!40101 SET @OLD_CHARACTER_SET_CLIENT=@@CHARACTER_SET_CLIENT */;
/*!40101 SET @OLD_CHARACTER_SET_RESULTS=@@CHARACTER_SET_RESULTS */;
/*!40101 SET @OLD_COLLATION_CONNECTION=@@COLLATION_CONNECTION */;
/*!40101 SET NAMES utf8mb4 */;

--
-- 資料庫： `onlineweb_sql`
--

-- --------------------------------------------------------

--
-- 資料表結構 `js_config`
--

CREATE TABLE `js_config` (
  `jsc_key` varchar(128) NOT NULL,
  `jsc_value` text
) ENGINE=MyISAM DEFAULT CHARSET=utf8;

--
-- 資料表的匯出資料 `js_config`
--

INSERT INTO `js_config` (`jsc_key`, `jsc_value`) VALUES
('ld_sys_need_signoff', '1');

-- --------------------------------------------------------

--
-- 資料表結構 `js_history`
--

CREATE TABLE `js_history` (
  `jshist_sn` int(10) UNSIGNED NOT NULL,
  `jshist_add_date` int(10) UNSIGNED NOT NULL DEFAULT '0',
  `jshist_sys_type` tinyint(3) UNSIGNED NOT NULL DEFAULT '0' COMMENT '0: sys, 1:device',
  `jshist_sys_type_desc` varchar(50) DEFAULT '',
  `jshist_user` int(10) UNSIGNED NOT NULL DEFAULT '0' COMMENT '0: sys, >0: user sn',
  `jshist_op_type` tinyint(3) UNSIGNED NOT NULL DEFAULT '0' COMMENT '0: otrers, 1:add, 2:update, 3:delete, 4:backend login',
  `jshist_op_desc` text,
  `jshist_ip` varchar(16) DEFAULT '',
  `jsft_sn` int(10) UNSIGNED NOT NULL DEFAULT '1' COMMENT 'js_foctory.jsft_sn'
) ENGINE=MyISAM DEFAULT CHARSET=utf8;

--
-- 資料表的匯出資料 `js_history`
--

INSERT INTO `js_history` (`jshist_sn`, `jshist_add_date`, `jshist_sys_type`, `jshist_sys_type_desc`, `jshist_user`, `jshist_op_type`, `jshist_op_desc`, `jshist_ip`, `jsft_sn`) VALUES
(1, 1508573307, 1, '機台資料管理', 1, 1, '新增 主機位置資料 文件 dfg', '192.168.33.213', 1),
(2, 1508573311, 1, '機台資料管理', 1, 2, '修改  主機位置資料 流水號：7', '192.168.33.213', 1),
(22, 1508896956, 0, '後臺登入', 1, 4, '登入帳號: admin, IP: 192.168.33.213', '192.168.33.213', 1),
(23, 1508901362, 0, '後臺登入', 1, 4, '登入帳號: admin, IP: 192.168.5.32', '192.168.5.32', 1),
(24, 1508902393, 0, '後臺登入', 1, 4, '登入帳號: admin, IP: 192.168.5.110', '192.168.5.110', 1),
(25, 1508903559, 0, '後臺登入', 1, 4, '登入帳號: admin, IP: 192.168.5.110', '192.168.5.110', 1),
(26, 1508903928, 0, '後臺登入', 1, 4, '登入帳號: admin, IP: 192.168.33.213', '192.168.33.213', 1),
(27, 1508903957, 1, '機台資料管理', 1, 2, '修改  機台 流水號：121', '192.168.33.213', 1),
(28, 1508911748, 0, '後臺登入', 1, 4, '登入帳號: admin, IP: 192.168.5.110', '192.168.5.110', 1),
(4, 1508573311, 1, '機台資料管理', 1006, 2, '修改  主機位置資料 流水號：7', '192.168.33.213', 1),
(5, 1508573311, 1, '機台資料管理', 1005, 2, '修改  主機位置資料 流水號：7', '192.168.33.213', 1),
(6, 1108573311, 1, '機台資料管理', 1005, 2, '修改  主機位置資料 流水號：7', '192.168.33.213', 1),
(7, 1508723401, 0, '後臺登入', 1, 4, '登入帳號: admin, IP: 192.168.33.6', '192.168.33.6', 1),
(8, 1508723601, 0, '後臺登入', 1, 4, '登入帳號: admin, IP: 192.168.33.6', '192.168.33.6', 1),
(9, 1508726830, 0, '後臺登入', 1, 4, '登入帳號: admin, IP: 192.168.33.6', '192.168.33.6', 1),
(10, 1508729548, 0, '後臺登入', 1006, 4, '登入帳號: wt_test, IP: 192.168.33.213', '192.168.33.213', 1),
(11, 1508729627, 0, '後臺登入', 1006, 4, '登入帳號: wt_test, IP: 192.168.33.213', '192.168.33.213', 1),
(12, 1508738830, 0, '後臺登入', 1, 4, '登入帳號: admin, IP: 192.168.33.6', '192.168.33.6', 1),
(13, 1508742862, 0, '後臺登入', 1, 4, '登入帳號: admin, IP: 192.168.5.32', '192.168.5.32', 1),
(14, 1508743145, 0, '後臺登入', 1007, 4, '登入帳號: wt2_test, IP: 192.168.5.32', '192.168.5.32', 1),
(15, 1508743155, 0, '後臺登入', 1008, 4, '登入帳號: guest_test, IP: 192.168.5.32', '192.168.5.32', 1),
(16, 1508743161, 0, '後臺登入', 1, 4, '登入帳號: admin, IP: 192.168.5.32', '192.168.5.32', 1),
(17, 1508744552, 0, '後臺登入', 1, 4, '登入帳號: admin, IP: 192.168.5.110', '192.168.5.110', 1),
(18, 1508825575, 0, '後臺登入', 1, 4, '登入帳號: admin, IP: 192.168.5.110', '192.168.5.110', 1),
(19, 1508831788, 0, '後臺登入', 1, 4, '登入帳號: admin, IP: ::1', '::1', 1),
(20, 1508838527, 0, '後臺登入', 1, 4, '登入帳號: admin, IP: 192.168.5.110', '192.168.5.110', 1),
(21, 1508842909, 0, '後臺登入', 1, 4, '登入帳號: admin, IP: 192.168.5.110', '192.168.5.110', 1),
(29, 1509430738, 0, '後臺登入', 1, 4, '登入帳號: admin, IP: 192.168.33.2', '192.168.33.2', 1),
(30, 1509506042, 0, '後臺登入', 1, 4, '登入帳號: admin, IP: 192.168.5.110', '192.168.5.110', 1),
(31, 1509506238, 0, '後臺登入', 1, 4, '登入帳號: admin, IP: 192.168.33.213', '192.168.33.213', 1),
(32, 1509506481, 1, '機台資料管理', 1, 2, '修改  UM表資料 流水號：24', '192.168.33.213', 1),
(33, 1509506496, 1, '機台資料管理', 1, 2, '修改  UM表資料 流水號：23', '192.168.33.213', 1),
(34, 1509506504, 1, '機台資料管理', 1, 2, '修改  UM表資料 流水號：22', '192.168.33.213', 1),
(35, 1509506601, 0, '後臺登入', 1, 4, '登入帳號: admin, IP: 192.168.5.33', '192.168.5.33', 1),
(36, 1509506616, 1, '機台資料管理', 1, 2, '修改  UM表資料 流水號：24', '192.168.5.33', 1),
(37, 1509506630, 1, '機台資料管理', 1, 2, '修改  UM表資料 流水號：23', '192.168.5.33', 1),
(38, 1509506637, 1, '機台資料管理', 1, 2, '修改  UM表資料 流水號：22', '192.168.5.33', 1),
(39, 1509686048, 0, '後臺登入', 1, 4, '登入帳號: admin, IP: 192.168.5.33', '192.168.5.33', 1),
(40, 1510206097, 0, '後臺登入', 1, 4, '登入帳號: admin, IP: 192.168.33.213', '192.168.33.213', 1),
(41, 1510731742, 0, '後臺登入', 1, 4, '登入帳號: admin, IP: ::1', '::1', 1),
(42, 1510731746, 0, '後臺登入', 1, 4, '登入帳號: admin, IP: 192.168.33.213', '192.168.33.213', 1),
(43, 1510734398, 0, '後臺登入', 1, 4, '登入帳號: admin, IP: 192.168.5.33', '192.168.5.33', 1),
(44, 1510904518, 0, '後臺登入', 1, 4, '登入帳號: admin, IP: 192.168.33.213', '192.168.33.213', 1),
(45, 1511175446, 0, '後臺登入', 1, 4, '登入帳號: admin, IP: 192.168.21.101', '192.168.21.101', 1),
(46, 1511945012, 0, '後臺登入', 1, 4, '登入帳號: admin, IP: 192.168.5.32', '192.168.5.32', 1),
(47, 1511945631, 0, '後臺登入', 1, 4, '登入帳號: admin, IP: 192.168.33.213', '192.168.33.213', 1),
(48, 1512008451, 0, '後臺登入', 1, 4, '登入帳號: admin, IP: ::1', '::1', 1),
(49, 1512031555, 0, '後臺登入', 1, 4, '登入帳號: admin, IP: ::1', '::1', 1),
(50, 1512031558, 0, '後臺登入', 1, 4, '登入帳號: admin, IP: 192.168.33.213', '192.168.33.213', 1),
(51, 1512032296, 0, '後臺登入', 1, 4, '登入帳號: admin, IP: 192.168.5.32', '192.168.5.32', 1),
(52, 1512032868, 1, '機台資料管理', 1, 2, '修改  機台 流水號：121', '192.168.5.32', 1),
(53, 1512033012, 1, '機台資料管理', 1, 3, '刪除 機台 流水號 121 內容:<pre>Array\n(\n    [dema_sn] => 121\n    [dema_add_date] => 1502941777\n    [dema_mod_date] => 1512033012\n    [dema_status] => -1\n    [jsuser_sn] => 1006\n    [dema_device_project] => Hook up\n    [dema_device_num] => TCDLOH_01\n    [dema_device_name] => TCDLOH_01\n    [dema_device_location] => TCDLOH_01\n    [dema_system] => 1\n    [dema_site] => 3\n    [dema_floor] => 1\n)\n</pre>', '192.168.5.32', 1),
(54, 1512033034, 1, '機台資料管理', 1, 1, '新增 機台 TCDLOH_01', '192.168.5.32', 1),
(55, 1512033078, 1, '機台資料管理', 1, 1, '新增 UM表資料 CDCUCU01.xlsx', '192.168.5.32', 1),
(56, 1512033465, 1, '機台資料管理', 1, 1, '新增 UM表資料 DDZAMT01.xlsx', '192.168.5.32', 1),
(57, 1512033499, 1, '機台資料管理', 1, 1, '新增 UM表資料 EDZOXA01.xlsx', '192.168.5.32', 1),
(58, 1512033517, 1, '機台資料管理', 1, 1, '新增 UM表資料 EDZOXB01.xlsx', '192.168.5.32', 1),
(59, 1512033571, 1, '機台資料管理', 1, 1, '新增 UM表資料 LBZCDM01.xlsx', '192.168.5.32', 1),
(60, 1512033588, 1, '機台資料管理', 1, 1, '新增 UM表資料 LDZSCP01.xlsx', '192.168.5.32', 1),
(61, 1512033610, 1, '機台資料管理', 1, 1, '新增 UM表資料 MDZTXK01.xlsx', '192.168.5.32', 1),
(62, 1512033637, 1, '機台資料管理', 1, 1, '新增 UM表資料 TBPSFS11.xlsx', '192.168.5.32', 1),
(63, 1512033638, 1, '機台資料管理', 1, 1, '新增 UM表資料 TBPSFS11.xlsx', '192.168.5.32', 1),
(64, 1512033646, 1, '機台資料管理', 1, 3, '刪除 UM表資料 流水號 36 內容:<pre>Array\n(\n    [demu_sn] => 36\n    [demu_add_date] => 1512033637\n    [demu_mod_date] => 1512033646\n    [demu_status] => -1\n    [jsuser_sn] => 1006\n    [dema_sn] => 129\n    [demu_name] => TBPSFS11.xlsx\n    [demu_type] => 4\n    [demu_url] => 36/1.xlsx\n    [demu_flow_data] => {\"POWER\":4043.6,\"WATER\":{\"PCW\":1415,\"UPW\":933.8499999999999,\"SW\":73,\"CW\":\"0\"},\"BULKGAS\":{\"CDA\":23177,\"GN2\":4048,\"PN2\":16399,\"Par\":\"0\",\"PO2\":22,\"PHe\":\"0\",\"Go2\":\"0\",\"BA\":0,\"CDO\":600,\"GO2\":186},\"SPECIALTYGAS\":{\"0.1%PH3/N2\":\"0\",\"20%F2/N2\":\"0\",\"3MS\":\"0\",\"4%H2/N2\":\"0\",\"4%PH3/He\":\"0\",\"B2H6(5%)/N2\":\"0\",\"BCl3\":\"0\",\"BCL3 5%/He\":\"0\",\"C2H2\":\"0\",\"C2H4\":\"0\",\"C3F8\":\"0\",\"C3H6\":\"0\",\"C4F6\":\"0\",\"C4F8\":\"0\",\"C5F8\":\"0\",\"CF4\":\"0\",\"H2F2\":\"0\",\"CH3F\":\"0\",\"CH4\":\"0\",\"CHF3\":\"0\",\"Cl2\":\"0\",\"ClF3\":\"0\",\"CO\":\"0\",\"CO2\":25200,\"COS\":\"0\",\"GeH4 10%/H2\":\"0\",\"HBr\":\"0\",\"HCl\":\"0\",\"HF\":\"0\",\"N2O\":57000,\"NF3\":22500,\"NG\":100000,\"NH3\":23000,\"NO\":\"0\",\"O2(30%)/He\":\"0\",\"PH2\":9500,\"PH3(1%)/H2\":\"0\",\"SF6\":\"0\",\"Si2H6\":\"0\",\"SiCl4\":\"0\",\"SiH2Cl2\":\"0\",\"SiH4\":\"0\",\"WF6\":\"0\"},\"CHEMICAL\":{\"HF\":\"0\",\"H2SO4\":4,\"H2O2\":41,\"NH4OH\":\"0\",\"IPA\":11,\"NaOH\":\"0\",\"HCl\":\"0\",\"HF49%\":\"0\",\"HNO3\":\"0\",\"ATMI\":\"0\",\"PC\":\"0\",\"CuSO4\":\"0\",\"EKC 580\":\"0\",\"TMAH\":\"0\"},\"EXHAUST\":{\"GENEX\":2918.7064,\"AAEX\":8946.9,\"AMEX\":657.5,\"SOLEX\":2583},\"VACUUM\":{\"PV\":160,\"HV\":\"0\"}}\n    [demu_update] => 1512033637\n    [demu_version] => 1\n    [dema_add_date] => 1512033034\n    [dema_mod_date] => 1512033637\n    [dema_status] => 1\n    [dema_device_project] => Hook up\n    [dema_device_num] => TBPSFS11\n    [dema_device_name] => TBPSFS11\n    [dema_device_location] => TBPSFS11\n    [dema_system] => \n    [dema_site] => 3\n    [dema_floor] => 1\n)\n</pre>', '192.168.5.32', 1),
(65, 1512033671, 1, '機台資料管理', 1, 1, '新增 UM表資料 TDZBLK01.xlsx', '192.168.5.32', 1),
(66, 1512033687, 1, '機台資料管理', 1, 1, '新增 UM表資料 TDZCBS01.xlsx', '192.168.5.32', 1),
(67, 1512033706, 1, '機台資料管理', 1, 1, '新增 UM表資料 TDZCLN01.xlsx', '192.168.5.32', 1),
(68, 1512033725, 1, '機台資料管理', 1, 1, '新增 UM表資料 TDZCUN01.xlsx', '192.168.5.32', 1),
(69, 1512033744, 1, '機台資料管理', 1, 1, '新增 UM表資料 TDZPLT01.xlsx', '192.168.5.32', 1),
(70, 1512033771, 1, '機台資料管理', 1, 1, '新增 UM表資料 TDZRSM01.xlsx', '192.168.5.32', 1),
(71, 1512033787, 1, '機台資料管理', 1, 1, '新增 UM表資料 TDZSFS01.xlsx', '192.168.5.32', 1),
(72, 1512033805, 1, '機台資料管理', 1, 1, '新增 UM表資料 TDZSRT01.xlsx', '192.168.5.32', 1),
(73, 1512033826, 1, '機台資料管理', 1, 1, '新增 UM表資料 WBFUAC01.xlsx', '192.168.5.32', 1),
(74, 1512033842, 1, '機台資料管理', 1, 1, '新增 UM表資料 WDCUBS01.xlsx', '192.168.5.32', 1),
(75, 1512033859, 1, '機台資料管理', 1, 1, '新增 UM表資料 WDCUFC01.xlsx', '192.168.5.32', 1),
(76, 1512033871, 1, '機台資料管理', 1, 1, '新增 UM表資料 WDCURT01.xlsx', '192.168.5.32', 1),
(77, 1512033886, 1, '機台資料管理', 1, 1, '新增 UM表資料 WDCUSR01.xlsx', '192.168.5.32', 1),
(78, 1512033900, 1, '機台資料管理', 1, 1, '新增 UM表資料 WDCUVI01.xlsx', '192.168.5.32', 1),
(79, 1512348889, 0, '後臺登入', 1, 4, '登入帳號: admin, IP: 192.168.33.2', '192.168.33.2', 1),
(80, 1512456455, 0, '後臺登入', 1, 4, '登入帳號: admin, IP: 192.168.33.2', '192.168.33.2', 1),
(81, 1512461486, 0, '後臺登入', 1, 4, '登入帳號: admin, IP: 192.168.33.2', '192.168.33.2', 1),
(82, 1512465734, 0, '後臺登入', 1, 4, '登入帳號: admin, IP: 192.168.33.2', '192.168.33.2', 1),
(83, 1512637863, 0, '後臺登入', 1, 4, '登入帳號: admin, IP: 192.168.5.33', '192.168.5.33', 1),
(84, 1512637926, 0, '後臺登入', 1, 4, '登入帳號: admin, IP: 192.168.5.34', '192.168.5.34', 1),
(85, 1512694600, 0, '後臺登入', 1, 4, '登入帳號: admin, IP: 192.168.33.2', '192.168.33.2', 1),
(86, 1512694619, 0, '後臺登入', 1, 4, '登入帳號: admin, IP: 192.168.33.2', '192.168.33.2', 1),
(87, 1512694797, 0, '後臺登入', 1, 4, '登入帳號: admin, IP: 192.168.5.34', '192.168.5.34', 1),
(88, 1512694915, 0, '後臺登入', 1, 4, '登入帳號: admin, IP: 192.168.5.34', '192.168.5.34', 1),
(89, 1512695162, 1, '機台資料管理', 1, 1, '新增 QC資料 EDZOXA01 Detector 校正報告', '192.168.5.34', 1),
(90, 1512695188, 1, '機台資料管理', 1, 1, '新增 QC資料 EDZOXA01 Detector 測試報告', '192.168.5.34', 1),
(91, 1512695205, 1, '機台資料管理', 1, 1, '新增 QC資料 EDZOXA01_B.G._QC Report_N2 GUN&B', '192.168.5.34', 1),
(92, 1512695220, 1, '機台資料管理', 1, 1, '新增 QC資料 EDZOXA01_B.G._QC Report', '192.168.5.34', 1),
(93, 1512695237, 1, '機台資料管理', 1, 1, '新增 QC資料 EDZOXA01_PL_QC Report', '192.168.5.34', 1),
(94, 1512695253, 1, '機台資料管理', 1, 1, '新增 QC資料 EDZOXA01_S.G_QC Report_PN2 Gas', '192.168.5.34', 1),
(95, 1512695274, 1, '機台資料管理', 1, 1, '新增 QC資料 EDZOXA01_S.G._QC Report_P.Gas&S.', '192.168.5.34', 1),
(96, 1512695645, 1, '機台資料管理', 1, 1, '新增 Turn On資料 EDZOXA01 B.G._Turn on檢查表_N2 GUN&', '192.168.5.34', 1),
(97, 1512695657, 1, '機台資料管理', 1, 1, '新增 Turn On資料 EDZOXA01_B.G._接點照_N2 GUN&BA', '192.168.5.34', 1),
(98, 1512695671, 1, '機台資料管理', 1, 1, '新增 Turn On資料 EDZOXA01_B.G._接點照', '192.168.5.34', 1),
(99, 1512695686, 1, '機台資料管理', 1, 1, '新增 Turn On資料 EDZOXA01_B.G._Turn on檢查表', '192.168.5.34', 1),
(100, 1512695701, 1, '機台資料管理', 1, 1, '新增 Turn On資料 EDZOXA01_B.G.接點照N2 GUN&BA', '192.168.5.34', 1),
(101, 1512695723, 1, '機台資料管理', 1, 1, '新增 Turn On資料 EDZOXA01_Exh_接點照', '192.168.5.34', 1),
(102, 1512695748, 1, '機台資料管理', 1, 1, '新增 Turn On資料 EDZOXA01_Exh_Turn on檢查表', '192.168.5.34', 1),
(103, 1512695760, 1, '機台資料管理', 1, 1, '新增 Turn On資料 EDZOXA01_PG_接點照', '192.168.5.34', 1),
(104, 1512695785, 1, '機台資料管理', 1, 1, '新增 Turn On資料 EDZOXA01_PL_Turn on 檢查表', '192.168.5.34', 1),
(105, 1512695802, 1, '機台資料管理', 1, 1, '新增 Turn On資料 EDZOXA01_Pumping Line_接點照', '192.168.5.34', 1),
(106, 1512695820, 1, '機台資料管理', 1, 1, '新增 Turn On資料 EDZOXA01_PV_接點照', '192.168.5.34', 1),
(107, 1512695846, 1, '機台資料管理', 1, 1, '新增 Turn On資料 EDZOXA01_PV_Turn on檢查表', '192.168.5.34', 1),
(108, 1512695860, 1, '機台資料管理', 1, 1, '新增 Turn On資料 EDZOXA01_S.G._接點照', '192.168.5.34', 1),
(109, 1512695876, 1, '機台資料管理', 1, 1, '新增 Turn On資料 EDZOXA01_S.G._Turn on檢查表_PN2 Gas', '192.168.5.34', 1),
(110, 1512695928, 1, '機台資料管理', 1, 1, '新增 Turn On資料 EDZOXA01_S.G._Turn on檢查表-_P.Gas', '192.168.5.34', 1),
(111, 1512695953, 1, '機台資料管理', 1, 1, '新增 Turn On資料 EDZOXA01_S.G._Turn on檢查表', '192.168.5.34', 1),
(112, 1512695967, 1, '機台資料管理', 1, 1, '新增 Turn On資料 EDZOXA01_Water_接點照', '192.168.5.34', 1),
(113, 1512696667, 1, '機台資料管理', 1, 1, '新增 Layout資料 FAB6-C_Ceiling_EDZOXA-01_L', '192.168.5.34', 1),
(114, 1512696678, 1, '機台資料管理', 1, 1, '新增 Layout資料 FAB6-C_Ceiling_MDZTXK_01_L', '192.168.5.34', 1),
(115, 1512696694, 1, '機台資料管理', 1, 1, '新增 Layout資料 FAB6-C_FAB 1F_MDZTXK_01_L', '192.168.5.34', 1),
(116, 1512696713, 1, '機台資料管理', 1, 1, '新增 Layout資料 FAB6-C_FAB-1F_EDZOXA-01_L', '192.168.5.34', 1),
(117, 1512696729, 1, '機台資料管理', 1, 1, '新增 Layout資料 FAB6-C_RAISED FLOOR_EDZOXA-01_L', '192.168.5.34', 1),
(118, 1512696742, 1, '機台資料管理', 1, 1, '新增 Layout資料 FAB6-C_Raised Floor_LDZSCP_L', '192.168.5.34', 1),
(119, 1512696752, 1, '機台資料管理', 1, 1, '新增 Layout資料 FAB6-C_Raised Floor_MDZTXK_01_L', '192.168.5.34', 1),
(120, 1512696786, 1, '機台資料管理', 1, 1, '新增 QC資料 LDZSCP01__B.G._QC Report', '192.168.5.34', 1),
(121, 1512697525, 1, '機台資料管理', 1, 1, '新增 QC資料 MDZTXK01_B.G._QC Report', '192.168.5.34', 1),
(122, 1512697555, 1, '機台資料管理', 1, 1, '新增 Turn On資料 MDZTXK_EXH_Turn on檢查表', '192.168.5.34', 1),
(123, 1512697567, 1, '機台資料管理', 1, 1, '新增 Turn On資料 MDZTXK01_B.G._Turn on檢查表', '192.168.5.34', 1),
(124, 1512697585, 1, '機台資料管理', 1, 1, '新增 Turn On資料 MDZTXK01_Power_Turn on檢查表', '192.168.5.34', 1),
(125, 1512697598, 1, '機台資料管理', 1, 1, '新增 Turn On資料 MDZTXK01_PV_Turn on檢查表', '192.168.5.34', 1),
(126, 1512697634, 1, '機台資料管理', 1, 1, '新增 P&ID資料 EDZOXA_01_P', '192.168.5.34', 1),
(127, 1512697644, 1, '機台資料管理', 1, 1, '新增 P&ID資料 LDZSCP_01_P', '192.168.5.34', 1),
(128, 1512697654, 1, '機台資料管理', 1, 1, '新增 P&ID資料 MDZTXK_01_P', '192.168.5.34', 1),
(129, 1512710002, 0, '後臺登入', 1, 4, '登入帳號: admin, IP: 192.168.5.110', '192.168.5.110', 1),
(130, 1512710735, 1, '機台資料管理', 1, 3, '刪除 P&ID資料 流水號 14 內容:<pre>Array\n(\n    [dpid_sn] => 14\n    [dpid_add_date] => 1512697644\n    [dpid_mod_date] => 1512710735\n    [dpid_status] => -1\n    [jsuser_sn] => 1006\n    [dema_sn] => 124\n    [dpid_name] => LDZSCP_01_P\n    [dpid_type] => 3\n    [dpid_url] => 14/1.pdf\n    [dpid_update] => 1512697644\n    [dpid_version] => 1\n    [dema_add_date] => 1512033034\n    [dema_mod_date] => 1512697654\n    [dema_status] => 1\n    [dema_device_project] => Hook up\n    [dema_device_num] => EDZOXA01\n    [dema_device_name] => EDZOXA01\n    [dema_device_location] => EDZOXA01\n    [dema_system] => \n    [dema_site] => 3\n    [dema_floor] => 1\n)\n</pre>', '192.168.5.34', 1),
(131, 1512710748, 1, '機台資料管理', 1, 3, '刪除 P&ID資料 流水號 15 內容:<pre>Array\n(\n    [dpid_sn] => 15\n    [dpid_add_date] => 1512697654\n    [dpid_mod_date] => 1512710748\n    [dpid_status] => -1\n    [jsuser_sn] => 1006\n    [dema_sn] => 124\n    [dpid_name] => MDZTXK_01_P\n    [dpid_type] => 3\n    [dpid_url] => 15/1.pdf\n    [dpid_update] => 1512697654\n    [dpid_version] => 1\n    [dema_add_date] => 1512033034\n    [dema_mod_date] => 1512697654\n    [dema_status] => 1\n    [dema_device_project] => Hook up\n    [dema_device_num] => EDZOXA01\n    [dema_device_name] => EDZOXA01\n    [dema_device_location] => EDZOXA01\n    [dema_system] => \n    [dema_site] => 3\n    [dema_floor] => 1\n)\n</pre>', '192.168.5.34', 1),
(132, 1512710784, 1, '機台資料管理', 1, 1, '新增 P&ID資料 LDZSCP_01_P', '192.168.5.34', 1),
(133, 1512710822, 1, '機台資料管理', 1, 1, '新增 P&ID資料 MDZTXK_01_P', '192.168.5.34', 1),
(134, 1512710867, 0, '後臺登入', 1, 4, '登入帳號: admin, IP: 192.168.5.110', '192.168.5.110', 1),
(135, 1512711256, 0, '後臺登入', 1, 4, '登入帳號: admin, IP: 192.168.5.34', '192.168.5.34', 1),
(136, 1512711441, 1, '機台資料管理', 1, 3, '刪除 Layout資料 流水號 16 內容:<pre>Array\n(\n    [dlay_sn] => 16\n    [dlay_add_date] => 1512696678\n    [dlay_mod_date] => 1512711441\n    [dlay_status] => -1\n    [jsuser_sn] => 1006\n    [dema_sn] => 124\n    [dlay_name] => FAB6-C_Ceiling_MDZTXK_01_L\n    [dlay_type] => 3\n    [dlay_url] => 16/1.pdf\n    [dlay_update] => 1512696678\n    [dlay_version] => 1\n    [dema_add_date] => 1512033034\n    [dema_mod_date] => 1512697654\n    [dema_status] => 1\n    [dema_device_project] => Hook up\n    [dema_device_num] => EDZOXA01\n    [dema_device_name] => EDZOXA01\n    [dema_device_location] => EDZOXA01\n    [dema_system] => \n    [dema_site] => 3\n    [dema_floor] => 1\n)\n</pre>', '192.168.5.34', 1),
(137, 1512711445, 1, '機台資料管理', 1, 3, '刪除 Layout資料 流水號 17 內容:<pre>Array\n(\n    [dlay_sn] => 17\n    [dlay_add_date] => 1512696694\n    [dlay_mod_date] => 1512711445\n    [dlay_status] => -1\n    [jsuser_sn] => 1006\n    [dema_sn] => 124\n    [dlay_name] => FAB6-C_FAB 1F_MDZTXK_01_L\n    [dlay_type] => 3\n    [dlay_url] => 17/1.pdf\n    [dlay_update] => 1512696694\n    [dlay_version] => 1\n    [dema_add_date] => 1512033034\n    [dema_mod_date] => 1512697654\n    [dema_status] => 1\n    [dema_device_project] => Hook up\n    [dema_device_num] => EDZOXA01\n    [dema_device_name] => EDZOXA01\n    [dema_device_location] => EDZOXA01\n    [dema_system] => \n    [dema_site] => 3\n    [dema_floor] => 1\n)\n</pre>', '192.168.5.34', 1),
(138, 1512711454, 1, '機台資料管理', 1, 3, '刪除 Layout資料 流水號 20 內容:<pre>Array\n(\n    [dlay_sn] => 20\n    [dlay_add_date] => 1512696742\n    [dlay_mod_date] => 1512711454\n    [dlay_status] => -1\n    [jsuser_sn] => 1006\n    [dema_sn] => 124\n    [dlay_name] => FAB6-C_Raised Floor_LDZSCP_L\n    [dlay_type] => 3\n    [dlay_url] => 20/1.pdf\n    [dlay_update] => 1512696742\n    [dlay_version] => 1\n    [dema_add_date] => 1512033034\n    [dema_mod_date] => 1512697654\n    [dema_status] => 1\n    [dema_device_project] => Hook up\n    [dema_device_num] => EDZOXA01\n    [dema_device_name] => EDZOXA01\n    [dema_device_location] => EDZOXA01\n    [dema_system] => \n    [dema_site] => 3\n    [dema_floor] => 1\n)\n</pre>', '192.168.5.34', 1),
(139, 1512711457, 1, '機台資料管理', 1, 3, '刪除 Layout資料 流水號 21 內容:<pre>Array\n(\n    [dlay_sn] => 21\n    [dlay_add_date] => 1512696752\n    [dlay_mod_date] => 1512711457\n    [dlay_status] => -1\n    [jsuser_sn] => 1006\n    [dema_sn] => 124\n    [dlay_name] => FAB6-C_Raised Floor_MDZTXK_01_L\n    [dlay_type] => 3\n    [dlay_url] => 21/1.pdf\n    [dlay_update] => 1512696752\n    [dlay_version] => 1\n    [dema_add_date] => 1512033034\n    [dema_mod_date] => 1512697654\n    [dema_status] => 1\n    [dema_device_project] => Hook up\n    [dema_device_num] => EDZOXA01\n    [dema_device_name] => EDZOXA01\n    [dema_device_location] => EDZOXA01\n    [dema_system] => \n    [dema_site] => 3\n    [dema_floor] => 1\n)\n</pre>', '192.168.5.34', 1),
(140, 1512711518, 1, '機台資料管理', 1, 1, '新增 Layout資料 FAB6-C_Ceiling_MDZTXK_01_L', '192.168.5.34', 1),
(141, 1512711540, 1, '機台資料管理', 1, 1, '新增 Layout資料 FAB6-C_FAB 1F_MDZTXK_01_L', '192.168.5.34', 1),
(142, 1512711570, 1, '機台資料管理', 1, 1, '新增 Layout資料 FAB6-C_Raised Floor_MDZTXK_01_L', '192.168.5.34', 1),
(143, 1512711628, 1, '機台資料管理', 1, 1, '新增 Layout資料 FAB6-C_Raised Floor_LDZSCP_L', '192.168.5.34', 1),
(144, 1512714338, 0, '後臺登入', 1, 4, '登入帳號: admin, IP: 192.168.21.101', '192.168.21.101', 1),
(145, 1512714593, 0, '後臺登入', 1, 4, '登入帳號: admin, IP: 192.168.5.34', '192.168.5.34', 1),
(146, 1512714663, 0, '後臺登入', 1009, 4, '登入帳號: admin2, IP: 192.168.5.34', '192.168.5.34', 1),
(147, 1512714974, 0, '後臺登入', 1, 4, '登入帳號: admin, IP: 192.168.21.101', '192.168.21.101', 1),
(148, 1512715150, 0, '後臺登入', 1009, 4, '登入帳號: admin2, IP: 192.168.5.110', '192.168.5.110', 1),
(149, 1512715527, 0, '後臺登入', 1, 4, '登入帳號: admin, IP: 192.168.21.101', '192.168.21.101', 1),
(150, 1512715535, 0, '後臺登入', 1, 4, '登入帳號: admin, IP: 192.168.21.101', '192.168.21.101', 1),
(151, 1512955847, 0, '後臺登入', 1, 4, '登入帳號: admin, IP: 192.168.5.32', '192.168.5.32', 1),
(152, 1512960327, 0, '後臺登入', 1, 4, '登入帳號: admin, IP: 192.168.33.213', '192.168.33.213', 1),
(153, 1512975558, 0, '後臺登入', 1, 4, '登入帳號: admin, IP: 192.168.21.101', '192.168.21.101', 1),
(154, 1512975683, 0, '後臺登入', 1, 4, '登入帳號: admin, IP: 192.168.21.101', '192.168.21.101', 1),
(155, 1512976236, 0, '後臺登入', 1, 4, '登入帳號: admin, IP: 59.120.236.138', '59.120.236.138', 1),
(156, 1512976270, 0, '後臺登入', 1, 4, '登入帳號: admin, IP: 59.120.74.67', '59.120.74.67', 1),
(157, 1512976294, 0, '後臺登入', 1, 4, '登入帳號: admin, IP: 59.120.236.138', '59.120.236.138', 1),
(158, 1512976401, 0, '後臺登入', 1, 4, '登入帳號: admin, IP: 59.120.236.138', '59.120.236.138', 1),
(159, 1512976416, 0, '後臺登入', 1, 4, '登入帳號: admin, IP: 59.120.236.138', '59.120.236.138', 1),
(160, 1512976436, 0, '後臺登入', 1, 4, '登入帳號: admin, IP: 59.120.236.138', '59.120.236.138', 1),
(161, 1512976685, 0, '後臺登入', 1, 4, '登入帳號: admin, IP: 59.120.236.138', '59.120.236.138', 1),
(162, 1512976711, 0, '後臺登入', 1, 4, '登入帳號: admin, IP: 59.120.236.138', '59.120.236.138', 1),
(163, 1512976719, 0, '後臺登入', 1, 4, '登入帳號: admin, IP: 59.120.236.138', '59.120.236.138', 1),
(164, 1512976731, 0, '後臺登入', 1, 4, '登入帳號: admin, IP: 59.120.74.67', '59.120.74.67', 1),
(165, 1513047485, 0, '後臺登入', 1, 4, '登入帳號: admin, IP: 192.168.5.28', '192.168.5.28', 1),
(166, 1513058886, 0, '後臺登入', 1, 4, '登入帳號: admin, IP: 192.168.21.101', '192.168.21.101', 1),
(167, 1513129663, 0, '後臺登入', 1, 4, '登入帳號: admin, IP: ::1', '::1', 1),
(168, 1513129674, 0, '後臺登入', 1, 4, '登入帳號: admin, IP: 192.168.33.213', '192.168.33.213', 1),
(169, 1513131770, 0, '後臺登入', 1, 4, '登入帳號: admin, IP: 192.168.5.110', '192.168.5.110', 1),
(170, 1513134111, 0, '後臺登入', 1, 4, '登入帳號: admin, IP: 125.227.66.144', '125.227.66.144', 1),
(171, 1513134214, 0, '後臺登入', 1007, 4, '登入帳號: wt2_test, IP: 192.168.33.213', '192.168.33.213', 1),
(172, 1513134226, 0, '後臺登入', 1, 4, '登入帳號: admin, IP: 192.168.33.213', '192.168.33.213', 1),
(173, 1513135042, 0, '後臺登入', 1, 4, '登入帳號: admin, IP: 192.168.5.110', '192.168.5.110', 1),
(174, 1513135262, 0, '後臺登入', 1, 4, '登入帳號: admin, IP: 192.168.33.213', '192.168.33.213', 1),
(175, 1513135304, 0, '後臺登入', 1, 4, '登入帳號: admin, IP: 192.168.5.34', '192.168.5.34', 1),
(176, 1513136681, 1, '機台資料管理', 1, 2, '修改  QC資料 流水號：41', '192.168.33.213', 1),
(177, 1513136699, 1, '機台資料管理', 1, 2, '修改  QC資料 流水號：41', '192.168.33.213', 1),
(178, 1513136766, 1, '機台資料管理', 1, 2, '修改  Turn On資料 流水號：17', '192.168.33.213', 1),
(179, 1513136777, 1, '機台資料管理', 1, 2, '修改  Turn On資料 流水號：17', '192.168.33.213', 1),
(180, 1513158615, 0, '後臺登入', 1, 4, '登入帳號: admin, IP: 192.168.5.32', '192.168.5.32', 1),
(181, 1513163424, 0, '後臺登入', 1, 4, '登入帳號: admin, IP: 192.168.5.110', '192.168.5.110', 1),
(182, 1513232214, 0, '後臺登入', 1, 4, '登入帳號: admin, IP: 192.168.5.34', '192.168.5.34', 1),
(183, 1513233329, 0, '後臺登入', 1, 4, '登入帳號: admin, IP: 192.168.5.110', '192.168.5.110', 1),
(184, 1513233349, 0, '後臺登入', 1, 4, '登入帳號: admin, IP: 192.168.21.101', '192.168.21.101', 1),
(185, 1513234193, 0, '後臺登入', 1, 4, '登入帳號: admin, IP: 192.168.5.32', '192.168.5.32', 1),
(186, 1513235075, 0, '後臺登入', 1, 4, '登入帳號: admin, IP: 192.168.33.213', '192.168.33.213', 1),
(187, 1513235244, 0, '後臺登入', 1, 4, '登入帳號: admin, IP: 192.168.21.101', '192.168.21.101', 1),
(188, 1513235625, 1, '機台資料管理', 1, 1, '新增 P&ID資料 test', '192.168.33.213', 1),
(189, 1513235650, 1, '機台資料管理', 1, 2, '修改  P&ID資料 流水號：18', '192.168.33.213', 1),
(190, 1513235664, 1, '機台資料管理', 1, 3, '刪除 P&ID資料 流水號 18 內容:<pre>Array\n(\n    [dpid_sn] => 18\n    [dpid_add_date] => 1513235625\n    [dpid_mod_date] => 1513235664\n    [dpid_status] => -1\n    [jsuser_sn] => 1006\n    [dema_sn] => 128\n    [dpid_name] => test\n    [dpid_type] => 0\n    [dpid_url] => 18/2.xlsx\n    [dpid_update] => 1513235650\n    [dpid_version] => 2\n    [dema_add_date] => 1512033034\n    [dema_mod_date] => 1513235650\n    [dema_status] => 1\n    [dema_device_project] => Hook up\n    [dema_device_num] => MDZTXK01\n    [dema_device_name] => MDZTXK01\n    [dema_device_location] => MDZTXK01\n    [dema_system] => 1,2,3,4,5,6,7,8,9,10,11,12\n    [dema_site] => 3\n    [dema_floor] => 1\n)\n</pre>', '192.168.33.213', 1),
(191, 1513235793, 1, '機台資料管理', 1, 1, '新增 Layout資料 test', '192.168.33.213', 1),
(192, 1513235799, 1, '機台資料管理', 1, 3, '刪除 Layout資料 流水號 26 內容:<pre>Array\n(\n    [dlay_sn] => 26\n    [dlay_add_date] => 1513235793\n    [dlay_mod_date] => 1513235799\n    [dlay_status] => -1\n    [jsuser_sn] => 1006\n    [dema_sn] => 128\n    [dlay_name] => test\n    [dlay_type] => 0\n    [dlay_url] => 26/1.xlsx\n    [dlay_update] => 1513235793\n    [dlay_version] => 1\n    [dema_add_date] => 1512033034\n    [dema_mod_date] => 1513235793\n    [dema_status] => 1\n    [dema_device_project] => Hook up\n    [dema_device_num] => MDZTXK01\n    [dema_device_name] => MDZTXK01\n    [dema_device_location] => MDZTXK01\n    [dema_system] => 1,2,3,4,5,6,7,8,9,10,11,12\n    [dema_site] => 3\n    [dema_floor] => 1\n)\n</pre>', '192.168.33.213', 1),
(193, 1513235807, 1, '機台資料管理', 1, 1, '新增 UM表資料 t', '192.168.33.213', 1),
(194, 1513235808, 1, '機台資料管理', 1, 1, '新增 UM表資料 t', '192.168.33.213', 1),
(195, 1513235812, 1, '機台資料管理', 1, 3, '刪除 UM表資料 流水號 52 內容:<pre>Array\n(\n    [demu_sn] => 52\n    [demu_add_date] => 1513235807\n    [demu_mod_date] => 1513235812\n    [demu_status] => -1\n    [jsuser_sn] => 1006\n    [dema_sn] => 128\n    [demu_name] => t\n    [demu_type] => 4\n    [demu_url] => 52/1.xlsx\n    [demu_flow_data] => {\"POWER\":691,\"WATER\":{\"PCW\":126,\"UPW\":\"0\",\"SW\":19,\"CW\":\"0\"},\"BULKGAS\":{\"CDA\":\"0\",\"GN2\":678,\"PN2\":638,\"Par\":\"0\",\"PO2\":22,\"PHe\":\"0\",\"Go2\":\"0\",\"BA\":0,\"CDO\":300,\"GO2\":100},\"SPECIALTYGAS\":{\"0.1%PH3/N2\":\"0\",\"20%F2/N2\":\"0\",\"3MS\":\"0\",\"4%H2/N2\":\"0\",\"4%PH3/He\":\"0\",\"B2H6(5%)/N2\":\"0\",\"BCl3\":\"0\",\"BCL3 5%/He\":\"0\",\"C2H2\":\"0\",\"C2H4\":\"0\",\"C3F8\":\"0\",\"C3H6\":\"0\",\"C4F6\":\"0\",\"C4F8\":\"0\",\"C5F8\":\"0\",\"CF4\":\"0\",\"H2F2\":\"0\",\"CH3F\":\"0\",\"CH4\":\"0\",\"CHF3\":\"0\",\"Cl2\":\"0\",\"ClF3\":\"0\",\"CO\":\"0\",\"CO2\":25000,\"COS\":\"0\",\"GeH4 10%/H2\":\"0\",\"HBr\":\"0\",\"HCl\":\"0\",\"HF\":\"0\",\"N2O\":57000,\"NF3\":22500,\"NG\":50000,\"NH3\":23000,\"NO\":\"0\",\"O2(30%)/He\":\"0\",\"PH2\":\"0\",\"PH3(1%)/H2\":\"0\",\"SF6\":\"0\",\"Si2H6\":\"0\",\"SiCl4\":\"0\",\"SiH2Cl2\":\"0\",\"SiH4\":\"0\",\"WF6\":\"0\"},\"CHEMICAL\":{\"HF\":\"0\",\"H2SO4\":\"0\",\"H2O2\":\"0\",\"NH4OH\":\"0\",\"IPA\":\"0\",\"NaOH\":\"0\",\"HCl\":\"0\",\"HF49%\":\"0\",\"HNO3\":\"0\",\"ATMI\":\"0\",\"PC\":\"0\",\"CuSO4\":\"0\",\"EKC 580\":\"0\",\"TMAH\":\"0\"},\"EXHAUST\":{\"GENEX\":\"0\",\"AAEX\":1400,\"AMEX\":\"0\",\"SOLEX\":\"0\"},\"VACUUM\":{\"PV\":\"0\",\"HV\":\"0\"}}\n    [demu_update] => 1513235807\n    [demu_version] => 1\n    [dema_add_date] => 1512033034\n    [dema_mod_date] => 1513235807\n    [dema_status] => 1\n    [dema_device_project] => Hook up\n    [dema_device_num] => MDZTXK01\n    [dema_device_name] => MDZTXK01\n    [dema_device_location] => MDZTXK01\n    [dema_system] => 1,2,3,4,5,6,7,8,9,10,11,12\n    [dema_site] => 3\n    [dema_floor] => 1\n)\n</pre>', '192.168.33.213', 1),
(196, 1513235815, 1, '機台資料管理', 1, 3, '刪除 UM表資料 流水號 51 內容:<pre>Array\n(\n    [demu_sn] => 51\n    [demu_add_date] => 1513235807\n    [demu_mod_date] => 1513235815\n    [demu_status] => -1\n    [jsuser_sn] => 1006\n    [dema_sn] => 128\n    [demu_name] => t\n    [demu_type] => 4\n    [demu_url] => 51/1.xlsx\n    [demu_flow_data] => {\"POWER\":691,\"WATER\":{\"PCW\":126,\"UPW\":\"0\",\"SW\":19,\"CW\":\"0\"},\"BULKGAS\":{\"CDA\":\"0\",\"GN2\":678,\"PN2\":638,\"Par\":\"0\",\"PO2\":22,\"PHe\":\"0\",\"Go2\":\"0\",\"BA\":0,\"CDO\":300,\"GO2\":100},\"SPECIALTYGAS\":{\"0.1%PH3/N2\":\"0\",\"20%F2/N2\":\"0\",\"3MS\":\"0\",\"4%H2/N2\":\"0\",\"4%PH3/He\":\"0\",\"B2H6(5%)/N2\":\"0\",\"BCl3\":\"0\",\"BCL3 5%/He\":\"0\",\"C2H2\":\"0\",\"C2H4\":\"0\",\"C3F8\":\"0\",\"C3H6\":\"0\",\"C4F6\":\"0\",\"C4F8\":\"0\",\"C5F8\":\"0\",\"CF4\":\"0\",\"H2F2\":\"0\",\"CH3F\":\"0\",\"CH4\":\"0\",\"CHF3\":\"0\",\"Cl2\":\"0\",\"ClF3\":\"0\",\"CO\":\"0\",\"CO2\":25000,\"COS\":\"0\",\"GeH4 10%/H2\":\"0\",\"HBr\":\"0\",\"HCl\":\"0\",\"HF\":\"0\",\"N2O\":57000,\"NF3\":22500,\"NG\":50000,\"NH3\":23000,\"NO\":\"0\",\"O2(30%)/He\":\"0\",\"PH2\":\"0\",\"PH3(1%)/H2\":\"0\",\"SF6\":\"0\",\"Si2H6\":\"0\",\"SiCl4\":\"0\",\"SiH2Cl2\":\"0\",\"SiH4\":\"0\",\"WF6\":\"0\"},\"CHEMICAL\":{\"HF\":\"0\",\"H2SO4\":\"0\",\"H2O2\":\"0\",\"NH4OH\":\"0\",\"IPA\":\"0\",\"NaOH\":\"0\",\"HCl\":\"0\",\"HF49%\":\"0\",\"HNO3\":\"0\",\"ATMI\":\"0\",\"PC\":\"0\",\"CuSO4\":\"0\",\"EKC 580\":\"0\",\"TMAH\":\"0\"},\"EXHAUST\":{\"GENEX\":\"0\",\"AAEX\":1400,\"AMEX\":\"0\",\"SOLEX\":\"0\"},\"VACUUM\":{\"PV\":\"0\",\"HV\":\"0\"}}\n    [demu_update] => 1513235807\n    [demu_version] => 1\n    [dema_add_date] => 1512033034\n    [dema_mod_date] => 1513235807\n    [dema_status] => 1\n    [dema_device_project] => Hook up\n    [dema_device_num] => MDZTXK01\n    [dema_device_name] => MDZTXK01\n    [dema_device_location] => MDZTXK01\n    [dema_system] => 1,2,3,4,5,6,7,8,9,10,11,12\n    [dema_site] => 3\n    [dema_floor] => 1\n)\n</pre>', '192.168.33.213', 1),
(197, 1513235924, 0, '後臺登入', 1, 4, '登入帳號: admin, IP: 59.120.236.138', '59.120.236.138', 1),
(198, 1513236704, 0, '後臺登入', 1, 4, '登入帳號: admin, IP: 59.120.74.67', '59.120.74.67', 1),
(199, 1513236717, 0, '後臺登入', 1, 4, '登入帳號: admin, IP: 59.120.74.67', '59.120.74.67', 1),
(200, 1513236733, 0, '後臺登入', 1, 4, '登入帳號: admin, IP: 59.120.74.67', '59.120.74.67', 1),
(201, 1513236760, 0, '後臺登入', 1, 4, '登入帳號: admin, IP: 59.120.236.138', '59.120.236.138', 1),
(202, 1513236773, 0, '後臺登入', 1, 4, '登入帳號: admin, IP: 59.120.74.67', '59.120.74.67', 1),
(203, 1513236784, 0, '後臺登入', 1, 4, '登入帳號: admin, IP: 59.120.74.67', '59.120.74.67', 1),
(204, 1513236842, 0, '後臺登入', 1, 4, '登入帳號: admin, IP: 59.120.74.67', '59.120.74.67', 1),
(205, 1513236855, 0, '後臺登入', 1, 4, '登入帳號: admin, IP: 59.120.236.138', '59.120.236.138', 1),
(206, 1513236859, 0, '後臺登入', 1, 4, '登入帳號: admin, IP: 59.120.236.138', '59.120.236.138', 1),
(207, 1513237624, 0, '後臺登入', 1, 4, '登入帳號: admin, IP: 192.168.33.2', '192.168.33.2', 1),
(208, 1513237730, 0, '後臺登入', 1, 4, '登入帳號: admin, IP: 59.120.236.138', '59.120.236.138', 1),
(209, 1513237798, 0, '後臺登入', 1, 4, '登入帳號: admin, IP: 59.120.74.67', '59.120.74.67', 1),
(210, 1513237814, 0, '後臺登入', 1, 4, '登入帳號: admin, IP: 59.120.74.67', '59.120.74.67', 1),
(211, 1513237986, 0, '後臺登入', 1, 4, '登入帳號: admin, IP: 59.120.236.138', '59.120.236.138', 1),
(212, 1513238051, 0, '後臺登入', 1, 4, '登入帳號: admin, IP: 59.120.236.138', '59.120.236.138', 1),
(213, 1513238095, 0, '後臺登入', 1, 4, '登入帳號: admin, IP: 59.120.236.138', '59.120.236.138', 1),
(214, 1513238966, 1, '機台資料管理', 1, 1, '新增 Turn On資料 test', '192.168.33.213', 1),
(215, 1513238974, 1, '機台資料管理', 1, 3, '刪除 Turn On資料 流水號 42 內容:<pre>Array\n(\n    [depo_sn] => 42\n    [depo_add_date] => 1513238966\n    [depo_mod_date] => 1513238973\n    [depo_status] => -1\n    [jsuser_sn] => 1006\n    [dema_sn] => 128\n    [depo_name] => test\n    [depo_type] => 3\n    [depo_url] => 42/1.pdf\n    [depo_system] => 1\n    [depo_update] => 1513238966\n    [depo_version] => 1\n    [dema_add_date] => 1512033034\n    [dema_mod_date] => 1513238966\n    [dema_status] => 1\n    [dema_device_project] => Hook up\n    [dema_device_num] => MDZTXK01\n    [dema_device_name] => MDZTXK01\n    [dema_device_location] => MDZTXK01\n    [dema_system] => 1,2,3,4,5,6,7,8,9,10,11,12\n    [dema_site] => 3\n    [dema_floor] => 1\n)\n</pre>', '192.168.33.213', 1),
(216, 1513241653, 0, '後臺登入', 1, 4, '登入帳號: admin, IP: 59.120.74.67', '59.120.74.67', 1),
(217, 1513242306, 0, '後臺登入', 1, 4, '登入帳號: admin, IP: 59.120.236.138', '59.120.236.138', 1),
(218, 1513297088, 0, '後臺登入', 1, 4, '登入帳號: admin, IP: 59.120.236.138', '59.120.236.138', 1),
(219, 1513316462, 0, '後臺登入', 1, 4, '登入帳號: admin, IP: 192.168.5.28', '192.168.5.28', 1),
(220, 1513316469, 1, '機台資料管理', 1, 3, '刪除 機台 流水號 128 內容:<pre>Array\n(\n    [dema_sn] => 128\n    [dema_add_date] => 1512033034\n    [dema_mod_date] => 1513316469\n    [dema_status] => -1\n    [jsuser_sn] => 1006\n    [dema_device_project] => Hook up\n    [dema_device_num] => MDZTXK01\n    [dema_device_name] => MDZTXK01\n    [dema_device_location] => MDZTXK01\n    [dema_system] => 1,2,3,4,5,6,7,8,9,10,11,12\n    [dema_site] => 3\n    [dema_floor] => 1\n)\n</pre>', '192.168.5.28', 1),
(221, 1513316473, 1, '機台資料管理', 1, 3, '刪除 機台 流水號 127 內容:<pre>Array\n(\n    [dema_sn] => 127\n    [dema_add_date] => 1512033034\n    [dema_mod_date] => 1513316473\n    [dema_status] => -1\n    [jsuser_sn] => 1006\n    [dema_device_project] => Hook up\n    [dema_device_num] => LDZSCP01\n    [dema_device_name] => LDZSCP01\n    [dema_device_location] => LDZSCP01\n    [dema_system] => 1,2,3,4,5,6,7,8,9,10,11,12\n    [dema_site] => 3\n    [dema_floor] => 1\n)\n</pre>', '192.168.5.28', 1),
(222, 1513316476, 1, '機台資料管理', 1, 3, '刪除 機台 流水號 124 內容:<pre>Array\n(\n    [dema_sn] => 124\n    [dema_add_date] => 1512033034\n    [dema_mod_date] => 1513316476\n    [dema_status] => -1\n    [jsuser_sn] => 1006\n    [dema_device_project] => Hook up\n    [dema_device_num] => EDZOXA01\n    [dema_device_name] => EDZOXA01\n    [dema_device_location] => EDZOXA01\n    [dema_system] => 1,2,3,4,5,6,7,8,9,10,11,12\n    [dema_site] => 3\n    [dema_floor] => 1\n)\n</pre>', '192.168.5.28', 1),
(223, 1513316585, 0, '後臺登入', 1006, 4, '登入帳號: wt_test, IP: 192.168.5.28', '192.168.5.28', 1),
(224, 1513316590, 0, '後臺登入', 1006, 4, '登入帳號: wt_test, IP: 192.168.5.31', '192.168.5.31', 1),
(225, 1513316781, 1, '機台資料管理', 1006, 1, '新增 機台 CDCUCU01', '192.168.5.28', 1),
(226, 1513316946, 1, '機台資料管理', 1006, 1, '新增 Layout資料 FAB6-C_1F_CDCUCU01_L', '192.168.5.31', 1),
(227, 1513316955, 0, '後臺登入', 1, 4, '登入帳號: admin, IP: 59.120.74.67', '59.120.74.67', 1),
(228, 1513316988, 1, '機台資料管理', 1006, 1, '新增 Layout資料 FAB6-C_Ceiling_CDCUCU01_L', '192.168.5.31', 1),
(229, 1513317003, 1, '機台資料管理', 1006, 1, '新增 Layout資料 FAB6-C_RAISED FLOOR_CDCUCU01_L', '192.168.5.31', 1),
(230, 1513317038, 1, '機台資料管理', 1006, 1, '新增 P&ID資料 CDCUCU01_P', '192.168.5.31', 1),
(231, 1513317071, 1, '機台資料管理', 1006, 1, '新增 QC資料 CDCUCU01_B.G._QC Report', '192.168.5.31', 1),
(232, 1513317086, 1, '機台資料管理', 1006, 1, '新增 QC資料 CDCUCU01_Chemical_QC Report', '192.168.5.31', 1),
(233, 1513317102, 1, '機台資料管理', 1006, 1, '新增 QC資料 CDCUCU01_Chemical_QC Report_plan', '192.168.5.31', 1),
(234, 1513317118, 1, '機台資料管理', 1006, 1, '新增 QC資料 CDCUCU01_Drain_保壓測試', '192.168.5.31', 1),
(235, 1513317129, 1, '機台資料管理', 1006, 1, '新增 QC資料 CDCUCU01_Drain_排水測試', '192.168.5.31', 1),
(236, 1513317392, 1, '機台資料管理', 1006, 1, '新增 QC資料 CDCUCU01_Total Gas Supply System', '192.168.5.31', 1),
(237, 1513317452, 1, '機台資料管理', 1006, 1, '新增 Turn On資料 CDCUCU01_ Chemical_接點照_ IPA', '192.168.5.31', 1),
(238, 1513317467, 1, '機台資料管理', 1006, 1, '新增 Turn On資料 CDCUCU01_B.G._Turn on 檢查表', '192.168.5.31', 1),
(239, 1513317483, 1, '機台資料管理', 1006, 1, '新增 Turn On資料 CDCUCU01_B.G._接點照', '192.168.5.31', 1),
(240, 1513317498, 1, '機台資料管理', 1006, 1, '新增 Turn On資料 CDCUCU01_Chemical_Turn on 檢查表(1)', '192.168.5.31', 1),
(241, 1513317512, 1, '機台資料管理', 1006, 1, '新增 Turn On資料 CDCUCU01_Chemical_Turn on 檢查表(2)', '192.168.5.31', 1),
(242, 1513317531, 1, '機台資料管理', 1006, 1, '新增 Turn On資料 CDCUCU01_Chemical_Turn on 檢查表_pl', '192.168.5.31', 1),
(243, 1513317558, 1, '機台資料管理', 1006, 1, '新增 Turn On資料 CDCUCU01_Chemical_Turn on 檢查表_pl', '192.168.5.31', 1),
(244, 1513317575, 1, '機台資料管理', 1006, 1, '新增 Turn On資料 CDCUCU01_Chemical_接點照', '192.168.5.31', 1),
(245, 1513317592, 1, '機台資料管理', 1006, 1, '新增 Turn On資料 CDCUCU01_Drain_Turn on檢查表', '192.168.5.31', 1),
(246, 1513317624, 1, '機台資料管理', 1006, 1, '新增 Turn On資料 CDCUCU01_Drain_接點照', '192.168.5.31', 1),
(247, 1513317650, 1, '機台資料管理', 1006, 1, '新增 Turn On資料 CDCUCU01_EXH_Turn on檢查表', '192.168.5.31', 1),
(248, 1513317681, 1, '機台資料管理', 1006, 1, '新增 Turn On資料 CDCUCU01_EXH_接點照', '192.168.5.31', 1),
(249, 1513317700, 1, '機台資料管理', 1006, 1, '新增 Turn On資料 CDCUCU01_P.G._接點照', '192.168.5.31', 1),
(250, 1513317718, 1, '機台資料管理', 1006, 1, '新增 Turn On資料 CDCUCU01_POWER_接點照(1)', '192.168.5.31', 1),
(251, 1513317731, 1, '機台資料管理', 1006, 1, '新增 Turn On資料 CDCUCU01_POWER_接點照(2)', '192.168.5.31', 1),
(252, 1513317747, 1, '機台資料管理', 1006, 1, '新增 Turn On資料 CDCUCU01_PV_Turn on檢查表', '192.168.5.31', 1),
(253, 1513317775, 1, '機台資料管理', 1006, 1, '新增 Turn On資料 CDCUCU01_PV_接點照', '192.168.5.31', 1),
(254, 1513317794, 1, '機台資料管理', 1006, 1, '新增 Turn On資料 CDCUCU01_S.G._Turn on檢查表_P Gas', '192.168.5.31', 1),
(255, 1513317817, 1, '機台資料管理', 1006, 1, '新增 Turn On資料 CDCUCU01_Water_接點照', '192.168.5.31', 1),
(256, 1513317835, 1, '機台資料管理', 1006, 1, '新增 Turn On資料 WDCUVI01&CDCUCU01_Turn on檢查', '192.168.5.31', 1),
(257, 1513317986, 1, '機台資料管理', 1006, 1, '新增 機台 DDZAMT01', '192.168.5.31', 1),
(258, 1513318068, 1, '機台資料管理', 1006, 1, '新增 Layout資料 FAB6-C_Ceiling_DDZAMT01_L', '192.168.5.31', 1),
(259, 1513318083, 1, '機台資料管理', 1006, 1, '新增 Layout資料 FAB6-C_FAB-1F_DDZAMT01_L', '192.168.5.31', 1),
(260, 1513318104, 1, '機台資料管理', 1006, 1, '新增 Layout資料 FAB6-C_RAISED FLOOR_DDZAMT01_L', '192.168.5.31', 1),
(261, 1513318131, 1, '機台資料管理', 1006, 1, '新增 P&ID資料 DDZAMT01_P', '192.168.5.31', 1),
(262, 1513318167, 1, '機台資料管理', 1006, 1, '新增 QC資料 DDZAMT01 Detector 校正報告', '192.168.5.31', 1),
(263, 1513318181, 1, '機台資料管理', 1006, 1, '新增 QC資料 DDZAMT01 Detector 測試報告', '192.168.5.31', 1),
(264, 1513318193, 1, '機台資料管理', 1006, 1, '新增 QC資料 DDZAMT01_B.G._QC Report', '192.168.5.31', 1),
(265, 1513318205, 1, '機台資料管理', 1006, 1, '新增 QC資料 DDZAMT01_Drain_保壓測試', '192.168.5.31', 1),
(266, 1513318218, 1, '機台資料管理', 1006, 1, '新增 QC資料 DDZAMT01_Drain排水測試', '192.168.5.31', 1),
(267, 1513318229, 1, '機台資料管理', 1006, 1, '新增 QC資料 DDZAMT01_S.G._QC Report_P級氣', '192.168.5.31', 1),
(268, 1513318268, 1, '機台資料管理', 1006, 1, '新增 Turn On資料 DDZAMT01_ P.G_接點照', '192.168.5.31', 1),
(269, 1513318280, 1, '機台資料管理', 1006, 1, '新增 Turn On資料 DDZAMT01__Power_接點照(2)', '192.168.5.31', 1),
(270, 1513318294, 1, '機台資料管理', 1006, 1, '新增 Turn On資料 DDZAMT01_B.G._Turn on檢查表', '192.168.5.31', 1),
(271, 1513318307, 1, '機台資料管理', 1006, 1, '新增 Turn On資料 DDZAMT01_B.G._接點照', '192.168.5.31', 1),
(272, 1513318320, 1, '機台資料管理', 1006, 1, '新增 Turn On資料 DDZAMT01_Drain_Turn on檢查表', '192.168.5.31', 1),
(273, 1513318485, 1, '機台資料管理', 1006, 1, '新增 Turn On資料 DDZAMT01_Drain_接點照', '192.168.5.31', 1),
(274, 1513318499, 1, '機台資料管理', 1006, 1, '新增 Turn On資料 DDZAMT01_EXH_Turn on檢查表', '192.168.5.31', 1),
(275, 1513318514, 1, '機台資料管理', 1006, 1, '新增 Turn On資料 DDZAMT01_EXH_接點照', '192.168.5.31', 1),
(276, 1513318526, 1, '機台資料管理', 1006, 1, '新增 Turn On資料 DDZAMT01_Power_Turn on檢查表', '192.168.5.31', 1),
(277, 1513318539, 1, '機台資料管理', 1006, 1, '新增 Turn On資料 DDZAMT01_Power_接點照(1)', '192.168.5.31', 1),
(278, 1513318550, 1, '機台資料管理', 1006, 1, '新增 Turn On資料 DDZAMT01_PV_Turn on檢查表', '192.168.5.31', 1),
(279, 1513318562, 1, '機台資料管理', 1006, 1, '新增 Turn On資料 DDZAMT01_PV_接點照', '192.168.5.31', 1),
(280, 1513318609, 1, '機台資料管理', 1006, 1, '新增 Turn On資料 DDZAMT01_S.G._Turn on檢查表', '192.168.5.31', 1),
(281, 1513318621, 1, '機台資料管理', 1006, 1, '新增 Turn On資料 DDZAMT01_S.G._Turn on檢查表_P級氣', '192.168.5.31', 1),
(282, 1513318640, 1, '機台資料管理', 1006, 1, '新增 Turn On資料 DDZAMT01_S.G._接點照', '192.168.5.31', 1),
(283, 1513318654, 1, '機台資料管理', 1006, 1, '新增 Turn On資料 DDZAMT01_Water_接點照', '192.168.5.31', 1),
(284, 1513318693, 1, '機台資料管理', 1006, 1, '新增 機台 EDZOXA01', '192.168.5.31', 1),
(285, 1513318734, 1, '機台資料管理', 1006, 1, '新增 Layout資料 FAB6-C_Ceiling_EDZOXA01_L', '192.168.5.31', 1),
(286, 1513318752, 1, '機台資料管理', 1006, 1, '新增 Layout資料 FAB6-C_FAB-1F_EDZOXA01_L', '192.168.5.31', 1),
(287, 1513318767, 1, '機台資料管理', 1006, 1, '新增 Layout資料 FAB6-C_RAISED FLOOR_EDZOXA01_L', '192.168.5.31', 1),
(288, 1513318790, 1, '機台資料管理', 1006, 1, '新增 P&ID資料 EDZOXA01_P', '192.168.5.31', 1),
(289, 1513318849, 1, '機台資料管理', 1006, 1, '新增 QC資料 EDZOXA01 Detector 校正報告', '192.168.5.31', 1),
(290, 1513318862, 1, '機台資料管理', 1006, 1, '新增 QC資料 EDZOXA01 Detector 測試報告', '192.168.5.31', 1),
(291, 1513318875, 1, '機台資料管理', 1006, 1, '新增 QC資料 EDZOXA01_B.G._QC Report', '192.168.5.31', 1),
(292, 1513318899, 1, '機台資料管理', 1006, 1, '新增 QC資料 EDZOXA01_B.G._QC Report_N2 GUN&B', '192.168.5.31', 1),
(293, 1513318916, 1, '機台資料管理', 1006, 1, '新增 QC資料 EDZOXA01_PL_QC Report', '192.168.5.31', 1),
(294, 1513318929, 1, '機台資料管理', 1006, 1, '新增 QC資料 EDZOXA01_S.G._QC Report_P.Gas&S.', '192.168.5.31', 1),
(295, 1513318946, 1, '機台資料管理', 1006, 1, '新增 QC資料 EDZOXA01_S.G_QC Report_PN2 Gas', '192.168.5.31', 1),
(296, 1513318982, 1, '機台資料管理', 1006, 1, '新增 Turn On資料 EDZOXA01 B.G._Turn on檢查表_N2 GUN&', '192.168.5.31', 1),
(297, 1513319012, 1, '機台資料管理', 1006, 1, '新增 Turn On資料 EDZOXA01_B.G._Turn on檢查表', '192.168.5.31', 1),
(298, 1513319028, 1, '機台資料管理', 1006, 1, '新增 Turn On資料 EDZOXA01_B.G._接點照', '192.168.5.31', 1),
(299, 1513319039, 1, '機台資料管理', 1006, 1, '新增 Turn On資料 EDZOXA01_B.G._接點照_N2 GUN&BA', '192.168.5.31', 1),
(300, 1513319056, 1, '機台資料管理', 1006, 1, '新增 Turn On資料 EDZOXA01_B.G.接點照N2 GUN&BA', '192.168.5.31', 1),
(301, 1513319083, 1, '機台資料管理', 1006, 1, '新增 Turn On資料 EDZOXA01_Exh_Turn on檢查表', '192.168.5.31', 1),
(302, 1513319109, 1, '機台資料管理', 1006, 1, '新增 Turn On資料 EDZOXA01_Exh_接點照', '192.168.5.31', 1),
(303, 1513319129, 1, '機台資料管理', 1006, 1, '新增 Turn On資料 EDZOXA01_PG_接點照', '192.168.5.31', 1),
(304, 1513319150, 1, '機台資料管理', 1006, 1, '新增 Turn On資料 EDZOXA01_PL_Turn on 檢查表', '192.168.5.31', 1),
(305, 1513319646, 1, '機台資料管理', 1006, 1, '新增 Turn On資料 EDZOXA01_Pumping Line_接點照', '192.168.5.31', 1),
(306, 1513319658, 1, '機台資料管理', 1006, 1, '新增 Turn On資料 EDZOXA01_PV_Turn on檢查表', '192.168.5.31', 1),
(307, 1513319694, 1, '機台資料管理', 1006, 1, '新增 Turn On資料 EDZOXA01_PV_接點照', '192.168.5.31', 1),
(308, 1513319710, 1, '機台資料管理', 1006, 1, '新增 Turn On資料 EDZOXA01_S.G._Turn on檢查表', '192.168.5.31', 1),
(309, 1513319733, 1, '機台資料管理', 1006, 1, '新增 Turn On資料 EDZOXA01_S.G._Turn on檢查表-_P.Gas&', '192.168.5.31', 1),
(310, 1513319784, 1, '機台資料管理', 1006, 1, '新增 Turn On資料 EDZOXA01_S.G._Turn on檢查表_PN2 Gas', '192.168.5.31', 1),
(311, 1513319799, 1, '機台資料管理', 1006, 1, '新增 Turn On資料 EDZOXA01_S.G._接點照', '192.168.5.31', 1),
(312, 1513319814, 1, '機台資料管理', 1006, 1, '新增 Turn On資料 EDZOXA01_Water_接點照', '192.168.5.31', 1),
(313, 1513319847, 1, '機台資料管理', 1006, 1, '新增 機台 EDZOXB01', '192.168.5.31', 1),
(314, 1513319878, 1, '機台資料管理', 1006, 1, '新增 Layout資料 FAB6-C_Ceiling_EDZOXB01_L', '192.168.5.31', 1),
(315, 1513319891, 1, '機台資料管理', 1006, 1, '新增 Layout資料 FAB6-C_FAB-1F_EDZOXB-01_L', '192.168.5.31', 1),
(316, 1513319916, 1, '機台資料管理', 1006, 1, '新增 Layout資料 FAB6-C_RAISED FLOOR_EDZOXB01_L', '192.168.5.31', 1),
(317, 1513319950, 1, '機台資料管理', 1006, 1, '新增 P&ID資料 EDZOXB01_P', '192.168.5.31', 1),
(318, 1513320005, 1, '機台資料管理', 1006, 1, '新增 QC資料 EDZOXB01 Detector 校正報告', '192.168.5.31', 1),
(319, 1513320037, 1, '機台資料管理', 1006, 1, '新增 QC資料 EDZOXB01 Detector 測試報告', '192.168.5.31', 1),
(320, 1513320037, 1, '機台資料管理', 1006, 1, '新增 QC資料 EDZOXB01 Detector 測試報告', '192.168.5.31', 1),
(321, 1513320060, 1, '機台資料管理', 1006, 2, '修改  QC資料 流水號：70', '192.168.5.31', 1),
(322, 1513320073, 1, '機台資料管理', 1006, 1, '新增 QC資料 EDZOXB01_Chemical_QC Report', '192.168.5.31', 1),
(323, 1513320085, 1, '機台資料管理', 1006, 1, '新增 QC資料 EDZOXB01_Drain_保壓測試', '192.168.5.31', 1),
(324, 1513320096, 1, '機台資料管理', 1006, 1, '新增 QC資料 EDZOXB01_Drain_排水測試', '192.168.5.31', 1),
(325, 1513320106, 1, '機台資料管理', 1006, 1, '新增 QC資料 EDZOXB01_PL_QC Report', '192.168.5.31', 1),
(326, 1513320117, 1, '機台資料管理', 1006, 1, '新增 QC資料 EDZOXB01_S.G._QC Report_NG', '192.168.5.31', 1),
(327, 1513320129, 1, '機台資料管理', 1006, 1, '新增 QC資料 EDZOXB01_S.G._QC Report_P級氣', '192.168.5.31', 1),
(328, 1513320141, 1, '機台資料管理', 1006, 1, '新增 QC資料 EDZOXB01_S.G._QC Report_P級氣特氣', '192.168.5.31', 1),
(329, 1513320168, 1, '機台資料管理', 1006, 1, '新增 Turn On資料 EDZOXB01_B.G._Turn on檢查表', '192.168.5.31', 1),
(330, 1513320181, 1, '機台資料管理', 1006, 1, '新增 Turn On資料 EDZOXB01_Chemical_Turn on檢查表(1)', '192.168.5.31', 1),
(331, 1513320191, 1, '機台資料管理', 1006, 1, '新增 Turn On資料 EDZOXB01_Chemical_Turn on檢查表(2)', '192.168.5.31', 1),
(332, 1513320203, 1, '機台資料管理', 1006, 1, '新增 Turn On資料 EDZOXB01_Chemical_接點照', '192.168.5.31', 1),
(333, 1513320215, 1, '機台資料管理', 1006, 1, '新增 Turn On資料 EDZOXB01_Drain_Turn on檢查表', '192.168.5.31', 1),
(334, 1513320228, 1, '機台資料管理', 1006, 1, '新增 Turn On資料 EDZOXB01_Drain_接點照', '192.168.5.31', 1),
(335, 1513320245, 1, '機台資料管理', 1006, 1, '新增 Turn On資料 EDZOXB01_EXH_Turn on檢查表', '192.168.5.31', 1),
(336, 1513320246, 1, '機台資料管理', 1006, 1, '新增 Turn On資料 EDZOXB01_EXH_Turn on檢查表', '192.168.5.31', 1),
(337, 1513320262, 1, '機台資料管理', 1006, 2, '修改  Turn On資料 流水號：103', '192.168.5.31', 1),
(338, 1513320289, 1, '機台資料管理', 1006, 1, '新增 Turn On資料 EDZOXB01_P.G._接點照', '192.168.5.31', 1),
(339, 1513320308, 1, '機台資料管理', 1006, 1, '新增 Turn On資料 EDZOXB01_PL_Turn on檢查表', '192.168.5.31', 1),
(340, 1513320320, 1, '機台資料管理', 1006, 1, '新增 Turn On資料 EDZOXB01_Power_Turn on檢查表', '192.168.5.31', 1),
(341, 1513320335, 1, '機台資料管理', 1006, 1, '新增 Turn On資料 EDZOXB01_Power_接點照(1)', '192.168.5.31', 1),
(342, 1513320348, 1, '機台資料管理', 1006, 1, '新增 Turn On資料 EDZOXB01_Power_接點照(2)', '192.168.5.31', 1),
(343, 1513320362, 1, '機台資料管理', 1006, 1, '新增 Turn On資料 EDZOXB01_Pumping Line_接點照', '192.168.5.31', 1),
(344, 1513320374, 1, '機台資料管理', 1006, 1, '新增 Turn On資料 EDZOXB01_PV_Turn on檢查表(1)', '192.168.5.31', 1),
(345, 1513320393, 1, '機台資料管理', 1006, 1, '新增 Turn On資料 EDZOXB01_PV_Turn on檢查表(2)', '192.168.5.31', 1),
(346, 1513320406, 1, '機台資料管理', 1006, 1, '新增 Turn On資料 EDZOXB01_S.G._Turn on檢查表', '192.168.5.31', 1),
(347, 1513320430, 1, '機台資料管理', 1006, 1, '新增 Turn On資料 EDZOXB01_S.G._Turn on檢查表_NG(1)', '192.168.5.31', 1),
(348, 1513320443, 1, '機台資料管理', 1006, 1, '新增 Turn On資料 EDZOXB01_S.G._Turn on檢查表_NG(2)', '192.168.5.31', 1),
(349, 1513320455, 1, '機台資料管理', 1006, 1, '新增 Turn On資料 EDZOXB01_S.G._Turn on檢查表_P級氣', '192.168.5.31', 1),
(350, 1513320470, 1, '機台資料管理', 1006, 1, '新增 Turn On資料 EDZOXB01_S.G._Turn on檢查表_P級氣特氣', '192.168.5.31', 1),
(351, 1513320483, 1, '機台資料管理', 1006, 1, '新增 Turn On資料 EDZOXB01_S.G._接點照', '192.168.5.31', 1),
(352, 1513320503, 1, '機台資料管理', 1006, 1, '新增 Turn On資料 EDZOXB01_S.G._接點照_NG', '192.168.5.31', 1),
(353, 1513320515, 1, '機台資料管理', 1006, 1, '新增 Turn On資料 EDZOXB01_Water_接點照', '192.168.5.31', 1),
(354, 1513320573, 1, '機台資料管理', 1006, 1, '新增 機台 LDZSCP01', '192.168.5.31', 1),
(355, 1513320681, 1, '機台資料管理', 1006, 1, '新增 Layout資料 FAB6-C_Raised Floor_LDZSCP01_L', '192.168.5.31', 1),
(356, 1513320696, 1, '機台資料管理', 1006, 1, '新增 P&ID資料 LDZSCP01_P', '192.168.5.31', 1),
(357, 1513320714, 1, '機台資料管理', 1006, 1, '新增 QC資料 LDZSCP01__B.G._QC Report', '192.168.5.31', 1),
(358, 1513320730, 1, '機台資料管理', 1006, 1, '新增 Turn On資料 LDZSCP01_B.G._Trun on檢查表', '192.168.5.31', 1),
(359, 1513320742, 1, '機台資料管理', 1006, 1, '新增 Turn On資料 LDZSCP01_B.G._接點照', '192.168.5.31', 1),
(360, 1513320753, 1, '機台資料管理', 1006, 1, '新增 Turn On資料 LDZSCP01_Power_接點照(1)', '192.168.5.31', 1),
(361, 1513320766, 1, '機台資料管理', 1006, 1, '新增 Turn On資料 LDZSCP01_Power_接點照(2)', '192.168.5.31', 1),
(362, 1513320778, 1, '機台資料管理', 1006, 1, '新增 Turn On資料 LDZSCP01_PV_Turn on檢查表', '192.168.5.31', 1),
(363, 1513320793, 1, '機台資料管理', 1006, 1, '新增 Turn On資料 LDZSCP01_PV_接點照', '192.168.5.31', 1),
(364, 1513320805, 1, '機台資料管理', 1006, 1, '新增 Turn On資料 TDZSFS01&LDZSCP01_Turn on檢查表', '192.168.5.31', 1),
(365, 1513320852, 1, '機台資料管理', 1006, 1, '新增 機台 MDZTXK01', '192.168.5.31', 1),
(366, 1513320909, 1, '機台資料管理', 1006, 1, '新增 Layout資料 FAB6-C_Ceiling_MDZTXK01_L', '192.168.5.31', 1),
(367, 1513320935, 1, '機台資料管理', 1006, 1, '新增 Layout資料 FAB6-C_FAB 1F_MDZTXK01_L', '192.168.5.31', 1),
(368, 1513320946, 1, '機台資料管理', 1006, 1, '新增 Layout資料 FAB6-C_Raised Floor_MDZTXK01_L', '192.168.5.31', 1),
(369, 1513320960, 1, '機台資料管理', 1006, 1, '新增 P&ID資料 MDZTXK_01_P', '192.168.5.31', 1),
(370, 1513320973, 1, '機台資料管理', 1006, 1, '新增 QC資料 MDZTXK01_B.G._QC Report', '192.168.5.31', 1),
(371, 1513320994, 1, '機台資料管理', 1006, 1, '新增 Turn On資料 MDZTXK_EXH_Turn on檢查表', '192.168.5.31', 1),
(372, 1513321004, 1, '機台資料管理', 1006, 1, '新增 Turn On資料 MDZTXK_EXH_接點照', '192.168.5.31', 1),
(373, 1513321015, 1, '機台資料管理', 1006, 1, '新增 Turn On資料 MDZTXK01_B.G._Turn on檢查表', '192.168.5.31', 1),
(374, 1513321026, 1, '機台資料管理', 1006, 1, '新增 Turn On資料 MDZTXK01_B.G._接點照', '192.168.5.31', 1),
(375, 1513321037, 1, '機台資料管理', 1006, 1, '新增 Turn On資料 MDZTXK01_Power_Turn on檢查表', '192.168.5.31', 1),
(376, 1513321047, 1, '機台資料管理', 1006, 1, '新增 Turn On資料 MDZTXK01_Power_接點照(1)', '192.168.5.31', 1),
(377, 1513321062, 1, '機台資料管理', 1006, 1, '新增 Turn On資料 MDZTXK01_Power_接點照(2)', '192.168.5.31', 1),
(378, 1513321073, 1, '機台資料管理', 1006, 1, '新增 Turn On資料 MDZTXK01_PV_Turn on檢查表', '192.168.5.31', 1),
(379, 1513321083, 1, '機台資料管理', 1006, 1, '新增 Turn On資料 MDZTXK01_PV_接點照', '192.168.5.31', 1),
(380, 1513321117, 1, '機台資料管理', 1006, 1, '新增 機台 TDZBLK01', '192.168.5.31', 1),
(381, 1513321136, 1, '機台資料管理', 1006, 1, '新增 Layout資料 FAB6-C_Ceiling_TDZBLK01_L', '192.168.5.31', 1),
(382, 1513321146, 1, '機台資料管理', 1006, 1, '新增 Layout資料 FAB6-C_FAB-1F_TDZBLK01_L', '192.168.5.31', 1),
(383, 1513321158, 1, '機台資料管理', 1006, 1, '新增 Layout資料 FAB6-C_RAISED FLOOR_TDZBLK01_L', '192.168.5.31', 1),
(384, 1513321174, 1, '機台資料管理', 1006, 1, '新增 P&ID資料 TDZBLK01_P', '192.168.5.31', 1),
(385, 1513321192, 1, '機台資料管理', 1006, 1, '新增 QC資料 TDZBLK01 Detector 校正報告', '192.168.5.31', 1),
(386, 1513321201, 1, '機台資料管理', 1006, 1, '新增 QC資料 TDZBLK01 Detector 校正報告-4MS', '192.168.5.31', 1),
(387, 1513321211, 1, '機台資料管理', 1006, 1, '新增 QC資料 TDZBLK01 Detector 測試報告', '192.168.5.31', 1),
(388, 1513321222, 1, '機台資料管理', 1006, 1, '新增 QC資料 TDZBLK01 Detector 測試報告-4MS', '192.168.5.31', 1),
(389, 1513321232, 1, '機台資料管理', 1006, 1, '新增 QC資料 TDZBLK01_B.G._QC Report', '192.168.5.31', 1),
(390, 1513321265, 1, '機台資料管理', 1006, 1, '新增 QC資料 TDZBLK01_B.G._QC Report_BA', '192.168.5.31', 1),
(391, 1513321277, 1, '機台資料管理', 1006, 1, '新增 QC資料 TDZBLK01_Chemical_QC Report', '192.168.5.31', 1),
(392, 1513321287, 1, '機台資料管理', 1006, 1, '新增 QC資料 TDZBLK01_Drain保壓測試', '192.168.5.31', 1),
(393, 1513321296, 1, '機台資料管理', 1006, 1, '新增 QC資料 TDZBLK01_Drain排水測試', '192.168.5.31', 1),
(394, 1513321308, 1, '機台資料管理', 1006, 1, '新增 QC資料 TDZBLK01_PL_QC Report', '192.168.5.31', 1),
(395, 1513321319, 1, '機台資料管理', 1006, 1, '新增 QC資料 TDZBLK01_S.G.._QC Report_NG', '192.168.5.31', 1),
(396, 1513321330, 1, '機台資料管理', 1006, 1, '新增 QC資料 TDZBLK01_S.G._QC Report', '192.168.5.31', 1),
(397, 1513321343, 1, '機台資料管理', 1006, 1, '新增 QC資料 TDZBLK01_S.G._QC Report_P Gas', '192.168.5.31', 1),
(398, 1513321354, 1, '機台資料管理', 1006, 1, '新增 QC資料 TDZBLK01_S.G._QC Report_SiH4外套管', '192.168.5.31', 1),
(399, 1513321391, 1, '機台資料管理', 1006, 1, '新增 Turn On資料 TDZBLK01  Pumping Line_接點照', '192.168.5.31', 1),
(400, 1513321402, 1, '機台資料管理', 1006, 1, '新增 Turn On資料 TDZBLK01_ S.G._接點照', '192.168.5.31', 1),
(401, 1513321413, 1, '機台資料管理', 1006, 1, '新增 Turn On資料 TDZBLK01_B.G._Turn on檢查表', '192.168.5.31', 1),
(402, 1513321427, 1, '機台資料管理', 1006, 1, '新增 Turn On資料 TDZBLK01_B.G._Turn on檢查表_BA', '192.168.5.31', 1),
(403, 1513321452, 1, '機台資料管理', 1006, 1, '新增 Turn On資料 TDZBLK01_B.G._接點照_(BA，N2-GUN)', '192.168.5.31', 1),
(404, 1513321463, 1, '機台資料管理', 1006, 1, '新增 Turn On資料 TDZBLK01_BG_接點照', '192.168.5.31', 1),
(405, 1513321474, 1, '機台資料管理', 1006, 1, '新增 Turn On資料 TDZBLK01_Chemical_Turn on檢查表(1)', '192.168.5.31', 1),
(406, 1513321484, 1, '機台資料管理', 1006, 1, '新增 Turn On資料 TDZBLK01_Chemical_Turn on檢查表(2)', '192.168.5.31', 1);
INSERT INTO `js_history` (`jshist_sn`, `jshist_add_date`, `jshist_sys_type`, `jshist_sys_type_desc`, `jshist_user`, `jshist_op_type`, `jshist_op_desc`, `jshist_ip`, `jsft_sn`) VALUES
(407, 1513321495, 1, '機台資料管理', 1006, 1, '新增 Turn On資料 TDZBLK01_CHEMICAL_接點照', '192.168.5.31', 1),
(408, 1513321505, 1, '機台資料管理', 1006, 1, '新增 Turn On資料 TDZBLK01_Drain_Turn on 檢查表', '192.168.5.31', 1),
(409, 1513321517, 1, '機台資料管理', 1006, 1, '新增 Turn On資料 TDZBLK01_Drain_接點照', '192.168.5.31', 1),
(410, 1513321529, 1, '機台資料管理', 1006, 1, '新增 Turn On資料 TDZBLK01_EXH_Turn on 檢查表', '192.168.5.31', 1),
(411, 1513321540, 1, '機台資料管理', 1006, 1, '新增 Turn On資料 TDZBLK01_EXH_接點照', '192.168.5.31', 1),
(412, 1513321551, 1, '機台資料管理', 1006, 1, '新增 Turn On資料 TDZBLK01_P.G._接點照', '192.168.5.31', 1),
(413, 1513321563, 1, '機台資料管理', 1006, 1, '新增 Turn On資料 TDZBLK01_PL_Turn on檢查表', '192.168.5.31', 1),
(414, 1513321577, 1, '機台資料管理', 1006, 1, '新增 Turn On資料 TDZBLK01_Power_Turn on 檢查表', '192.168.5.31', 1),
(415, 1513321603, 1, '機台資料管理', 1006, 1, '新增 Turn On資料 TDZBLK01_Power_接點照(1)', '192.168.5.31', 1),
(416, 1513321618, 1, '機台資料管理', 1006, 1, '新增 Turn On資料 TDZBLK01_Power_接點照(2)', '192.168.5.31', 1),
(417, 1513321630, 1, '機台資料管理', 1006, 1, '新增 Turn On資料 TDZBLK01_PV_Turn on 檢查表', '192.168.5.31', 1),
(418, 1513321642, 1, '機台資料管理', 1006, 1, '新增 Turn On資料 TDZBLK01_Drain_Turn on 檢查表', '192.168.5.31', 1),
(419, 1513321662, 1, '機台資料管理', 1006, 1, '新增 Turn On資料 TDZBLK01_Drain_接點照', '192.168.5.31', 1),
(420, 1513321685, 1, '機台資料管理', 1006, 1, '新增 Turn On資料 TDZBLK01_EXH_Turn on 檢查表', '192.168.5.31', 1),
(421, 1513321696, 1, '機台資料管理', 1006, 1, '新增 Turn On資料 TDZBLK01_EXH_接點照', '192.168.5.31', 1),
(422, 1513321707, 1, '機台資料管理', 1006, 1, '新增 Turn On資料 TDZBLK01_P.G._接點照', '192.168.5.31', 1),
(423, 1513321719, 1, '機台資料管理', 1006, 1, '新增 Turn On資料 TDZBLK01_PL_Turn on檢查表', '192.168.5.31', 1),
(424, 1513321732, 1, '機台資料管理', 1006, 1, '新增 Turn On資料 TDZBLK01_Power_Turn on 檢查表', '192.168.5.31', 1),
(425, 1513321756, 1, '機台資料管理', 1006, 1, '新增 Turn On資料 TDZBLK01_Power_接點照(1)', '192.168.5.31', 1),
(426, 1513321770, 1, '機台資料管理', 1006, 1, '新增 Turn On資料 TDZBLK01_Power_接點照(2)', '192.168.5.31', 1),
(427, 1513321783, 1, '機台資料管理', 1006, 1, '新增 Turn On資料 TDZBLK01_PV_Turn on 檢查表', '192.168.5.31', 1),
(428, 1513321797, 1, '機台資料管理', 1006, 1, '新增 Turn On資料 TDZBLK01_S.G ._Turn on檢查表_P Gas', '192.168.5.31', 1),
(429, 1513321811, 1, '機台資料管理', 1006, 1, '新增 Turn On資料 TDZBLK01_S.G._Turn on檢查表(1)', '192.168.5.31', 1),
(430, 1513321823, 1, '機台資料管理', 1006, 1, '新增 Turn On資料 TDZBLK01_S.G._Turn on檢查表(2)', '192.168.5.31', 1),
(431, 1513321834, 1, '機台資料管理', 1006, 1, '新增 Turn On資料 TDZBLK01_S.G._Turn on檢查表_NG(1)', '192.168.5.31', 1),
(432, 1513321846, 1, '機台資料管理', 1006, 1, '新增 Turn On資料 TDZBLK01_S.G._Turn on檢查表_NG(2)', '192.168.5.31', 1),
(433, 1513321858, 1, '機台資料管理', 1006, 1, '新增 Turn On資料 TDZBLK01_S.G._Turn on檢查表_SiH4外套管', '192.168.5.31', 1),
(434, 1513321870, 1, '機台資料管理', 1006, 1, '新增 Turn On資料 TDZBLK01_S.G._接點照(NG)', '192.168.5.31', 1),
(435, 1513321883, 1, '機台資料管理', 1006, 1, '新增 Turn On資料 TDZBLK01_Water_接點照', '192.168.5.31', 1),
(436, 1513322093, 1, '機台資料管理', 1006, 2, '修改  QC資料 流水號：55', '192.168.5.31', 1),
(437, 1513322139, 1, '機台資料管理', 1006, 2, '修改  QC資料 流水號：55', '192.168.5.31', 1),
(438, 1513322150, 1, '機台資料管理', 1006, 2, '修改  QC資料 流水號：55', '192.168.5.31', 1),
(439, 1513323514, 1, '機台資料管理', 1006, 1, '新增 機台 TDZCBS01', '192.168.5.31', 1),
(440, 1513323543, 1, '機台資料管理', 1006, 1, '新增 Layout資料 FAB6-C_Ceiling_TDZCBS01_L', '192.168.5.31', 1),
(441, 1513323552, 1, '機台資料管理', 1006, 1, '新增 Layout資料 FAB6-C_FAB-1F_TDZCBS01_L', '192.168.5.31', 1),
(442, 1513323562, 1, '機台資料管理', 1006, 1, '新增 Layout資料 FAB6-C_RAISED FLOOR_TDZCBS01_L', '192.168.5.31', 1),
(443, 1513323575, 1, '機台資料管理', 1006, 1, '新增 P&ID資料 TDZCBS01_P', '192.168.5.31', 1),
(444, 1513323590, 1, '機台資料管理', 1006, 1, '新增 QC資料 TDZCBS01 Detector 校正報告', '192.168.5.31', 1),
(445, 1513323600, 1, '機台資料管理', 1006, 1, '新增 QC資料 TDZCBS01 Detector 測試報告', '192.168.5.31', 1),
(446, 1513323612, 1, '機台資料管理', 1006, 1, '新增 QC資料 TDZCBS01_B.G._QC Report', '192.168.5.31', 1),
(447, 1513323622, 1, '機台資料管理', 1006, 1, '新增 QC資料 TDZCBS01_B.G._QC Report_N2 GUN', '192.168.5.31', 1),
(448, 1513323632, 1, '機台資料管理', 1006, 1, '新增 QC資料 TDZCBS01_Drain_保壓測試', '192.168.5.31', 1),
(449, 1513323643, 1, '機台資料管理', 1006, 1, '新增 QC資料 TDZCBS01_Drain_排水測試', '192.168.5.31', 1),
(450, 1513323653, 1, '機台資料管理', 1006, 1, '新增 QC資料 TDZCBS01_PL_QC Report', '192.168.5.31', 1),
(451, 1513323662, 1, '機台資料管理', 1006, 1, '新增 QC資料 TDZCBS01_S.G._QC Report_P Gas及S.', '192.168.5.31', 1),
(452, 1513324786, 1, '機台資料管理', 1006, 1, '新增 Turn On資料 TDZCBS01&TDZCLN_Power_Turn on檢查表', '192.168.5.31', 1),
(453, 1513324797, 1, '機台資料管理', 1006, 1, '新增 Turn On資料 TDZCBS01_B.G._Turn on 檢查表', '192.168.5.31', 1),
(454, 1513327628, 1, '機台資料管理', 1006, 1, '新增 Turn On資料 TDZCBS01_B.G._Turn on 檢查表_N2 GUN', '192.168.5.31', 1),
(455, 1513327639, 1, '機台資料管理', 1006, 1, '新增 Turn On資料 TDZCBS01_B.G._接點照', '192.168.5.31', 1),
(456, 1513327654, 1, '機台資料管理', 1006, 1, '新增 Turn On資料 TDZCBS01_Drain_Turn on 檢查表', '192.168.5.31', 1),
(457, 1513327668, 1, '機台資料管理', 1006, 1, '新增 Turn On資料 TDZCBS01_Drain-_接點照', '192.168.5.31', 1),
(458, 1513327679, 1, '機台資料管理', 1006, 1, '新增 Turn On資料 TDZCBS01_EXH_Turn on 檢查表', '192.168.5.31', 1),
(459, 1513327691, 1, '機台資料管理', 1006, 1, '新增 Turn On資料 TDZCBS01_EXH_接點照', '192.168.5.31', 1),
(460, 1513327729, 1, '機台資料管理', 1006, 1, '新增 Turn On資料 TDZCBS01_P.G._接點照', '192.168.5.31', 1),
(461, 1513327739, 1, '機台資料管理', 1006, 1, '新增 Turn On資料 TDZCBS01_PL_Turn on 檢查表', '192.168.5.31', 1),
(462, 1513327752, 1, '機台資料管理', 1006, 1, '新增 Turn On資料 TDZCBS01_Power_接點照(1)', '192.168.5.31', 1),
(463, 1513327761, 1, '機台資料管理', 1006, 1, '新增 Turn On資料 TDZCBS01_Power_接點照(2)', '192.168.5.31', 1),
(464, 1513327771, 1, '機台資料管理', 1006, 1, '新增 Turn On資料 TDZCBS01_Pumping Line_接點照', '192.168.5.31', 1),
(465, 1513327782, 1, '機台資料管理', 1006, 1, '新增 Turn On資料 TDZCBS01_PV_Turn on 檢查表', '192.168.5.31', 1),
(466, 1513327793, 1, '機台資料管理', 1006, 1, '新增 Turn On資料 TDZCBS01_PV_接點照', '192.168.5.31', 1),
(467, 1513327804, 1, '機台資料管理', 1006, 1, '新增 Turn On資料 TDZCBS01_S.G._Turn on 檢查表_P Gas及', '192.168.5.31', 1),
(468, 1513327816, 1, '機台資料管理', 1006, 1, '新增 Turn On資料 TDZCBS01_S.G._Turn on檢查表', '192.168.5.31', 1),
(469, 1513327826, 1, '機台資料管理', 1006, 1, '新增 Turn On資料 TDZCBS01_S.G._接點照', '192.168.5.31', 1),
(470, 1513327837, 1, '機台資料管理', 1006, 1, '新增 Turn On資料 TDZCBS01_Water_接點照', '192.168.5.31', 1),
(471, 1513333368, 0, '後臺登入', 1, 4, '登入帳號: admin, IP: 192.168.5.110', '192.168.5.110', 1),
(472, 1513333509, 0, '後臺登入', 1, 4, '登入帳號: admin, IP: ::1', '::1', 1),
(473, 1513333540, 0, '後臺登入', 1, 4, '登入帳號: admin, IP: 192.168.5.28', '192.168.5.28', 1),
(474, 1513333670, 0, '後臺登入', 1, 4, '登入帳號: admin, IP: 192.168.33.213', '192.168.33.213', 1),
(475, 1513334170, 0, '後臺登入', 1, 4, '登入帳號: admin, IP: 192.168.5.110', '192.168.5.110', 1),
(476, 1513335047, 0, '後臺登入', 1, 4, '登入帳號: admin, IP: 192.168.5.110', '192.168.5.110', 1),
(477, 1513556656, 0, '後臺登入', 1006, 4, '登入帳號: wt_test, IP: 192.168.5.32', '192.168.5.32', 1),
(478, 1513556729, 1, '機台資料管理', 1006, 1, '新增 機台 TDZCLN01', '192.168.5.32', 1),
(479, 1513556789, 1, '機台資料管理', 1006, 1, '新增 P&ID資料 FAB6-C_Ceiling_TDZCLN01_L', '192.168.5.32', 1),
(480, 1513556798, 1, '機台資料管理', 1006, 1, '新增 P&ID資料 FAB6-C_FAB-1F_TDZCLN01_L', '192.168.5.32', 1),
(481, 1513556808, 1, '機台資料管理', 1006, 1, '新增 P&ID資料 FAB6-C_Raised Floor_TDZCLN01_L', '192.168.5.32', 1),
(482, 1513556825, 1, '機台資料管理', 1006, 1, '新增 Layout資料 FAB6-C_Ceiling_TDZCLN01_L', '192.168.5.32', 1),
(483, 1513556834, 1, '機台資料管理', 1006, 1, '新增 Layout資料 FAB6-C_FAB-1F_TDZCLN01_L', '192.168.5.32', 1),
(484, 1513556844, 1, '機台資料管理', 1006, 1, '新增 Layout資料 FAB6-C_Raised Floor_TDZCLN01_L', '192.168.5.32', 1),
(485, 1513556883, 1, '機台資料管理', 1006, 2, '修改  P&ID資料 流水號：29', '192.168.5.32', 1),
(486, 1513556910, 1, '機台資料管理', 1006, 1, '新增 QC資料 TDZCLN01_B.G._QC Report', '192.168.5.32', 1),
(487, 1513556919, 1, '機台資料管理', 1006, 1, '新增 QC資料 TDZCLN01_Drain_保壓測試', '192.168.5.32', 1),
(488, 1513556929, 1, '機台資料管理', 1006, 1, '新增 QC資料 TDZCLN01_Drain_排水測試', '192.168.5.32', 1),
(489, 1513556945, 1, '機台資料管理', 1006, 1, '新增 Turn On資料 TDZCBS01&TDZCLN_Power_Turn on檢查表', '192.168.5.32', 1),
(490, 1513556956, 1, '機台資料管理', 1006, 1, '新增 Turn On資料 TDZCLN01_B.G._Turn on 檢查表', '192.168.5.32', 1),
(491, 1513556965, 1, '機台資料管理', 1006, 1, '新增 Turn On資料 TDZCLN01_B.G._接點照', '192.168.5.32', 1),
(492, 1513556976, 1, '機台資料管理', 1006, 1, '新增 Turn On資料 TDZCLN01_Drain_Turn on 檢查表', '192.168.5.32', 1),
(493, 1513556986, 1, '機台資料管理', 1006, 1, '新增 Turn On資料 TDZCLN01_Drain_接點照', '192.168.5.32', 1),
(494, 1513556999, 1, '機台資料管理', 1006, 1, '新增 Turn On資料 TDZCLN01_EXH_Turn on 檢查表', '192.168.5.32', 1),
(495, 1513557009, 1, '機台資料管理', 1006, 1, '新增 Turn On資料 TDZCLN01_EXH_接點照', '192.168.5.32', 1),
(496, 1513557021, 1, '機台資料管理', 1006, 1, '新增 Turn On資料 TDZCLN01_Power_接點照(1)', '192.168.5.32', 1),
(497, 1513557031, 1, '機台資料管理', 1006, 1, '新增 Turn On資料 TDZCLN01_Power_接點照(2)', '192.168.5.32', 1),
(498, 1513557040, 1, '機台資料管理', 1006, 1, '新增 Turn On資料 TDZCLN01_Water_接點照', '192.168.5.32', 1),
(499, 1513557094, 1, '機台資料管理', 1006, 1, '新增 機台 TDZCUN01', '192.168.5.32', 1),
(500, 1513557124, 1, '機台資料管理', 1006, 1, '新增 Layout資料 FAB6-C_Ceiling_TDZCUN01_L', '192.168.5.32', 1),
(501, 1513557135, 1, '機台資料管理', 1006, 1, '新增 Layout資料 FAB6-C_FAB-1F_TDZCUN01_L', '192.168.5.32', 1),
(502, 1513557144, 1, '機台資料管理', 1006, 1, '新增 Layout資料 FAB6-C_RAISED FLOOR_TDZCUN01_L', '192.168.5.32', 1),
(503, 1513557182, 1, '機台資料管理', 1006, 1, '新增 P&ID資料 TDZCUN01_P', '192.168.5.32', 1),
(504, 1513557197, 1, '機台資料管理', 1006, 1, '新增 QC資料 TDZCUN01 Detector 校正報告', '192.168.5.32', 1),
(505, 1513557206, 1, '機台資料管理', 1006, 1, '新增 QC資料 TDZCUN01 Detector 測試報告', '192.168.5.32', 1),
(506, 1513557215, 1, '機台資料管理', 1006, 1, '新增 QC資料 TDZCUN01_B.G._QC Report', '192.168.5.32', 1),
(507, 1513557225, 1, '機台資料管理', 1006, 1, '新增 QC資料 TDZCUN01_B.G._QC Report_N2 GUN', '192.168.5.32', 1),
(508, 1513557234, 1, '機台資料管理', 1006, 1, '新增 QC資料 TDZCUN01_Chemical_QC Report', '192.168.5.32', 1),
(509, 1513557244, 1, '機台資料管理', 1006, 1, '新增 QC資料 TDZCUN01_Drain_保壓測試', '192.168.5.32', 1),
(510, 1513557253, 1, '機台資料管理', 1006, 1, '新增 QC資料 TDZCUN01_Drain_排水測試', '192.168.5.32', 1),
(511, 1513557262, 1, '機台資料管理', 1006, 1, '新增 QC資料 TDZCUN01_PL_QC Report', '192.168.5.32', 1),
(512, 1513557271, 1, '機台資料管理', 1006, 1, '新增 QC資料 TDZCUN01_S.G._QC Report', '192.168.5.32', 1),
(513, 1513557279, 1, '機台資料管理', 1006, 1, '新增 QC資料 TDZCUN01_S.G._QC Report_(NG)', '192.168.5.32', 1),
(514, 1513557294, 1, '機台資料管理', 1006, 1, '新增 Turn On資料 TDZCUN01_B.G._Turn on 檢查表_N2 GUN', '192.168.5.32', 1),
(515, 1513557304, 1, '機台資料管理', 1006, 1, '新增 Turn On資料 TDZCUN01_B.G._Turn on檢查表', '192.168.5.32', 1),
(516, 1513557312, 1, '機台資料管理', 1006, 1, '新增 Turn On資料 TDZCUN01_B.G._接點照', '192.168.5.32', 1),
(517, 1513557351, 1, '機台資料管理', 1006, 1, '新增 Turn On資料 TDZCUN01_Chemical_Turn on 檢查表', '192.168.5.32', 1),
(518, 1513557361, 1, '機台資料管理', 1006, 1, '新增 Turn On資料 TDZCUN01_Chemical_Turn on檢查表', '192.168.5.32', 1),
(519, 1513557373, 1, '機台資料管理', 1006, 1, '新增 Turn On資料 TDZCUN01_Chemical_接點照', '192.168.5.32', 1),
(520, 1513557383, 1, '機台資料管理', 1006, 1, '新增 Turn On資料 TDZCUN01_Drain_Turn on 檢查表', '192.168.5.32', 1),
(521, 1513557396, 1, '機台資料管理', 1006, 1, '新增 Turn On資料 TDZCUN01_Drain_接點照', '192.168.5.32', 1),
(522, 1513557407, 1, '機台資料管理', 1006, 1, '新增 Turn On資料 TDZCUN01_EXH_Turn on檢查表', '192.168.5.32', 1),
(523, 1513557439, 1, '機台資料管理', 1006, 1, '新增 Turn On資料 TDZCUN01_EXH_接點照', '192.168.5.32', 1),
(524, 1513557455, 1, '機台資料管理', 1006, 1, '新增 Turn On資料 TDZCUN01_P.G._接點照', '192.168.5.32', 1),
(525, 1513557465, 1, '機台資料管理', 1006, 1, '新增 Turn On資料 TDZCUN01_PL _Turn on 檢查表', '192.168.5.32', 1),
(526, 1513557480, 1, '機台資料管理', 1006, 1, '新增 Turn On資料 TDZCUN01_Power_Turn on 檢查表', '192.168.5.32', 1),
(527, 1513557491, 1, '機台資料管理', 1006, 1, '新增 Turn On資料 TDZCUN01_Power_接點照(1)', '192.168.5.32', 1),
(528, 1513557501, 1, '機台資料管理', 1006, 1, '新增 Turn On資料 TDZCUN01_Power_接點照(2)', '192.168.5.32', 1),
(529, 1513557512, 1, '機台資料管理', 1006, 1, '新增 Turn On資料 TDZCUN01_Pumping Line_接點照', '192.168.5.32', 1),
(530, 1513557524, 1, '機台資料管理', 1006, 1, '新增 Turn On資料 TDZCUN01_PV_Turn on 檢查表', '192.168.5.32', 1),
(531, 1513557549, 1, '機台資料管理', 1006, 1, '新增 Turn On資料 TDZCUN01_PV_接點照', '192.168.5.32', 1),
(532, 1513557559, 1, '機台資料管理', 1006, 1, '新增 Turn On資料 TDZCUN01_S.G._Turn on 檢查表(2)', '192.168.5.32', 1),
(533, 1513557570, 1, '機台資料管理', 1006, 1, '新增 Turn On資料 TDZCUN01_S.G._Turn on 檢查表_(NG)', '192.168.5.32', 1),
(534, 1513557580, 1, '機台資料管理', 1006, 1, '新增 Turn On資料 TDZCUN01_S.G._Turn on檢查表(1)', '192.168.5.32', 1),
(535, 1513557590, 1, '機台資料管理', 1006, 1, '新增 Turn On資料 TDZCUN01_S.G._Turn on檢查表_(NG)', '192.168.5.32', 1),
(536, 1513557600, 1, '機台資料管理', 1006, 1, '新增 Turn On資料 TDZCUN01_S.G._接點照', '192.168.5.32', 1),
(537, 1513557610, 1, '機台資料管理', 1006, 1, '新增 Turn On資料 TDZCUN01_S.G._接點照_(NG)', '192.168.5.32', 1),
(538, 1513557620, 1, '機台資料管理', 1006, 1, '新增 Turn On資料 TDZCUN01_Water_接點照', '192.168.5.32', 1),
(539, 1513557643, 1, '機台資料管理', 1006, 1, '新增 機台 TDZPLT01', '192.168.5.32', 1),
(540, 1513557665, 1, '機台資料管理', 1006, 1, '新增 Layout資料 FAB6-C_Celling_TDZPLT01_L', '192.168.5.32', 1),
(541, 1513557675, 1, '機台資料管理', 1006, 1, '新增 Layout資料 FAB6-C_FAB-1F_TDZPLT01_L', '192.168.5.32', 1),
(542, 1513557683, 1, '機台資料管理', 1006, 1, '新增 Layout資料 FAB6-C_RAISED FLOOR_TDZPLT01_l', '192.168.5.32', 1),
(543, 1513557696, 1, '機台資料管理', 1006, 1, '新增 P&ID資料 TDZPLT01_P', '192.168.5.32', 1),
(544, 1513557709, 1, '機台資料管理', 1006, 1, '新增 QC資料 TDZPLT01 Detector 校正報告', '192.168.5.32', 1),
(545, 1513557719, 1, '機台資料管理', 1006, 1, '新增 QC資料 TDZPLT01 Detector 測試報告', '192.168.5.32', 1),
(546, 1513557735, 1, '機台資料管理', 1006, 1, '新增 QC資料 TDZPLT01_B.G._QC Report', '192.168.5.32', 1),
(547, 1513557746, 1, '機台資料管理', 1006, 1, '新增 QC資料 TDZPLT01_B.G._QC Report_BA', '192.168.5.32', 1),
(548, 1513557749, 0, '後臺登入', 1, 4, '登入帳號: admin, IP: 59.120.236.138', '59.120.236.138', 1),
(549, 1513557755, 1, '機台資料管理', 1006, 1, '新增 QC資料 TDZPLT01_Chemical_QC Report', '192.168.5.32', 1),
(550, 1513557765, 1, '機台資料管理', 1006, 1, '新增 QC資料 TDZPLT01_Chemical_QC Report_重拉4分', '192.168.5.32', 1),
(551, 1513557778, 1, '機台資料管理', 1006, 1, '新增 QC資料 TDZPLT01_Drain_保壓測試', '192.168.5.32', 1),
(552, 1513557787, 1, '機台資料管理', 1006, 1, '新增 QC資料 TDZPLT01_Drain_排水測試', '192.168.5.32', 1),
(553, 1513557796, 1, '機台資料管理', 1006, 1, '新增 QC資料 TDZPLT01_S.G._QC Report_P Gas', '192.168.5.32', 1),
(554, 1513557809, 1, '機台資料管理', 1006, 1, '新增 Turn On資料 TDZPLT01_B.G.__接點照', '192.168.5.32', 1),
(555, 1513557820, 1, '機台資料管理', 1006, 1, '新增 Turn On資料 TDZPLT01_B.G.__接點照_(BA)', '192.168.5.32', 1),
(556, 1513557829, 1, '機台資料管理', 1006, 1, '新增 Turn On資料 TDZPLT01_B.G._Turn on 檢查表', '192.168.5.32', 1),
(557, 1513557839, 1, '機台資料管理', 1006, 1, '新增 Turn On資料 TDZPLT01_B.G._Turn on 檢查表_BA', '192.168.5.32', 1),
(558, 1513557847, 1, '機台資料管理', 1006, 1, '新增 Turn On資料 TDZPLT01_Chemical_Turn on檢查表 (2)', '192.168.5.32', 1),
(559, 1513557857, 1, '機台資料管理', 1006, 1, '新增 Turn On資料 TDZPLT01_Chemical_Turn on檢查表(1)', '192.168.5.32', 1),
(560, 1513557867, 1, '機台資料管理', 1006, 1, '新增 Turn On資料 TDZPLT01_Chemical_Turn on檢查表_重拉4', '192.168.5.32', 1),
(561, 1513557876, 1, '機台資料管理', 1006, 1, '新增 Turn On資料 TDZPLT01_Chemical_接點照', '192.168.5.32', 1),
(562, 1513557885, 1, '機台資料管理', 1006, 1, '新增 Turn On資料 TDZPLT01_Drain_Turn on 檢查表', '192.168.5.32', 1),
(563, 1513557887, 0, '後臺登入', 1, 4, '登入帳號: admin, IP: 59.120.236.138', '59.120.236.138', 1),
(564, 1513557904, 1, '機台資料管理', 1006, 1, '新增 Turn On資料 TDZPLT01_Drain_接點照', '192.168.5.32', 1),
(565, 1513557940, 1, '機台資料管理', 1006, 1, '新增 Turn On資料 TDZPLT01_EXH_Turn on 檢查表', '192.168.5.32', 1),
(566, 1513557951, 1, '機台資料管理', 1006, 1, '新增 Turn On資料 TDZPLT01_EXH_接點照', '192.168.5.32', 1),
(567, 1513557960, 1, '機台資料管理', 1006, 1, '新增 Turn On資料 TDZPLT01_Power_Turn on 檢查表', '192.168.5.32', 1),
(568, 1513557968, 1, '機台資料管理', 1006, 1, '新增 Turn On資料 TDZPLT01_Power_接點照(1)', '192.168.5.32', 1),
(569, 1513557979, 1, '機台資料管理', 1006, 1, '新增 Turn On資料 TDZPLT01_Power_接點照(2)', '192.168.5.32', 1),
(570, 1513557988, 1, '機台資料管理', 1006, 1, '新增 Turn On資料 TDZPLT01_PV__接點照', '192.168.5.32', 1),
(571, 1513558000, 1, '機台資料管理', 1006, 1, '新增 Turn On資料 TDZPLT01_PV_Turn on 檢查表', '192.168.5.32', 1),
(572, 1513558003, 0, '後臺登入', 1, 4, '登入帳號: admin, IP: 59.120.236.138', '59.120.236.138', 1),
(573, 1513558012, 1, '機台資料管理', 1006, 1, '新增 Turn On資料 TDZPLT01_S.G._Turn on 檢查表', '192.168.5.32', 1),
(574, 1513558022, 1, '機台資料管理', 1006, 1, '新增 Turn On資料 TDZPLT01_S.G._Turn on 檢查表_P Gas', '192.168.5.32', 1),
(575, 1513558033, 1, '機台資料管理', 1006, 1, '新增 Turn On資料 TDZPLT01_S.G._接點照', '192.168.5.32', 1),
(576, 1513558035, 0, '後臺登入', 1, 4, '登入帳號: admin, IP: 59.120.236.138', '59.120.236.138', 1),
(577, 1513558043, 1, '機台資料管理', 1006, 1, '新增 Turn On資料 TDZPLT01_Water_接點照 -改管', '192.168.5.32', 1),
(578, 1513558052, 0, '後臺登入', 1, 4, '登入帳號: admin, IP: 59.120.236.138', '59.120.236.138', 1),
(579, 1513558054, 1, '機台資料管理', 1006, 1, '新增 Turn On資料 TDZPLT01_Water_接點照', '192.168.5.32', 1),
(580, 1513558061, 0, '後臺登入', 1, 4, '登入帳號: admin, IP: 59.120.74.67', '59.120.74.67', 1),
(581, 1513558064, 1, '機台資料管理', 1006, 1, '新增 Turn On資料 TDZPLT01_改管測試報_接點照', '192.168.5.32', 1),
(582, 1513558092, 1, '機台資料管理', 1006, 1, '新增 機台 TDZRSM01', '192.168.5.32', 1),
(583, 1513558118, 1, '機台資料管理', 1006, 1, '新增 Layout資料 FAB6-C_RAISED FLOOR_TDZRSM01_L', '192.168.5.32', 1),
(584, 1513558130, 1, '機台資料管理', 1006, 1, '新增 P&ID資料 TDZRSM01_P', '192.168.5.32', 1),
(585, 1513558142, 1, '機台資料管理', 1006, 1, '新增 QC資料 TDZRSM01_B.G._QC Report', '192.168.5.32', 1),
(586, 1513558151, 1, '機台資料管理', 1006, 1, '新增 QC資料 TDZRSM01_S.G._QC Report_P Gas', '192.168.5.32', 1),
(587, 1513558163, 1, '機台資料管理', 1006, 1, '新增 Turn On資料 TDZRSM01_B.G._Turn on 檢查表', '192.168.5.32', 1),
(588, 1513558172, 1, '機台資料管理', 1006, 1, '新增 Turn On資料 TDZRSM01_B.G._接點照', '192.168.5.32', 1),
(589, 1513558181, 1, '機台資料管理', 1006, 1, '新增 Turn On資料 TDZRSM01_Power_接點照(1)', '192.168.5.32', 1),
(590, 1513558200, 1, '機台資料管理', 1006, 1, '新增 Turn On資料 TDZRSM01_Power_接點照(2)', '192.168.5.32', 1),
(591, 1513558208, 0, '後臺登入', 1, 4, '登入帳號: admin, IP: 59.120.74.67', '59.120.74.67', 1),
(592, 1513558218, 1, '機台資料管理', 1006, 1, '新增 Turn On資料 TDZRSM01_PV_Turn on檢查表', '192.168.5.32', 1),
(593, 1513558220, 0, '後臺登入', 1, 4, '登入帳號: admin, IP: 59.120.74.67', '59.120.74.67', 1),
(594, 1513558231, 1, '機台資料管理', 1006, 1, '新增 Turn On資料 TDZRSM01_PV_接點照', '192.168.5.32', 1),
(595, 1513558239, 1, '機台資料管理', 1006, 1, '新增 Turn On資料 TDZRSM01_S.G._Turn on檢查表_P Gas', '192.168.5.32', 1),
(596, 1513558250, 1, '機台資料管理', 1006, 1, '新增 Turn On資料 TTDSRT01&TDZRSM01_Power_Turn on檢', '192.168.5.32', 1),
(597, 1513558258, 0, '後臺登入', 1, 4, '登入帳號: admin, IP: 125.227.66.144', '125.227.66.144', 1),
(598, 1513558269, 0, '後臺登入', 1, 4, '登入帳號: admin, IP: 59.120.74.67', '59.120.74.67', 1),
(599, 1513558275, 1, '機台資料管理', 1006, 1, '新增 機台 TDZSFS01', '192.168.5.32', 1),
(600, 1513558294, 0, '後臺登入', 1, 4, '登入帳號: admin, IP: 59.120.236.138', '59.120.236.138', 1),
(601, 1513558295, 0, '後臺登入', 1, 4, '登入帳號: admin, IP: 192.168.5.110', '192.168.5.110', 1),
(602, 1513558298, 1, '機台資料管理', 1006, 1, '新增 Layout資料 FAB6-C_FAB-RAISED FLOOR_TDZSFS01', '192.168.5.32', 1),
(603, 1513558304, 0, '後臺登入', 1, 4, '登入帳號: admin, IP: 59.120.74.67', '59.120.74.67', 1),
(604, 1513558318, 1, '機台資料管理', 1006, 1, '新增 P&ID資料 TDZSFS01_P', '192.168.5.32', 1),
(605, 1513558321, 0, '後臺登入', 1, 4, '登入帳號: admin, IP: 192.168.5.31', '192.168.5.31', 1),
(606, 1513558331, 1, '機台資料管理', 1006, 1, '新增 QC資料 TDZSFS01_B.G._QC Report', '192.168.5.32', 1),
(607, 1513558342, 1, '機台資料管理', 1006, 1, '新增 Turn On資料 TDZSFS01&LDZSCP01_Power_Turn on檢', '192.168.5.32', 1),
(608, 1513558350, 1, '機台資料管理', 1006, 1, '新增 Turn On資料 TDZSFS01_B.G._Turn on 檢查表', '192.168.5.32', 1),
(609, 1513558359, 1, '機台資料管理', 1006, 1, '新增 Turn On資料 TDZSFS01_B.G._接點照', '192.168.5.32', 1),
(610, 1513558368, 1, '機台資料管理', 1006, 1, '新增 Turn On資料 TDZSFS01_Power_接點照(1)', '192.168.5.32', 1),
(611, 1513558377, 1, '機台資料管理', 1006, 1, '新增 Turn On資料 TDZSFS01_Power_接點照(2)', '192.168.5.32', 1),
(612, 1513558385, 1, '機台資料管理', 1006, 1, '新增 Turn On資料 TDZSFS01_PV._Turn on檢查表', '192.168.5.32', 1),
(613, 1513558394, 1, '機台資料管理', 1006, 1, '新增 Turn On資料 TDZSFS01_PV_接點照', '192.168.5.32', 1),
(614, 1513558419, 1, '機台資料管理', 1006, 1, '新增 機台 TDZSRT01', '192.168.5.32', 1),
(615, 1513558441, 1, '機台資料管理', 1006, 1, '新增 Layout資料 FAB6-C_RAISED FLOOR_TDZSRT01_L', '192.168.5.32', 1),
(616, 1513558453, 1, '機台資料管理', 1006, 1, '新增 P&ID資料 TDZSRT01_P', '192.168.5.32', 1),
(617, 1513558476, 1, '機台資料管理', 1006, 1, '新增 Turn On資料 TDZSRT01_Power_接點照(1)', '192.168.5.32', 1),
(618, 1513558485, 1, '機台資料管理', 1006, 1, '新增 Turn On資料 TDZSRT01_Power_接點照(2)', '192.168.5.32', 1),
(619, 1513558493, 1, '機台資料管理', 1006, 1, '新增 Turn On資料 TTDSRT01&TDZRSM01_Turn on檢查表', '192.168.5.32', 1),
(620, 1513558515, 1, '機台資料管理', 1006, 1, '新增 機台 WDCUBS01', '192.168.5.32', 1),
(621, 1513558533, 1, '機台資料管理', 1006, 1, '新增 P&ID資料 FAB6-C_Ceiling_WDCUBS01_L', '192.168.5.32', 1),
(622, 1513558542, 1, '機台資料管理', 1006, 1, '新增 P&ID資料 FAB6-C_FAB-1F_WDCUBS01_L', '192.168.5.32', 1),
(623, 1513558556, 1, '機台資料管理', 1006, 1, '新增 Layout資料 FAB6-C_Ceiling_WDCUBS01_L', '192.168.5.32', 1),
(624, 1513558565, 1, '機台資料管理', 1006, 1, '新增 Layout資料 FAB6-C_FAB-1F_WDCUBS01_L', '192.168.5.32', 1),
(625, 1513558573, 1, '機台資料管理', 1006, 1, '新增 Layout資料 FAB6-C_RAISED FLOOR_WDCUBS01_L', '192.168.5.32', 1),
(626, 1513558585, 1, '機台資料管理', 1006, 1, '新增 P&ID資料 WDCUBS01_P', '192.168.5.32', 1),
(627, 1513558600, 1, '機台資料管理', 1006, 1, '新增 QC資料 WDCUBS01_B.G._QC Report', '192.168.5.32', 1),
(628, 1513558609, 1, '機台資料管理', 1006, 1, '新增 QC資料 WDCUBS01_Chemical_QC Report', '192.168.5.32', 1),
(629, 1513558617, 1, '機台資料管理', 1006, 1, '新增 QC資料 WDCUBS01_Drain_保壓測試', '192.168.5.32', 1),
(630, 1513558626, 1, '機台資料管理', 1006, 1, '新增 QC資料 WDCUBS01_Drain_排水測試', '192.168.5.32', 1),
(631, 1513558637, 1, '機台資料管理', 1006, 1, '新增 QC資料 WDCUBS01_S.G._QC Report_P GAS', '192.168.5.32', 1),
(632, 1513558650, 1, '機台資料管理', 1006, 1, '新增 Turn On資料 EDZOXB01&WDCUBS01_Turn on檢查表', '192.168.5.32', 1),
(633, 1513558658, 1, '機台資料管理', 1006, 1, '新增 Turn On資料 WDCUBS01_B.G._Turn on 檢查表', '192.168.5.32', 1),
(634, 1513558659, 0, '後臺登入', 1, 4, '登入帳號: admin, IP: 59.120.236.138', '59.120.236.138', 1),
(635, 1513558666, 1, '機台資料管理', 1006, 1, '新增 Turn On資料 WDCUBS01_B.G._接點照', '192.168.5.32', 1),
(636, 1513558676, 1, '機台資料管理', 1006, 1, '新增 Turn On資料 WDCUBS01_Chemical_Turn on 檢查表', '192.168.5.32', 1),
(637, 1513558684, 1, '機台資料管理', 1006, 1, '新增 Turn On資料 WDCUBS01_Chemical_Turn on檢查表', '192.168.5.32', 1),
(638, 1513558696, 1, '機台資料管理', 1006, 1, '新增 Turn On資料 WDCUBS01_Chemical_接點照', '192.168.5.32', 1),
(639, 1513558705, 1, '機台資料管理', 1006, 1, '新增 Turn On資料 WDCUBS01_Drain_Turn on 檢查表', '192.168.5.32', 1),
(640, 1513558715, 1, '機台資料管理', 1006, 1, '新增 Turn On資料 WDCUBS01_Drain_接點照', '192.168.5.32', 1),
(641, 1513558726, 1, '機台資料管理', 1006, 1, '新增 Turn On資料 WDCUBS01_EXH_Turn on 檢查表', '192.168.5.32', 1),
(642, 1513558736, 1, '機台資料管理', 1006, 1, '新增 Turn On資料 WDCUBS01_EXH_接點照', '192.168.5.32', 1),
(643, 1513558750, 1, '機台資料管理', 1006, 1, '新增 Turn On資料 WDCUBS01_P.G._接點照', '192.168.5.32', 1),
(644, 1513558761, 0, '後臺登入', 1, 4, '登入帳號: admin, IP: 59.120.74.67', '59.120.74.67', 1),
(645, 1513558762, 1, '機台資料管理', 1006, 1, '新增 Turn On資料 WDCUBS01_PV_Turn on檢查表', '192.168.5.32', 1),
(646, 1513558771, 1, '機台資料管理', 1006, 1, '新增 Turn On資料 WDCUBS01_PV_接點照', '192.168.5.32', 1),
(647, 1513558781, 1, '機台資料管理', 1006, 1, '新增 Turn On資料 WDCUBS01_S.G._Turn on 檢查表_P GAS', '192.168.5.32', 1),
(648, 1513558791, 1, '機台資料管理', 1006, 1, '新增 Turn On資料 WDCUBS01_Water_接點照(1)', '192.168.5.32', 1),
(649, 1513558801, 1, '機台資料管理', 1006, 1, '新增 Turn On資料 WDCUBS01_Water_接點照(2)', '192.168.5.32', 1),
(650, 1513558811, 1, '機台資料管理', 1006, 1, '新增 Turn On資料 WDCUBS01_Water_接點照', '192.168.5.32', 1),
(651, 1513558832, 1, '機台資料管理', 1006, 1, '新增 機台 WDCUCN01', '192.168.5.32', 1),
(652, 1513558862, 1, '機台資料管理', 1006, 1, '新增 P&ID資料 FAB6-C_1F  FLOOR_WDCUCN01_L', '192.168.5.32', 1),
(653, 1513558870, 1, '機台資料管理', 1006, 1, '新增 P&ID資料 FAB6-C_Ceiling_WDCUCN01_L', '192.168.5.32', 1),
(654, 1513558879, 1, '機台資料管理', 1006, 1, '新增 P&ID資料 FAB6-C_RAISED FLOOR_WDCUCN01_L', '192.168.5.32', 1),
(655, 1513558891, 1, '機台資料管理', 1006, 1, '新增 Layout資料 FAB6-C_1F  FLOOR_WDCUCN01_L', '192.168.5.32', 1),
(656, 1513558899, 1, '機台資料管理', 1006, 1, '新增 Layout資料 FAB6-C_Ceiling_WDCUCN01_L', '192.168.5.32', 1),
(657, 1513558910, 1, '機台資料管理', 1006, 1, '新增 Layout資料 FAB6-C_RAISED FLOOR_WDCUCN01_L', '192.168.5.32', 1),
(658, 1513558923, 1, '機台資料管理', 1006, 1, '新增 P&ID資料 WDCUCN01_P', '192.168.5.32', 1),
(659, 1513558942, 1, '機台資料管理', 1006, 1, '新增 QC資料 WDCUCN01_Drain_保壓測試', '192.168.5.32', 1),
(660, 1513558952, 1, '機台資料管理', 1006, 1, '新增 QC資料 WDCUCN01_Drain_排水測試', '192.168.5.32', 1),
(661, 1513558961, 1, '機台資料管理', 1006, 1, '新增 QC資料 WDCUCN01_S.G._QC Report_P Gas', '192.168.5.32', 1),
(662, 1513558973, 1, '機台資料管理', 1006, 1, '新增 Turn On資料 WDCUCN01_Drain_Turn on檢查表', '192.168.5.32', 1),
(663, 1513558980, 0, '後臺登入', 1, 4, '登入帳號: admin, IP: 59.120.236.138', '59.120.236.138', 1),
(664, 1513558982, 1, '機台資料管理', 1006, 1, '新增 Turn On資料 WDCUCN01_Drain_接點照', '192.168.5.32', 1),
(665, 1513558991, 1, '機台資料管理', 1006, 1, '新增 Turn On資料 WDCUCN01_EXH_Turn on檢查表', '192.168.5.32', 1),
(666, 1513559000, 1, '機台資料管理', 1006, 1, '新增 Turn On資料 WDCUCN01_EXH_接點照', '192.168.5.32', 1),
(667, 1513559012, 1, '機台資料管理', 1006, 1, '新增 Turn On資料 WDCUCN01_P.G._接點照', '192.168.5.32', 1),
(668, 1513559021, 1, '機台資料管理', 1006, 1, '新增 Turn On資料 WDCUCN01_Poser_接點照(2)', '192.168.5.32', 1),
(669, 1513559031, 1, '機台資料管理', 1006, 1, '新增 Turn On資料 WDCUCN01_Power_接點照(1)', '192.168.5.32', 1),
(670, 1513559033, 0, '後臺登入', 1, 4, '登入帳號: admin, IP: 59.120.236.138', '59.120.236.138', 1),
(671, 1513559039, 1, '機台資料管理', 1006, 1, '新增 Turn On資料 WDCUCN01_S.G._Turn on檢查表_P Gas', '192.168.5.32', 1),
(672, 1513559051, 1, '機台資料管理', 1006, 1, '新增 Turn On資料 WDCUCN01_Turn on檢查表', '192.168.5.32', 1),
(673, 1513559059, 1, '機台資料管理', 1006, 1, '新增 Turn On資料 WDCUCN01_Water_接點照', '192.168.5.32', 1),
(674, 1513559076, 0, '後臺登入', 1, 4, '登入帳號: admin, IP: 59.120.236.138', '59.120.236.138', 1),
(675, 1513559080, 1, '機台資料管理', 1006, 1, '新增 機台 WDCUFC01', '192.168.5.32', 1),
(676, 1513559088, 0, '後臺登入', 1, 4, '登入帳號: admin, IP: 59.120.236.138', '59.120.236.138', 1),
(677, 1513559098, 0, '後臺登入', 1, 4, '登入帳號: admin, IP: 59.120.74.67', '59.120.74.67', 1),
(678, 1513559103, 1, '機台資料管理', 1006, 1, '新增 Layout資料 FAB6-C_Ceiling_WDCUFC01_L', '192.168.5.32', 1),
(679, 1513559108, 0, '後臺登入', 1, 4, '登入帳號: admin, IP: 59.120.74.67', '59.120.74.67', 1),
(680, 1513559112, 1, '機台資料管理', 1006, 1, '新增 Layout資料 FAB6-C_FAB-1F_WDCUFC01_L', '192.168.5.32', 1),
(681, 1513559122, 1, '機台資料管理', 1006, 1, '新增 Layout資料 FAB6-C_RAISED FLOOR_WDCUFC01_L', '192.168.5.32', 1),
(682, 1513559133, 1, '機台資料管理', 1006, 1, '新增 P&ID資料 WDCUFC01_P', '192.168.5.32', 1),
(683, 1513559147, 1, '機台資料管理', 1006, 1, '新增 QC資料 WDCUFC01_B.G._QC Report', '192.168.5.32', 1),
(684, 1513559156, 1, '機台資料管理', 1006, 1, '新增 QC資料 WDCUFC01_Drain_保壓測試', '192.168.5.32', 1),
(685, 1513559164, 1, '機台資料管理', 1006, 1, '新增 QC資料 WDCUFC01_Drain_排水測試', '192.168.5.32', 1),
(686, 1513559172, 1, '機台資料管理', 1006, 1, '新增 QC資料 WDCUFC01_S.G._QC Report_P Gas', '192.168.5.32', 1),
(687, 1513559184, 0, '後臺登入', 1, 4, '登入帳號: admin, IP: 59.120.74.67', '59.120.74.67', 1),
(688, 1513559185, 1, '機台資料管理', 1006, 1, '新增 Turn On資料 WDCUFC01_ Power_Turn on檢查表', '192.168.5.32', 1),
(689, 1513559193, 1, '機台資料管理', 1006, 1, '新增 Turn On資料 WDCUFC01_B.G._Turn on檢查表', '192.168.5.32', 1),
(690, 1513559202, 1, '機台資料管理', 1006, 1, '新增 Turn On資料 WDCUFC01_B.G._接點照', '192.168.5.32', 1),
(691, 1513559210, 1, '機台資料管理', 1006, 1, '新增 Turn On資料 WDCUFC01_Drain_Turn on檢查表', '192.168.5.32', 1),
(692, 1513559219, 1, '機台資料管理', 1006, 1, '新增 Turn On資料 WDCUFC01_Drain_接點照', '192.168.5.32', 1),
(693, 1513559228, 1, '機台資料管理', 1006, 1, '新增 Turn On資料 WDCUFC01_EXH_Turn on檢查表', '192.168.5.32', 1),
(694, 1513559238, 1, '機台資料管理', 1006, 1, '新增 Turn On資料 WDCUFC01_EXH_接點照', '192.168.5.32', 1),
(695, 1513559247, 1, '機台資料管理', 1006, 1, '新增 Turn On資料 WDCUFC01_P.G._接點照', '192.168.5.32', 1),
(696, 1513559256, 1, '機台資料管理', 1006, 1, '新增 Turn On資料 WDCUFC01_Power_接點照(1)', '192.168.5.32', 1),
(697, 1513559262, 0, '後臺登入', 1, 4, '登入帳號: admin, IP: 59.120.74.67', '59.120.74.67', 1),
(698, 1513559264, 1, '機台資料管理', 1006, 1, '新增 Turn On資料 WDCUFC01_Power_接點照(2)', '192.168.5.32', 1),
(699, 1513559273, 1, '機台資料管理', 1006, 1, '新增 Turn On資料 WDCUFC01_PV_Turn on檢查表', '192.168.5.32', 1),
(700, 1513559274, 0, '後臺登入', 1, 4, '登入帳號: admin, IP: 59.120.74.67', '59.120.74.67', 1),
(701, 1513559283, 1, '機台資料管理', 1006, 1, '新增 Turn On資料 WDCUFC01_PV_接點照', '192.168.5.32', 1),
(702, 1513559293, 1, '機台資料管理', 1006, 1, '新增 Turn On資料 WDCUFC01_S.G._Turn on 檢查表_P Gas', '192.168.5.32', 1),
(703, 1513559302, 1, '機台資料管理', 1006, 1, '新增 Turn On資料 WDCUFC01_Water_接點照', '192.168.5.32', 1),
(704, 1513559340, 1, '機台資料管理', 1006, 1, '新增 機台 WDCUSR01', '192.168.5.32', 1),
(705, 1513559364, 1, '機台資料管理', 1006, 1, '新增 Layout資料 FAB6-C_Ceiling_1F_WDCUSR01_L', '192.168.5.32', 1),
(706, 1513559372, 1, '機台資料管理', 1006, 1, '新增 Layout資料 FAB6-C_FAB-1F_WDCUSR01_L', '192.168.5.32', 1),
(707, 1513559383, 1, '機台資料管理', 1006, 1, '新增 Layout資料 FAB6-C_FAB-RAISED FLOOR_WDCUSR01', '192.168.5.32', 1),
(708, 1513559395, 1, '機台資料管理', 1006, 1, '新增 P&ID資料 WDCUSR01_01_P', '192.168.5.32', 1),
(709, 1513559407, 1, '機台資料管理', 1006, 1, '新增 QC資料 WDCUSR01_B.G._QC Report', '192.168.5.32', 1),
(710, 1513559415, 1, '機台資料管理', 1006, 1, '新增 QC資料 WDCUSR01_Chemical_QC Report', '192.168.5.32', 1),
(711, 1513559424, 1, '機台資料管理', 1006, 1, '新增 QC資料 WDCUSR01_Drain_保壓測試', '192.168.5.32', 1),
(712, 1513559433, 1, '機台資料管理', 1006, 1, '新增 QC資料 WDCUSR01_Drain_排水測試', '192.168.5.32', 1),
(713, 1513559441, 1, '機台資料管理', 1006, 1, '新增 QC資料 WDCUSR01_S.G._QC Report_P級氣與CO2', '192.168.5.32', 1),
(714, 1513559452, 1, '機台資料管理', 1006, 1, '新增 Turn On資料 WDCUSR01_B.G._Turn on檢查表', '192.168.5.32', 1),
(715, 1513559462, 1, '機台資料管理', 1006, 1, '新增 Turn On資料 WDCUSR01_B.G._接點照', '192.168.5.32', 1),
(716, 1513559472, 1, '機台資料管理', 1006, 1, '新增 Turn On資料 WDCUSR01_Chemical_Turn on檢查表(1)', '192.168.5.32', 1),
(717, 1513559479, 0, '後臺登入', 1, 4, '登入帳號: admin, IP: 59.120.236.138', '59.120.236.138', 1),
(718, 1513559481, 1, '機台資料管理', 1006, 1, '新增 Turn On資料 WDCUSR01_Chemical_Turn on檢查表(2)', '192.168.5.32', 1),
(719, 1513559490, 1, '機台資料管理', 1006, 1, '新增 Turn On資料 WDCUSR01_Chemical_接點照', '192.168.5.32', 1),
(720, 1513559500, 1, '機台資料管理', 1006, 1, '新增 Turn On資料 WDCUSR01_Drain_Turn on檢查表', '192.168.5.32', 1),
(721, 1513559513, 1, '機台資料管理', 1006, 1, '新增 Turn On資料 WDCUSR01_Drain_接點照', '192.168.5.32', 1),
(722, 1513559522, 1, '機台資料管理', 1006, 1, '新增 Turn On資料 WDCUSR01_EXH_Turn on檢查表', '192.168.5.32', 1),
(723, 1513559537, 1, '機台資料管理', 1006, 1, '新增 Turn On資料 WDCUSR01_P.G._接點照', '192.168.5.32', 1),
(724, 1513559610, 1, '機台資料管理', 1006, 1, '新增 Turn On資料 WDCUSR01_P.G._接點照', '192.168.5.32', 1),
(725, 1513559622, 1, '機台資料管理', 1006, 2, '修改  Turn On資料 流水號：319', '192.168.5.32', 1),
(726, 1513559631, 1, '機台資料管理', 1006, 1, '新增 Turn On資料 WDCUSR01_Power_接點照(2)', '192.168.5.32', 1),
(727, 1513559640, 1, '機台資料管理', 1006, 1, '新增 Turn On資料 WDCUSR01_PV_Turn on檢查表', '192.168.5.32', 1),
(728, 1513559649, 1, '機台資料管理', 1006, 1, '新增 Turn On資料 WDCUSR01_PV_接點照', '192.168.5.32', 1),
(729, 1513559659, 1, '機台資料管理', 1006, 1, '新增 Turn On資料 WDCUSR01_S.G._Turn on檢查表_P級氣與CO2', '192.168.5.32', 1),
(730, 1513559669, 1, '機台資料管理', 1006, 1, '新增 Turn On資料 WDCUSR01_S.G._接點照', '192.168.5.32', 1),
(731, 1513559679, 1, '機台資料管理', 1006, 1, '新增 Turn On資料 WDCUSR01_Turn on檢查表', '192.168.5.32', 1),
(732, 1513559691, 1, '機台資料管理', 1006, 1, '新增 Turn On資料 WDCUSR01_Water_接點照', '192.168.5.32', 1),
(733, 1513559704, 0, '後臺登入', 1, 4, '登入帳號: admin, IP: 59.120.74.67', '59.120.74.67', 1),
(734, 1513559722, 1, '機台資料管理', 1006, 1, '新增 機台 WDCUVI01', '192.168.5.32', 1),
(735, 1513559740, 1, '機台資料管理', 1006, 1, '新增 P&ID資料 WDCUVI01_P', '192.168.5.32', 1),
(736, 1513559751, 1, '機台資料管理', 1006, 1, '新增 Layout資料 FAB6-C_Ceiling_WDCUVI01_L', '192.168.5.32', 1),
(737, 1513559760, 1, '機台資料管理', 1006, 1, '新增 Layout資料 FAB6-C_FAB-1F_WDCUVI01_L', '192.168.5.32', 1),
(738, 1513559767, 1, '機台資料管理', 1006, 1, '新增 Layout資料 FAB6-C-RAISED FLOOR_WDCUVI01_L', '192.168.5.32', 1),
(739, 1513559779, 1, '機台資料管理', 1006, 1, '新增 QC資料 WDCUVI01_B.G._QC Report', '192.168.5.32', 1),
(740, 1513559788, 1, '機台資料管理', 1006, 1, '新增 QC資料 WDCUVI01_Chemical_QC Report(1)', '192.168.5.32', 1),
(741, 1513559796, 1, '機台資料管理', 1006, 1, '新增 QC資料 WDCUVI01_Chemical_QC Report(2)', '192.168.5.32', 1),
(742, 1513559804, 1, '機台資料管理', 1006, 1, '新增 QC資料 WDCUVI01_Drain_保壓測試', '192.168.5.32', 1),
(743, 1513559812, 1, '機台資料管理', 1006, 1, '新增 QC資料 WDCUVI01_Drain_排水測試', '192.168.5.32', 1),
(744, 1513559821, 1, '機台資料管理', 1006, 1, '新增 QC資料 WDCUVI01_S.G._QC Report_P Gas', '192.168.5.32', 1),
(745, 1513559835, 1, '機台資料管理', 1006, 1, '新增 Turn On資料 WDCUVI01&CDCUCU01_Power_Turn on檢', '192.168.5.32', 1),
(746, 1513559842, 0, '後臺登入', 1, 4, '登入帳號: admin, IP: 59.120.236.138', '59.120.236.138', 1),
(747, 1513559845, 1, '機台資料管理', 1006, 2, '修改  Turn On資料 流水號：327', '192.168.5.32', 1),
(748, 1513559850, 0, '後臺登入', 1, 4, '登入帳號: admin, IP: 59.120.236.138', '59.120.236.138', 1),
(749, 1513559855, 1, '機台資料管理', 1006, 1, '新增 Turn On資料 WDCUVI01_B.G.__接點照', '192.168.5.32', 1),
(750, 1513559864, 1, '機台資料管理', 1006, 1, '新增 Turn On資料 WDCUVI01_B.G._Turn on檢查表', '192.168.5.32', 1),
(751, 1513559874, 1, '機台資料管理', 1006, 1, '新增 Turn On資料 WDCUVI01_Chemical__接點照(1)', '192.168.5.32', 1),
(752, 1513559882, 1, '機台資料管理', 1006, 1, '新增 Turn On資料 WDCUVI01_Chemical__接點照(2)', '192.168.5.32', 1),
(753, 1513559891, 1, '機台資料管理', 1006, 1, '新增 Turn On資料 WDCUVI01_Chemical_Turn on檢查表(1)', '192.168.5.32', 1),
(754, 1513559900, 1, '機台資料管理', 1006, 1, '新增 Turn On資料 WDCUVI01_Chemical_Turn on檢查表(2)', '192.168.5.32', 1),
(755, 1513559909, 1, '機台資料管理', 1006, 1, '新增 Turn On資料 WDCUVI01_Chemical_Turn on檢查表(3)', '192.168.5.32', 1),
(756, 1513559919, 1, '機台資料管理', 1006, 1, '新增 Turn On資料 WDCUVI01_Drain_Turn on檢查表', '192.168.5.32', 1),
(757, 1513559929, 1, '機台資料管理', 1006, 1, '新增 Turn On資料 WDCUVI01_Drain_接點照', '192.168.5.32', 1),
(758, 1513559942, 1, '機台資料管理', 1006, 1, '新增 Turn On資料 WDCUVI01_EXH_Turn on檢查表', '192.168.5.32', 1),
(759, 1513559954, 1, '機台資料管理', 1006, 1, '新增 Turn On資料 WDCUVI01_EXH_接點照', '192.168.5.32', 1),
(760, 1513559965, 1, '機台資料管理', 1006, 1, '新增 Turn On資料 WDCUVI01_P.G.__接點照', '192.168.5.32', 1),
(761, 1513559976, 1, '機台資料管理', 1006, 1, '新增 Turn On資料 WDCUVI01_Power__接點照(1)', '192.168.5.32', 1),
(762, 1513559984, 1, '機台資料管理', 1006, 1, '新增 Turn On資料 WDCUVI01_Power__接點照(2)', '192.168.5.32', 1),
(763, 1513559994, 0, '後臺登入', 1, 4, '登入帳號: admin, IP: 59.120.236.138', '59.120.236.138', 1),
(764, 1513559995, 1, '機台資料管理', 1006, 1, '新增 Turn On資料 WDCUVI01_PV_Turn on檢查表', '192.168.5.32', 1),
(765, 1513560005, 0, '後臺登入', 1, 4, '登入帳號: admin, IP: 59.120.74.67', '59.120.74.67', 1),
(766, 1513560005, 1, '機台資料管理', 1006, 1, '新增 Turn On資料 WDCUVI01_PV_接點照', '192.168.5.32', 1),
(767, 1513560015, 1, '機台資料管理', 1006, 1, '新增 Turn On資料 WDCUVI01_S.G._Turn on 檢查表_P Gas', '192.168.5.32', 1),
(768, 1513560016, 0, '後臺登入', 1, 4, '登入帳號: admin, IP: 59.120.74.67', '59.120.74.67', 1),
(769, 1513560025, 1, '機台資料管理', 1006, 1, '新增 Turn On資料 WDCUVI01_Water__接點照', '192.168.5.32', 1),
(770, 1513560030, 0, '後臺登入', 1, 4, '登入帳號: admin, IP: 59.120.236.138', '59.120.236.138', 1),
(771, 1513560043, 0, '後臺登入', 1, 4, '登入帳號: admin, IP: 59.120.74.67', '59.120.74.67', 1),
(772, 1513560091, 0, '後臺登入', 1, 4, '登入帳號: admin, IP: 59.120.236.138', '59.120.236.138', 1),
(773, 1513560099, 0, '後臺登入', 1, 4, '登入帳號: admin, IP: 59.120.236.138', '59.120.236.138', 1),
(774, 1513560552, 0, '後臺登入', 1, 4, '登入帳號: admin, IP: 192.168.21.101', '192.168.21.101', 1),
(775, 1513562820, 0, '後臺登入', 1, 4, '登入帳號: admin, IP: 192.168.5.28', '192.168.5.28', 1),
(776, 1513563246, 0, '後臺登入', 1, 4, '登入帳號: admin, IP: 192.168.5.28', '192.168.5.28', 1),
(777, 1513563476, 0, '後臺登入', 1006, 4, '登入帳號: wt_test, IP: 192.168.5.32', '192.168.5.32', 1),
(778, 1513564011, 0, '後臺登入', 1006, 4, '登入帳號: wt_test, IP: 192.168.5.32', '192.168.5.32', 1),
(779, 1513564246, 0, '後臺登入', 1, 4, '登入帳號: admin, IP: 192.168.5.32', '192.168.5.32', 1),
(780, 1513564264, 1, '機台資料管理', 1, 3, '刪除 P&ID資料 流水號 28 內容:<pre>Array\n(\n    [dpid_sn] => 28\n    [dpid_add_date] => 1513556798\n    [dpid_mod_date] => 1513564264\n    [dpid_status] => -1\n    [jsuser_sn] => 1006\n    [dema_sn] => 152\n    [dpid_name] => FAB6-C_FAB-1F_TDZCLN01_L\n    [dpid_type] => 3\n    [dpid_url] => 28/1.pdf\n    [dpid_update] => 1513556798\n    [dpid_version] => 1\n    [dema_add_date] => 1513556729\n    [dema_mod_date] => 1513557040\n    [dema_status] => 1\n    [dema_device_project] => Hook up\n    [dema_device_num] => TDZCLN01\n    [dema_device_name] => TDZCLN01\n    [dema_device_location] => TDZCLN01\n    [dema_system] => \n    [dema_site] => 3\n    [dema_floor] => 1\n)\n</pre>', '192.168.5.32', 1),
(781, 1513564267, 1, '機台資料管理', 1, 3, '刪除 P&ID資料 流水號 27 內容:<pre>Array\n(\n    [dpid_sn] => 27\n    [dpid_add_date] => 1513556789\n    [dpid_mod_date] => 1513564267\n    [dpid_status] => -1\n    [jsuser_sn] => 1006\n    [dema_sn] => 152\n    [dpid_name] => FAB6-C_Ceiling_TDZCLN01_L\n    [dpid_type] => 3\n    [dpid_url] => 27/1.pdf\n    [dpid_update] => 1513556789\n    [dpid_version] => 1\n    [dema_add_date] => 1513556729\n    [dema_mod_date] => 1513557040\n    [dema_status] => 1\n    [dema_device_project] => Hook up\n    [dema_device_num] => TDZCLN01\n    [dema_device_name] => TDZCLN01\n    [dema_device_location] => TDZCLN01\n    [dema_system] => \n    [dema_site] => 3\n    [dema_floor] => 1\n)\n</pre>', '192.168.5.32', 1),
(782, 1513564277, 1, '機台資料管理', 1, 3, '刪除 P&ID資料 流水號 36 內容:<pre>Array\n(\n    [dpid_sn] => 36\n    [dpid_add_date] => 1513558542\n    [dpid_mod_date] => 1513564277\n    [dpid_status] => -1\n    [jsuser_sn] => 1006\n    [dema_sn] => 158\n    [dpid_name] => FAB6-C_FAB-1F_WDCUBS01_L\n    [dpid_type] => 3\n    [dpid_url] => 36/1.pdf\n    [dpid_update] => 1513558542\n    [dpid_version] => 1\n    [dema_add_date] => 1513558515\n    [dema_mod_date] => 1513558811\n    [dema_status] => 1\n    [dema_device_project] => Hook up\n    [dema_device_num] => WDCUBS01\n    [dema_device_name] => WDCUBS01\n    [dema_device_location] => WDCUBS01\n    [dema_system] => \n    [dema_site] => 3\n    [dema_floor] => 1\n)\n</pre>', '192.168.5.32', 1),
(783, 1513564280, 1, '機台資料管理', 1, 3, '刪除 P&ID資料 流水號 35 內容:<pre>Array\n(\n    [dpid_sn] => 35\n    [dpid_add_date] => 1513558533\n    [dpid_mod_date] => 1513564280\n    [dpid_status] => -1\n    [jsuser_sn] => 1006\n    [dema_sn] => 158\n    [dpid_name] => FAB6-C_Ceiling_WDCUBS01_L\n    [dpid_type] => 3\n    [dpid_url] => 35/1.pdf\n    [dpid_update] => 1513558533\n    [dpid_version] => 1\n    [dema_add_date] => 1513558515\n    [dema_mod_date] => 1513558811\n    [dema_status] => 1\n    [dema_device_project] => Hook up\n    [dema_device_num] => WDCUBS01\n    [dema_device_name] => WDCUBS01\n    [dema_device_location] => WDCUBS01\n    [dema_system] => \n    [dema_site] => 3\n    [dema_floor] => 1\n)\n</pre>', '192.168.5.32', 1),
(784, 1513564292, 1, '機台資料管理', 1, 3, '刪除 P&ID資料 流水號 40 內容:<pre>Array\n(\n    [dpid_sn] => 40\n    [dpid_add_date] => 1513558878\n    [dpid_mod_date] => 1513564292\n    [dpid_status] => -1\n    [jsuser_sn] => 1006\n    [dema_sn] => 159\n    [dpid_name] => FAB6-C_RAISED FLOOR_WDCUCN01_L\n    [dpid_type] => 3\n    [dpid_url] => 40/1.pdf\n    [dpid_update] => 1513558878\n    [dpid_version] => 1\n    [dema_add_date] => 1513558832\n    [dema_mod_date] => 1513559059\n    [dema_status] => 1\n    [dema_device_project] => Hook up\n    [dema_device_num] => WDCUCN01\n    [dema_device_name] => WDCUCN01\n    [dema_device_location] => WDCUCN01\n    [dema_system] => \n    [dema_site] => 3\n    [dema_floor] => 1\n)\n</pre>', '192.168.5.32', 1),
(785, 1513564295, 1, '機台資料管理', 1, 3, '刪除 P&ID資料 流水號 39 內容:<pre>Array\n(\n    [dpid_sn] => 39\n    [dpid_add_date] => 1513558870\n    [dpid_mod_date] => 1513564295\n    [dpid_status] => -1\n    [jsuser_sn] => 1006\n    [dema_sn] => 159\n    [dpid_name] => FAB6-C_Ceiling_WDCUCN01_L\n    [dpid_type] => 3\n    [dpid_url] => 39/1.pdf\n    [dpid_update] => 1513558870\n    [dpid_version] => 1\n    [dema_add_date] => 1513558832\n    [dema_mod_date] => 1513559059\n    [dema_status] => 1\n    [dema_device_project] => Hook up\n    [dema_device_num] => WDCUCN01\n    [dema_device_name] => WDCUCN01\n    [dema_device_location] => WDCUCN01\n    [dema_system] => \n    [dema_site] => 3\n    [dema_floor] => 1\n)\n</pre>', '192.168.5.32', 1),
(786, 1513564298, 1, '機台資料管理', 1, 3, '刪除 P&ID資料 流水號 38 內容:<pre>Array\n(\n    [dpid_sn] => 38\n    [dpid_add_date] => 1513558862\n    [dpid_mod_date] => 1513564298\n    [dpid_status] => -1\n    [jsuser_sn] => 1006\n    [dema_sn] => 159\n    [dpid_name] => FAB6-C_1F  FLOOR_WDCUCN01_L\n    [dpid_type] => 3\n    [dpid_url] => 38/1.pdf\n    [dpid_update] => 1513558862\n    [dpid_version] => 1\n    [dema_add_date] => 1513558832\n    [dema_mod_date] => 1513559059\n    [dema_status] => 1\n    [dema_device_project] => Hook up\n    [dema_device_num] => WDCUCN01\n    [dema_device_name] => WDCUCN01\n    [dema_device_location] => WDCUCN01\n    [dema_system] => \n    [dema_site] => 3\n    [dema_floor] => 1\n)\n</pre>', '192.168.5.32', 1),
(787, 1513564316, 0, '後臺登入', 1006, 4, '登入帳號: wt_test, IP: 192.168.5.32', '192.168.5.32', 1),
(788, 1513564411, 1, '機台資料管理', 1006, 1, '新增 UM表資料 CDCUCU01', '192.168.5.32', 1),
(789, 1513564729, 1, '機台資料管理', 1006, 1, '新增 UM表資料 DDZAMT01', '192.168.5.32', 1),
(790, 1513564749, 0, '後臺登入', 1, 4, '登入帳號: admin, IP: 192.168.2.39', '192.168.2.39', 1),
(791, 1513564751, 1, '機台資料管理', 1006, 1, '新增 UM表資料 EDZOXA01', '192.168.5.32', 1),
(792, 1513564771, 1, '機台資料管理', 1006, 1, '新增 UM表資料 EDZOXB01', '192.168.5.32', 1),
(793, 1513564792, 1, '機台資料管理', 1006, 1, '新增 UM表資料 LDZSCP01', '192.168.5.32', 1),
(794, 1513564847, 1, '機台資料管理', 1006, 1, '新增 UM表資料 MDZTXK01', '192.168.5.32', 1),
(795, 1513564865, 1, '機台資料管理', 1006, 1, '新增 UM表資料 TDZBLK01', '192.168.5.32', 1),
(796, 1513564888, 1, '機台資料管理', 1006, 1, '新增 UM表資料 TDZCBS01', '192.168.5.32', 1),
(797, 1513564919, 1, '機台資料管理', 1006, 1, '新增 UM表資料 TDZCLN01', '192.168.5.32', 1),
(798, 1513564939, 1, '機台資料管理', 1006, 1, '新增 UM表資料 TDZCUN01', '192.168.5.32', 1),
(799, 1513564965, 1, '機台資料管理', 1006, 1, '新增 UM表資料 TDZPLT01', '192.168.5.32', 1),
(800, 1513565012, 1, '機台資料管理', 1006, 1, '新增 UM表資料 TDZSFS01', '192.168.5.32', 1),
(801, 1513565037, 1, '機台資料管理', 1006, 1, '新增 UM表資料 TDZSRT01', '192.168.5.32', 1),
(802, 1513565056, 1, '機台資料管理', 1006, 1, '新增 UM表資料 WDCUBS01', '192.168.5.32', 1),
(803, 1513565112, 1, '機台資料管理', 1006, 1, '新增 UM表資料 WDCUFC01', '192.168.5.32', 1),
(804, 1513565157, 1, '機台資料管理', 1006, 1, '新增 UM表資料 WDCUVI01', '192.168.5.32', 1),
(805, 1513565182, 1, '機台資料管理', 1006, 1, '新增 UM表資料 WDCUSR01', '192.168.5.32', 1),
(806, 1513565268, 1, '機台資料管理', 1006, 1, '新增 UM表資料 WDCUFC01', '192.168.5.32', 1),
(807, 1513566959, 0, '後臺登入', 1, 4, '登入帳號: admin, IP: ::1', '::1', 1),
(808, 1513566964, 0, '後臺登入', 1, 4, '登入帳號: admin, IP: 192.168.33.213', '192.168.33.213', 1),
(809, 1513571815, 0, '後臺登入', 1, 4, '登入帳號: admin, IP: 59.120.236.138', '59.120.236.138', 1),
(810, 1513571821, 0, '後臺登入', 1, 4, '登入帳號: admin, IP: 59.120.236.138', '59.120.236.138', 1),
(811, 1513571856, 0, '後臺登入', 1, 4, '登入帳號: admin, IP: 59.120.74.67', '59.120.74.67', 1),
(812, 1513571859, 0, '後臺登入', 1, 4, '登入帳號: admin, IP: 59.120.74.67', '59.120.74.67', 1),
(813, 1513571867, 0, '後臺登入', 1, 4, '登入帳號: admin, IP: 59.120.236.138', '59.120.236.138', 1),
(814, 1513571870, 0, '後臺登入', 1, 4, '登入帳號: admin, IP: 59.120.236.138', '59.120.236.138', 1),
(815, 1513571950, 0, '後臺登入', 1, 4, '登入帳號: admin, IP: 59.120.74.67', '59.120.74.67', 1),
(816, 1513571967, 0, '後臺登入', 1, 4, '登入帳號: admin, IP: 59.120.74.67', '59.120.74.67', 1),
(817, 1513571971, 0, '後臺登入', 1, 4, '登入帳號: admin, IP: 59.120.236.138', '59.120.236.138', 1),
(818, 1513575573, 0, '後臺登入', 1, 4, '登入帳號: admin, IP: 59.120.236.138', '59.120.236.138', 1),
(819, 1513575610, 0, '後臺登入', 1, 4, '登入帳號: admin, IP: 59.120.74.67', '59.120.74.67', 1),
(820, 1513575835, 0, '後臺登入', 1, 4, '登入帳號: admin, IP: 59.120.236.138', '59.120.236.138', 1),
(821, 1513575888, 0, '後臺登入', 1, 4, '登入帳號: admin, IP: 59.120.74.67', '59.120.74.67', 1),
(822, 1513576016, 0, '後臺登入', 1, 4, '登入帳號: admin, IP: 59.120.236.138', '59.120.236.138', 1),
(823, 1513576115, 0, '後臺登入', 1, 4, '登入帳號: admin, IP: 59.120.74.67', '59.120.74.67', 1),
(824, 1513576169, 0, '後臺登入', 1, 4, '登入帳號: admin, IP: 59.120.236.138', '59.120.236.138', 1),
(825, 1513576178, 0, '後臺登入', 1, 4, '登入帳號: admin, IP: 59.120.236.138', '59.120.236.138', 1),
(826, 1513576800, 0, '後臺登入', 1, 4, '登入帳號: admin, IP: 192.168.21.101', '192.168.21.101', 1),
(827, 1513580726, 0, '後臺登入', 1, 4, '登入帳號: admin, IP: 192.168.21.101', '192.168.21.101', 1),
(828, 1513587806, 0, '後臺登入', 1006, 4, '登入帳號: wt_test, IP: 192.168.5.32', '192.168.5.32', 1),
(829, 1513587871, 1, '機台資料管理', 1006, 1, '新增 其他資訊資料 CDCUCU01xlsx', '192.168.5.32', 1),
(830, 1513589695, 0, '後臺登入', 1, 4, '登入帳號: admin, IP: ::1', '::1', 1),
(831, 1513591285, 0, '後臺登入', 1009, 4, '登入帳號: admin2, IP: 192.168.21.64', '192.168.21.64', 1),
(832, 1513591374, 0, '後臺登入', 1, 4, '登入帳號: admin, IP: 192.168.21.101', '192.168.21.101', 1),
(833, 1513644145, 0, '後臺登入', 1006, 4, '登入帳號: wt_test, IP: 192.168.5.32', '192.168.5.32', 1),
(834, 1513644206, 1, '機台資料管理', 1006, 1, '新增 其他資訊資料 DDZAMT01xlsx', '192.168.5.32', 1),
(835, 1513644358, 1, '機台資料管理', 1006, 1, '新增 其他資訊資料 EDZOXA01xlsx', '192.168.5.32', 1),
(836, 1513644380, 1, '機台資料管理', 1006, 1, '新增 其他資訊資料 EDZOXB01xlsx', '192.168.5.32', 1),
(837, 1513644422, 1, '機台資料管理', 1006, 1, '新增 其他資訊資料 LDZSCP01xlsx', '192.168.5.32', 1),
(838, 1513644443, 1, '機台資料管理', 1006, 1, '新增 其他資訊資料 MDZTXK01xlsx', '192.168.5.32', 1),
(839, 1513644468, 1, '機台資料管理', 1006, 1, '新增 其他資訊資料 TDZBLK01xlsx', '192.168.5.32', 1),
(840, 1513644492, 1, '機台資料管理', 1006, 1, '新增 其他資訊資料 TDZCBS01xlsx', '192.168.5.32', 1),
(841, 1513644516, 1, '機台資料管理', 1006, 1, '新增 其他資訊資料 TDZCLN01xlsx', '192.168.5.32', 1),
(842, 1513644539, 1, '機台資料管理', 1006, 1, '新增 其他資訊資料 TDZCUN01xlsx', '192.168.5.32', 1),
(843, 1513644570, 1, '機台資料管理', 1006, 1, '新增 其他資訊資料 TDZPLT01xlsx', '192.168.5.32', 1),
(844, 1513644591, 1, '機台資料管理', 1006, 1, '新增 其他資訊資料 TDZRSM01xlsx', '192.168.5.32', 1),
(845, 1513644614, 1, '機台資料管理', 1006, 1, '新增 其他資訊資料 TDZSFS01xlsx', '192.168.5.32', 1),
(846, 1513644652, 1, '機台資料管理', 1006, 1, '新增 其他資訊資料 TDZSRT01xlsx', '192.168.5.32', 1),
(847, 1513644672, 1, '機台資料管理', 1006, 1, '新增 其他資訊資料 WDCUBS01xlsx', '192.168.5.32', 1),
(848, 1513644699, 1, '機台資料管理', 1006, 1, '新增 其他資訊資料 WDCUCN01xlsx', '192.168.5.32', 1),
(849, 1513644720, 1, '機台資料管理', 1006, 1, '新增 其他資訊資料 WDCUFC01xlsx', '192.168.5.32', 1),
(850, 1513644743, 1, '機台資料管理', 1006, 1, '新增 其他資訊資料 WDCUSR01xlsx', '192.168.5.32', 1),
(851, 1513644761, 1, '機台資料管理', 1006, 1, '新增 其他資訊資料 WDCUVI01xlsx', '192.168.5.32', 1),
(852, 1513646114, 0, '後臺登入', 1, 4, '登入帳號: admin, IP: 192.168.33.213', '192.168.33.213', 1),
(853, 1513646746, 0, '後臺登入', 1009, 4, '登入帳號: admin2, IP: 192.168.21.64', '192.168.21.64', 1),
(854, 1513651347, 0, '後臺登入', 1009, 4, '登入帳號: admin2, IP: 192.168.21.64', '192.168.21.64', 1),
(855, 1513662477, 1, '機台資料管理', 1006, 2, '修改  UM表資料 流水號：67', '192.168.5.32', 1),
(856, 1513662551, 1, '機台資料管理', 1006, 2, '修改  Turn On資料 流水號：291', '192.168.5.32', 1),
(857, 1513662593, 1, '機台資料管理', 1006, 2, '修改  Turn On資料 流水號：294', '192.168.5.32', 1),
(858, 1513663389, 0, '後臺登入', 1009, 4, '登入帳號: admin2, IP: 192.168.21.64', '192.168.21.64', 1),
(859, 1513664954, 0, '後臺登入', 1006, 4, '登入帳號: wt_test, IP: 192.168.5.32', '192.168.5.32', 1),
(860, 1513665020, 1, '機台資料管理', 1006, 2, '修改  UM表資料 流水號：70', '192.168.5.32', 1),
(861, 1513665045, 0, '後臺登入', 1006, 4, '登入帳號: wt_test, IP: 192.168.5.32', '192.168.5.32', 1),
(862, 1513734410, 0, '後臺登入', 1, 4, '登入帳號: admin, IP: 192.168.21.101', '192.168.21.101', 1),
(863, 1513738937, 0, '後臺登入', 1, 4, '登入帳號: admin, IP: 192.168.21.101', '192.168.21.101', 1),
(864, 1513746324, 0, '後臺登入', 1, 4, '登入帳號: admin, IP: 192.168.21.101', '192.168.21.101', 1),
(865, 1513856796, 0, '後臺登入', 1, 4, '登入帳號: admin, IP: 192.168.13.66', '192.168.13.66', 1),
(866, 1514530523, 0, '後臺登入', 1, 4, '登入帳號: admin, IP: 114.137.246.82', '114.137.246.82', 1),
(867, 1514531194, 0, '後臺登入', 1, 4, '登入帳號: admin, IP: 114.137.246.82', '114.137.246.82', 1),
(868, 1514858392, 0, '後臺登入', 1, 4, '登入帳號: admin, IP: 192.168.13.94', '192.168.13.94', 1),
(869, 1514859474, 0, '後臺登入', 1, 4, '登入帳號: admin, IP: 192.168.13.66', '192.168.13.66', 1),
(870, 1514885883, 0, '後臺登入', 1, 4, '登入帳號: admin, IP: 192.168.13.94', '192.168.13.94', 1),
(871, 1514896550, 0, '後臺登入', 1, 4, '登入帳號: admin, IP: 192.168.13.66', '192.168.13.66', 1),
(872, 1515031222, 0, '後臺登入', 1, 4, '登入帳號: admin, IP: 192.168.5.28', '192.168.5.28', 1),
(873, 1515392852, 0, '後臺登入', 1, 4, '登入帳號: admin, IP: 10.1.1.1', '10.1.1.1', 1),
(874, 1515399629, 0, '後臺登入', 1, 4, '登入帳號: admin, IP: 10.1.1.1', '10.1.1.1', 1),
(875, 1515553157, 0, '後臺登入', 1, 4, '登入帳號: admin, IP: 192.168.5.110', '192.168.5.110', 1),
(876, 1517279951, 0, '後臺登入', 1, 4, '登入帳號: admin, IP: 59.120.74.67', '59.120.74.67', 1),
(877, 1517280047, 0, '後臺登入', 1, 4, '登入帳號: admin, IP: 59.120.74.67', '59.120.74.67', 1),
(878, 1517280077, 0, '後臺登入', 1, 4, '登入帳號: admin, IP: 59.120.74.67', '59.120.74.67', 1),
(879, 1517280091, 0, '後臺登入', 1, 4, '登入帳號: admin, IP: 59.120.74.67', '59.120.74.67', 1),
(880, 1517464090, 0, '後臺登入', 1010, 4, '登入帳號: kishi, IP: 192.168.5.34', '192.168.5.34', 1),
(881, 1517464707, 0, '後臺登入', 1010, 4, '登入帳號: kishi, IP: 192.168.5.110', '192.168.5.110', 1),
(882, 1517477442, 0, '後臺登入', 1010, 4, '登入帳號: kishi, IP: 42.72.244.96', '42.72.244.96', 1),
(883, 1517988250, 0, '後臺登入', 1, 4, '登入帳號: admin, IP: 125.227.66.144', '125.227.66.144', 1),
(884, 1517991256, 0, '後臺登入', 1, 4, '登入帳號: admin, IP: 192.168.21.101', '192.168.21.101', 1),
(885, 1518413629, 0, '後臺登入', 1, 4, '登入帳號: admin, IP: 192.168.5.37', '192.168.5.37', 1),
(886, 1518415208, 0, '後臺登入', 1, 4, '登入帳號: admin, IP: 192.168.33.213', '192.168.33.213', 1),
(887, 1518416732, 0, '後臺登入', 1, 4, '登入帳號: admin, IP: 125.227.66.144', '125.227.66.144', 1),
(888, 1518416732, 0, '後臺登入', 1, 4, '登入帳號: admin, IP: 125.227.66.144', '125.227.66.144', 1),
(889, 1518416732, 0, '後臺登入', 1, 4, '登入帳號: admin, IP: 125.227.66.144', '125.227.66.144', 1),
(890, 1518416732, 0, '後臺登入', 1, 4, '登入帳號: admin, IP: 125.227.66.144', '125.227.66.144', 1),
(891, 1518416732, 0, '後臺登入', 1, 4, '登入帳號: admin, IP: 125.227.66.144', '125.227.66.144', 1),
(892, 1518416732, 0, '後臺登入', 1, 4, '登入帳號: admin, IP: 125.227.66.144', '125.227.66.144', 1),
(893, 1518416733, 0, '後臺登入', 1, 4, '登入帳號: admin, IP: 125.227.66.144', '125.227.66.144', 1),
(894, 1518416733, 0, '後臺登入', 1, 4, '登入帳號: admin, IP: 125.227.66.144', '125.227.66.144', 1),
(895, 1518416733, 0, '後臺登入', 1, 4, '登入帳號: admin, IP: 125.227.66.144', '125.227.66.144', 1),
(896, 1518416733, 0, '後臺登入', 1, 4, '登入帳號: admin, IP: 125.227.66.144', '125.227.66.144', 1);
INSERT INTO `js_history` (`jshist_sn`, `jshist_add_date`, `jshist_sys_type`, `jshist_sys_type_desc`, `jshist_user`, `jshist_op_type`, `jshist_op_desc`, `jshist_ip`, `jsft_sn`) VALUES
(897, 1518421937, 0, '後臺登入', 1, 4, '登入帳號: admin, IP: 192.168.33.213', '192.168.33.213', 1),
(898, 1519623093, 0, '後臺登入', 1, 4, '登入帳號: admin, IP: 192.168.33.213', '192.168.33.213', 1),
(899, 1519630501, 0, '後臺登入', 1006, 4, '登入帳號: wt_test, IP: 192.168.33.213', '192.168.33.213', 1),
(900, 1519630512, 0, '後臺登入', 1, 4, '登入帳號: admin, IP: 192.168.33.213', '192.168.33.213', 1),
(901, 1519633372, 0, '後臺登入', 1, 4, '登入帳號: admin, IP: 192.168.5.28', '192.168.5.28', 1),
(902, 1519698073, 0, '後臺登入', 1, 4, '登入帳號: admin, IP: 192.168.5.28', '192.168.5.28', 1),
(903, 1519698276, 0, '後臺登入', 1, 4, '登入帳號: admin, IP: 192.168.5.28', '192.168.5.28', 1),
(904, 1519699026, 0, '後臺登入', 1006, 4, '登入帳號: wt_test, IP: 192.168.5.28', '192.168.5.28', 1),
(905, 1519699044, 0, '後臺登入', 1, 4, '登入帳號: admin, IP: 192.168.5.28', '192.168.5.28', 1),
(906, 1519699654, 0, '後臺登入', 1, 4, '登入帳號: admin, IP: 192.168.5.28', '192.168.5.28', 1),
(907, 1519962961, 0, '後臺登入', 1, 4, '登入帳號: admin, IP: 192.168.5.28', '192.168.5.28', 1),
(908, 1520572525, 0, '後臺登入', 1, 4, '登入帳號: admin, IP: 125.227.66.144', '125.227.66.144', 1),
(909, 1520572526, 0, '後臺登入', 1, 4, '登入帳號: admin, IP: 125.227.66.144', '125.227.66.144', 1),
(910, 1520572526, 0, '後臺登入', 1, 4, '登入帳號: admin, IP: 125.227.66.144', '125.227.66.144', 1),
(911, 1520572780, 1, '機台資料管理', 1, 1, '新增 機台 test', '125.227.66.144', 1),
(912, 1520572832, 1, '機台資料管理', 1, 1, '新增 P&ID資料 123', '125.227.66.144', 1),
(913, 1520572863, 1, '機台資料管理', 1, 3, '刪除 P&ID資料 流水號 45 內容:<pre>Array\n(\n    [dpid_sn] => 45\n    [dpid_add_date] => 1520572832\n    [dpid_mod_date] => 1520572863\n    [dpid_status] => -1\n    [jsuser_sn] => 1006\n    [dema_sn] => 163\n    [dpid_name] => 123\n    [dpid_type] => 3\n    [dpid_url] => 45/1.pdf\n    [dpid_update] => 1520572832\n    [dpid_version] => 1\n    [dema_add_date] => 1520572780\n    [dema_mod_date] => 1520572832\n    [dema_status] => 1\n    [dema_device_project] => test\n    [dema_device_num] => test\n    [dema_device_name] => test\n    [dema_device_location] => 123\n    [dema_system] => 1,2\n    [dema_site] => 3\n    [dema_floor] => 1\n)\n</pre>', '125.227.66.144', 1),
(914, 1520573959, 0, '後臺登入', 1, 4, '登入帳號: admin, IP: 42.72.221.181', '42.72.221.181', 1),
(915, 1525411309, 0, '後臺登入', 1, 4, '登入帳號: admin, IP: 192.168.21.101', '192.168.21.101', 1),
(916, 1525679144, 0, '後臺登入', 1, 4, '登入帳號: admin, IP: 192.168.5.110', '192.168.5.110', 1),
(917, 1525680623, 0, '後臺登入', 1, 4, '登入帳號: admin, IP: 192.168.5.110', '192.168.5.110', 1),
(918, 1525759789, 0, '後臺登入', 1, 4, '登入帳號: admin, IP: 42.72.174.73', '42.72.174.73', 1),
(919, 1525763380, 1, '機台資料管理', 1, 1, '新增 機台 fdaf kdsfknewkl', '42.72.174.73', 1),
(920, 1525763507, 1, '機台資料管理', 1, 3, '刪除 機台 流水號 164 內容:<pre>Array\n(\n    [dema_sn] => 164\n    [dema_add_date] => 1525763380\n    [dema_mod_date] => 1525763507\n    [dema_status] => -1\n    [jsuser_sn] => 1006\n    [dema_device_project] => dafdnfkn\n    [dema_device_num] => fbdksjbfja\n    [dema_device_name] => fdaf kdsfknewkl\n    [dema_device_location] => ndafkndsfn\n    [dema_system] => 1,3\n    [dema_site] => 1\n    [dema_floor] => 1\n)\n</pre>', '42.72.174.73', 1),
(921, 1526004522, 0, '後臺登入', 1, 4, '登入帳號: admin, IP: 114.137.7.175', '114.137.7.175', 1),
(922, 1526259850, 0, '後臺登入', 1, 4, '登入帳號: admin, IP: 192.168.5.28', '192.168.5.28', 1),
(923, 1526286057, 0, '後臺登入', 1, 4, '登入帳號: admin, IP: 192.168.5.33', '192.168.5.33', 1),
(924, 1526441276, 0, '後臺登入', 1, 4, '登入帳號: admin, IP: 192.168.5.33', '192.168.5.33', 1),
(925, 1526626814, 0, '後臺登入', 1, 4, '登入帳號: admin, IP: 192.168.5.33', '192.168.5.33', 1),
(926, 1526626833, 0, '後臺登入', 1, 4, '登入帳號: admin, IP: 192.168.5.33', '192.168.5.33', 1),
(927, 1526874378, 0, '後臺登入', 1, 4, '登入帳號: admin, IP: 192.168.5.33', '192.168.5.33', 1),
(928, 1526884204, 0, '後臺登入', 1, 4, '登入帳號: admin, IP: 192.168.33.213', '192.168.33.213', 1),
(929, 1526884212, 0, '後臺登入', 1, 4, '登入帳號: admin, IP: 192.168.33.213', '192.168.33.213', 1),
(930, 1526980443, 0, '後臺登入', 1, 4, '登入帳號: admin, IP: 192.168.5.33', '192.168.5.33', 1),
(931, 1527585016, 0, '後臺登入', 1, 4, '登入帳號: admin, IP: 192.168.5.110', '192.168.5.110', 1),
(932, 1528683510, 0, '後臺登入', 1, 4, '登入帳號: admin, IP: 192.168.5.34', '192.168.5.34', 1),
(933, 1528695939, 1, '機台資料管理', 1, 1, '新增 Layout資料 123', '192.168.5.34', 1),
(934, 1528695952, 1, '機台資料管理', 1, 2, '修改  Layout資料 流水號：76', '192.168.5.34', 1),
(935, 1529483516, 0, '後臺登入', 1, 4, '登入帳號: admin, IP: 192.168.5.110', '192.168.5.110', 1),
(936, 1529910479, 0, '後臺登入', 1, 4, '登入帳號: admin, IP: 192.168.33.213', '192.168.33.213', 1),
(937, 1530249032, 0, '後臺登入', 1, 4, '登入帳號: admin, IP: 192.168.5.33', '192.168.5.33', 1),
(938, 1532401211, 0, '後臺登入', 1, 4, '登入帳號: admin, IP: 192.168.33.213', '192.168.33.213', 1),
(939, 1532410353, 1, '機台資料管理', 1, 1, '新增 P&ID資料 test', '192.168.33.213', 1),
(940, 1532410367, 1, '機台資料管理', 1, 2, '修改  P&ID資料 流水號：46', '192.168.33.213', 1),
(941, 1532410382, 1, '機台資料管理', 1, 2, '修改  P&ID資料 流水號：46', '192.168.33.213', 1),
(942, 1532410382, 1, '機台資料管理', 1, 2, '修改  P&ID資料 流水號：46', '192.168.33.213', 1),
(943, 1532410748, 1, '機台資料管理', 1, 1, '新增 Layout資料 test', '192.168.33.213', 1),
(944, 1532410846, 1, '機台資料管理', 1, 2, '修改  Layout資料 流水號：77', '192.168.33.213', 1),
(945, 1532410854, 1, '機台資料管理', 1, 2, '修改  Layout資料 流水號：77', '192.168.33.213', 1),
(946, 1532413096, 1, '機台資料管理', 1, 3, '刪除 Layout資料 流水號 77 歷史版本: c', '192.168.33.213', 1),
(947, 1532413211, 1, '機台資料管理', 1, 3, '刪除 Layout資料 流水號 77 歷史版本: b', '192.168.33.213', 1),
(948, 1532413277, 1, '機台資料管理', 1, 2, '修改  Layout資料 流水號：77', '192.168.33.213', 1),
(949, 1532413283, 1, '機台資料管理', 1, 3, '刪除 Layout資料 流水號 77 歷史版本: b', '192.168.33.213', 1),
(950, 1532414284, 0, '後臺登入', 1006, 4, '登入帳號: wt_test, IP: 192.168.33.213', '192.168.33.213', 1),
(951, 1532414322, 0, '後臺登入', 1005, 4, '登入帳號: wb_test, IP: 192.168.33.213', '192.168.33.213', 1),
(952, 1532414335, 0, '後臺登入', 1008, 4, '登入帳號: guest_test, IP: 192.168.33.213', '192.168.33.213', 1),
(953, 1532414350, 0, '後臺登入', 1, 4, '登入帳號: admin, IP: 192.168.33.213', '192.168.33.213', 1),
(954, 1532417830, 1, '機台資料管理', 1, 3, '刪除 Layout資料 流水號 76 歷史版本: b', '192.168.33.213', 1),
(955, 1532417856, 1, '機台資料管理', 1, 1, '新增 Layout資料 qqq', '192.168.33.213', 1),
(956, 1532417889, 1, '機台資料管理', 1, 2, '修改  Layout資料 流水號：78', '192.168.33.213', 1),
(957, 1532417901, 1, '機台資料管理', 1, 2, '修改  Layout資料 流水號：78', '192.168.33.213', 1),
(958, 1532417915, 1, '機台資料管理', 1, 2, '修改  Layout資料 流水號：78', '192.168.33.213', 1),
(959, 1532417930, 1, '機台資料管理', 1, 2, '修改  Layout資料 流水號：78', '192.168.33.213', 1),
(960, 1532417949, 1, '機台資料管理', 1, 2, '修改  Layout資料 流水號：78', '192.168.33.213', 1),
(961, 1532417991, 1, '機台資料管理', 1, 2, '修改  Layout資料 流水號：78', '192.168.33.213', 1),
(962, 1532418184, 1, '機台資料管理', 1, 2, '修改  Layout資料 流水號：78', '192.168.33.213', 1),
(963, 1532418208, 1, '機台資料管理', 1, 2, '修改  Layout資料 流水號：78', '192.168.33.213', 1),
(964, 1532418239, 1, '機台資料管理', 1, 3, '刪除 Layout資料 流水號 78 歷史版本: d', '192.168.33.213', 1),
(965, 1532418277, 1, '機台資料管理', 1, 2, '修改  Layout資料 流水號：78', '192.168.33.213', 1),
(966, 1532418294, 1, '機台資料管理', 1, 2, '修改  Layout資料 流水號：78', '192.168.33.213', 1),
(967, 1532418305, 1, '機台資料管理', 1, 2, '修改  Layout資料 流水號：78', '192.168.33.213', 1),
(968, 1532421442, 1, '機台資料管理', 1, 2, '修改  機台 流水號：163', '192.168.33.213', 1),
(969, 1532421447, 1, '機台資料管理', 1, 2, '修改  機台 流水號：163', '192.168.33.213', 1),
(970, 1532421458, 1, '機台資料管理', 1, 2, '修改  機台 流水號：163', '192.168.33.213', 1),
(971, 1532519767, 0, '機台資料管理', 1, 2, '修改 機台 流水號 163 機台編號由 test 修改為 test1, 專案名稱由 test 修改為 test1, 機台名稱由 test 修改為 test1, 廠商由 123 修改為 1231, 位置由 1,2,3,6 修改為 1,2,3,4,6, 系統由 <font color=\"black\">FAB C</font> 修改為 <font color=\"black\">FAB B</font>, 廠別由 <font color=\"black\">1F</font> 修改為 <font color=\"black\">2F</font>, ', '192.168.33.213', 1),
(972, 1532519825, 0, '機台資料管理', 1, 2, '修改 機台 流水號 163 機台編號由 test1 修改為 test, 專案名稱由 test1 修改為 test, ', '192.168.33.213', 1),
(973, 1532519875, 0, '機台資料管理', 1, 2, '修改 機台 流水號 163 機台編號由 test 修改為 test1, 專案名稱由 test 修改為 test1, ', '192.168.33.213', 1),
(974, 1532519975, 0, '機台資料管理', 1, 2, '修改 機台 流水號 163 機台編號由 test1 修改為 test12, 專案名稱由 test1 修改為 test12, 機台名稱由 test1 修改為 test12, ', '192.168.33.213', 1),
(975, 1532520005, 0, '機台資料管理', 1, 2, '修改 機台 流水號 163 廠商由 1231 修改為 12312, 系統由 <font color=\"black\">FAB B</font> 修改為 <font color=\"black\">FAB A</font>, 廠別由 <font color=\"black\">2F</font> 修改為 <font color=\"black\">1F</font>, ', '192.168.33.213', 1),
(976, 1532520998, 0, '機台資料管理', 1, 2, '修改 機台 流水號 163 系統由 1,2,3,4,6 修改為 1,2, ', '192.168.33.213', 1),
(977, 1532521200, 0, '機台資料管理', 1, 2, '修改 機台 流水號 163 系統由 1,2 修改為 1, ', '192.168.33.213', 1),
(978, 1532521287, 0, '機台資料管理', 1, 2, '修改 機台 流水號 163 系統由 1 修改為 1,2, ', '192.168.33.213', 1),
(979, 1532521310, 0, '機台資料管理', 1, 2, '修改 機台 流水號 163 系統由 1,2 修改為 1,2,3, ', '192.168.33.213', 1),
(980, 1532521334, 0, '機台資料管理', 1, 2, '修改 機台 流水號 163 系統由 1,2,3 修改為 1,2,3,4, ', '192.168.33.213', 1),
(981, 1532521610, 0, '機台資料管理', 1, 2, '修改 機台 流水號 163 系統由 Power,Water, 修改為 Power,, ', '192.168.33.213', 1),
(982, 1532522020, 0, '機台資料管理', 1, 2, '修改 機台 流水號 163 系統由 Power 修改為 Power,Water,Bulk Gas, ', '192.168.33.213', 1),
(983, 1532522322, 0, '機台資料管理', 1, 2, '修改 機台 流水號 163 系統由 Power,Water,Bulk Gas 修改為 Power,Water, ', '192.168.33.213', 1),
(984, 1532522397, 0, '機台資料管理', 1, 2, '修改 機台 流水號 163 廠商由 Array 修改為 Array, ', '192.168.33.213', 1),
(985, 1532522438, 0, '機台資料管理', 1, 2, '修改 機台 流水號 163 廠商由 廠商1_測試 修改為 廠商2_測試, ', '192.168.33.213', 1),
(986, 1532522492, 0, '機台資料管理', 1, 2, '修改 機台 流水號 163 機台編號由 test12 修改為 test12q, 專案名稱由 test12 修改為 test12a, 機台名稱由 test12 修改為 test12z, 廠商由 廠商2_測試 修改為 廠商1_測試, 位置由 12312 修改為 12312w, 系統由 Power,Water,Bulk Gas 修改為 Power,Water,Bulk Gas,Specialty Gas, 廠別由 <font color=\"black\">FAB A</font> 修改為 <font color=\"black\">FAB B</font>, 樓層由 <font color=\"black\">1F</font> 修改為 <font color=\"black\">2F</font>,', '192.168.33.213', 1),
(987, 1532524322, 0, '後臺登入', 1, 4, '登入帳號: admin, IP: 192.168.33.213', '192.168.33.213', 1),
(988, 1532593551, 1, '機台資料管理', 1, 2, '修改  Layout資料 流水號：78', '192.168.33.213', 1),
(989, 1532593566, 1, '機台資料管理', 1, 2, '修改  Layout資料 流水號：78', '192.168.33.213', 1),
(990, 1532593578, 1, '機台資料管理', 1, 2, '修改  Layout資料 流水號：78', '192.168.33.213', 1),
(991, 1532605930, 1, '機台資料管理', 1, 1, '新增 P&ID資料 test', '192.168.33.213', 1),
(992, 1532605960, 1, '機台資料管理', 1, 2, '修改  P&ID資料 流水號：47', '192.168.33.213', 1),
(993, 1532606068, 1, '機台資料管理', 1, 2, '修改  P&ID資料 流水號：47', '192.168.33.213', 1),
(994, 1532606104, 1, '機台資料管理', 1, 2, '修改  P&ID資料 流水號：47', '192.168.33.213', 1),
(995, 1532606116, 1, '機台資料管理', 1, 2, '修改  P&ID資料 流水號：47', '192.168.33.213', 1),
(996, 1532606434, 1, '機台資料管理', 1, 1, '新增 QC資料 test', '192.168.33.213', 1),
(997, 1532606464, 1, '機台資料管理', 1, 2, '修改  QC資料 流水號：151', '192.168.33.213', 1),
(998, 1532606493, 1, '機台資料管理', 1, 2, '修改  QC資料 流水號：151', '192.168.33.213', 1),
(999, 1532606510, 1, '機台資料管理', 1, 2, '修改  QC資料 流水號：151', '192.168.33.213', 1),
(1000, 1532606521, 1, '機台資料管理', 1, 2, '修改  QC資料 流水號：151', '192.168.33.213', 1),
(1001, 1532606529, 1, '機台資料管理', 1, 2, '修改  QC資料 流水號：151', '192.168.33.213', 1),
(1002, 1532606539, 1, '機台資料管理', 1, 2, '修改  QC資料 流水號：151', '192.168.33.213', 1),
(1003, 1532606555, 1, '機台資料管理', 1, 2, '修改  Layout資料 流水號：78', '192.168.33.213', 1),
(1004, 1532606730, 1, '機台資料管理', 1, 2, '修改  Layout資料 流水號：78', '192.168.33.213', 1),
(1005, 1532606738, 1, '機台資料管理', 1, 2, '修改  Layout資料 流水號：78', '192.168.33.213', 1),
(1006, 1532606746, 1, '機台資料管理', 1, 2, '修改  Layout資料 流水號：78', '192.168.33.213', 1),
(1007, 1532606763, 1, '機台資料管理', 1, 2, '修改  Layout資料 流水號：78', '192.168.33.213', 1),
(1008, 1532606849, 1, '機台資料管理', 1, 2, '修改  P&ID資料 流水號：47', '192.168.33.213', 1),
(1009, 1532606866, 1, '機台資料管理', 1, 2, '修改  P&ID資料 流水號：47', '192.168.33.213', 1),
(1010, 1532606891, 1, '機台資料管理', 1, 2, '修改  P&ID資料 流水號：47', '192.168.33.213', 1),
(1011, 1532607032, 1, '機台資料管理', 1, 2, '修改  P&ID資料 流水號：47', '192.168.33.213', 1),
(1012, 1532607068, 1, '機台資料管理', 1, 2, '修改  P&ID資料 流水號：47', '192.168.33.213', 1),
(1013, 1532607109, 1, '機台資料管理', 1, 2, '修改  QC資料 流水號：151', '192.168.33.213', 1),
(1014, 1532607116, 1, '機台資料管理', 1, 2, '修改  QC資料 流水號：151', '192.168.33.213', 1),
(1015, 1532607137, 1, '機台資料管理', 1, 2, '修改  QC資料 流水號：151', '192.168.33.213', 1),
(1016, 1532607188, 1, '機台資料管理', 1, 1, '新增 Turn On資料 test', '192.168.33.213', 1),
(1017, 1532607196, 1, '機台資料管理', 1, 2, '修改  Turn On資料 流水號：346', '192.168.33.213', 1),
(1018, 1532607210, 1, '機台資料管理', 1, 2, '修改  Turn On資料 流水號：346', '192.168.33.213', 1),
(1019, 1532607227, 1, '機台資料管理', 1, 1, '新增 其他資訊資料 test', '192.168.33.213', 1),
(1020, 1532607234, 1, '機台資料管理', 1, 2, '修改  其他資訊資料 流水號：26', '192.168.33.213', 1),
(1021, 1532607241, 1, '機台資料管理', 1, 2, '修改  其他資訊資料 流水號：26', '192.168.33.213', 1),
(1022, 1532607253, 1, '機台資料管理', 1, 2, '修改  其他資訊資料 流水號：26', '192.168.33.213', 1),
(1023, 1532607360, 1, '機台資料管理', 1, 1, '新增 UM表資料 test', '192.168.33.213', 1),
(1024, 1532607384, 1, '機台資料管理', 1, 2, '修改  UM表資料 流水號：72', '192.168.33.213', 1),
(1025, 1532607397, 1, '機台資料管理', 1, 2, '修改  UM表資料 流水號：72', '192.168.33.213', 1),
(1026, 1532607440, 1, '機台資料管理', 1, 3, '刪除 UM資料 流水號 72 歷史版本: b', '192.168.33.213', 1),
(1027, 1532607484, 1, '機台資料管理', 1, 3, '刪除 P&ID資料 流水號 47 歷史版本: c', '192.168.33.213', 1),
(1028, 1532607537, 1, '機台資料管理', 1, 3, '刪除 Micro layout資料 流水號 78 歷史版本: c', '192.168.33.213', 1),
(1029, 1532607568, 1, '機台資料管理', 1, 3, '刪除 QC資料 流水號 151 歷史版本: c', '192.168.33.213', 1),
(1030, 1532607605, 1, '機台資料管理', 1, 3, '刪除  Turn On資料 流水號 346 歷史版本: b', '192.168.33.213', 1),
(1031, 1532607644, 1, '機台資料管理', 1, 3, '刪除 其他資訊資料 流水號 26 歷史版本: b', '192.168.33.213', 1),
(1032, 1532608577, 1, '機台資料管理', 1, 1, '新增 機台 test', '192.168.33.213', 1),
(1033, 1532610238, 0, '機台資料管理', 1, 2, '修改 機台 流水號 165 廠別由 <font color=\"black\">FAB A</font> 修改為 <font color=\"black\">FAB B</font>,', '192.168.33.213', 1),
(1034, 1532610255, 0, '機台資料管理', 1, 2, '修改 機台 流水號 165 樓層由 <font color=\"black\">1F</font> 修改為 <font color=\"black\">2F</font>,', '192.168.33.213', 1),
(1035, 1532663106, 0, '後臺登入', 1, 4, '登入帳號: admin, IP: 192.168.5.34', '192.168.5.34', 1),
(1036, 1533016738, 0, '後臺登入', 1, 4, '登入帳號: admin, IP: 192.168.33.213', '192.168.33.213', 1),
(1037, 1533025354, 1, '機台資料管理', 1, 1, '新增 UM表資料 test', '192.168.33.213', 1),
(1038, 1533026068, 1, '機台資料管理', 1, 3, '刪除 UM表資料 流水號 74 內容:<pre>Array\n(\n    [demu_sn] => 74\n    [demu_add_date] => 1533025743\n    [demu_mod_date] => 1533026068\n    [demu_status] => -1\n    [jsuser_sn] => 1006\n    [dema_sn] => 162\n    [demu_name] => WDCUVI011\n    [demu_type] => 1\n    [demu_url] => na.jpg\n    [demu_flow_data] => \n    [demu_update] => 1533025743\n    [demu_version] => 1\n    [dema_add_date] => 1513559722\n    [dema_mod_date] => 1533025982\n    [dema_status] => 1\n    [dema_device_project] => Hook up\n    [dema_device_num] => WDCUVI01\n    [dema_device_name] => WDCUVI01\n    [dema_device_location] => WDCUVI01\n    [dema_system] => \n    [dema_site] => 3\n    [dema_floor] => 1\n)\n</pre>', '192.168.33.213', 1),
(1039, 1533026218, 1, '機台資料管理', 1, 3, '刪除 其他資訊資料 流水號 27 內容:<pre>Array\n(\n    [doth_sn] => 27\n    [doth_add_date] => 1533025982\n    [doth_mod_date] => 1533026218\n    [doth_status] => -1\n    [jsuser_sn] => 1006\n    [dema_sn] => 162\n    [doth_name] => WDCUVI011\n    [doth_type] => 3\n    [doth_url] => 27/1.pdf\n    [doth_update] => 1533025982\n    [doth_version] => 1\n    [dema_add_date] => 1513559722\n    [dema_mod_date] => 1533025982\n    [dema_status] => 1\n    [dema_device_project] => Hook up\n    [dema_device_num] => WDCUVI01\n    [dema_device_name] => WDCUVI01\n    [dema_device_location] => WDCUVI01\n    [dema_system] => \n    [dema_site] => 3\n    [dema_floor] => 1\n)\n</pre>', '192.168.33.213', 1),
(1040, 1533179142, 0, '後臺登入', 1, 4, '登入帳號: admin, IP: 192.168.33.213', '192.168.33.213', 1),
(1041, 1533192485, 1, '機台資料管理', 1, 3, '刪除 其他資訊資料 流水號 27 歷史版本: d', '192.168.33.213', 1),
(1042, 1533192489, 1, '機台資料管理', 1, 3, '刪除 其他資訊資料 流水號 27 歷史版本: c', '192.168.33.213', 1),
(1043, 1533193080, 1, '機台資料管理', 1, 3, '刪除 P&ID資料 流水號 48 內容:<pre>Array\n(\n    [dpid_sn] => 48\n    [dpid_add_date] => 1533025743\n    [dpid_mod_date] => 1533191331\n    [dpid_status] => 1\n    [jsuser_sn] => 1006\n    [dema_sn] => 162\n    [dpid_name] => WDCUVI01_P1\n    [dpid_type] => 3\n    [dpid_url] => 48/10.pdf\n    [dpid_update] => 1533191331\n    [dpid_version] => 10\n    [dema_add_date] => 1513559722\n    [dema_mod_date] => 1533192597\n    [dema_status] => 1\n    [dema_device_project] => Hook up\n    [dema_device_num] => WDCUVI01\n    [dema_device_name] => WDCUVI01\n    [dema_device_location] => WDCUVI01\n    [dema_system] => \n    [dema_site] => 3\n    [dema_floor] => 1\n)\n</pre>', '192.168.33.213', 1),
(1044, 1533193129, 1, '機台資料管理', 1, 3, '刪除 P&ID資料 流水號 44 內容:<pre>Array\n(\n    [dpid_sn] => 44\n    [dpid_add_date] => 1513559740\n    [dpid_mod_date] => 1513559740\n    [dpid_status] => 1\n    [jsuser_sn] => 1006\n    [dema_sn] => 162\n    [dpid_name] => WDCUVI01_P\n    [dpid_type] => 3\n    [dpid_url] => 44/1.pdf\n    [dpid_update] => 1513559740\n    [dpid_version] => 1\n    [dema_add_date] => 1513559722\n    [dema_mod_date] => 1533192597\n    [dema_status] => 1\n    [dema_device_project] => Hook up\n    [dema_device_num] => WDCUVI01\n    [dema_device_name] => WDCUVI01\n    [dema_device_location] => WDCUVI01\n    [dema_system] => \n    [dema_site] => 3\n    [dema_floor] => 1\n)\n</pre>', '192.168.33.213', 1),
(1045, 1533193265, 1, '機台資料管理', 1, 3, '刪除 P&ID資料 流水號 49 內容:<pre>Array\n(\n    [dpid_sn] => 49\n    [dpid_add_date] => 1533193187\n    [dpid_mod_date] => 1533193187\n    [dpid_status] => 1\n    [jsuser_sn] => 1006\n    [dema_sn] => 162\n    [dpid_name] => WDCUVI01_P1\n    [dpid_type] => 3\n    [dpid_url] => 49/1.pdf\n    [dpid_update] => 1533193187\n    [dpid_version] => 1\n    [dema_add_date] => 1513559722\n    [dema_mod_date] => 1533193189\n    [dema_status] => 1\n    [dema_device_project] => Hook up\n    [dema_device_num] => WDCUVI01\n    [dema_device_name] => WDCUVI01\n    [dema_device_location] => WDCUVI01\n    [dema_system] => \n    [dema_site] => 3\n    [dema_floor] => 1\n)\n</pre>', '192.168.33.213', 1),
(1046, 1533193350, 1, '機台資料管理', 1, 1, '新增 P&ID資料 123', '192.168.33.213', 1),
(1047, 1533193353, 1, '機台資料管理', 1, 3, '刪除 P&ID資料 流水號 50 內容:<pre>Array\n(\n    [dpid_sn] => 50\n    [dpid_add_date] => 1533193350\n    [dpid_mod_date] => 1533193350\n    [dpid_status] => 1\n    [jsuser_sn] => 1006\n    [dema_sn] => 162\n    [dpid_name] => 123\n    [dpid_type] => 3\n    [dpid_url] => 50/1.pdf\n    [dpid_update] => 1533193350\n    [dpid_version] => 1\n    [dema_add_date] => 1513559722\n    [dema_mod_date] => 1533193350\n    [dema_status] => 1\n    [dema_device_project] => Hook up\n    [dema_device_num] => WDCUVI01\n    [dema_device_name] => WDCUVI01\n    [dema_device_location] => WDCUVI01\n    [dema_system] => \n    [dema_site] => 3\n    [dema_floor] => 1\n)\n</pre>', '192.168.33.213', 1),
(1048, 1533193505, 1, '機台資料管理', 1, 1, '新增 P&ID資料 567', '192.168.33.213', 1),
(1049, 1533193509, 1, '機台資料管理', 1, 3, '刪除 P&ID資料 流水號 51 內容:<pre>Array\n(\n    [dpid_sn] => 51\n    [dpid_add_date] => 1533193505\n    [dpid_mod_date] => 1533193505\n    [dpid_status] => 1\n    [jsuser_sn] => 1006\n    [dema_sn] => 162\n    [dpid_name] => 567\n    [dpid_type] => 3\n    [dpid_url] => 51/1.pdf\n    [dpid_update] => 1533193505\n    [dpid_version] => 1\n    [dema_add_date] => 1513559722\n    [dema_mod_date] => 1533193505\n    [dema_status] => 1\n    [dema_device_project] => Hook up\n    [dema_device_num] => WDCUVI01\n    [dema_device_name] => WDCUVI01\n    [dema_device_location] => WDCUVI01\n    [dema_system] => \n    [dema_site] => 3\n    [dema_floor] => 1\n)\n</pre>', '192.168.33.213', 1),
(1050, 1533193525, 1, '機台資料管理', 1, 1, '新增 P&ID資料 6', '192.168.33.213', 1),
(1051, 1533193529, 1, '機台資料管理', 1, 3, '刪除 P&ID資料 流水號 52 內容:<pre>Array\n(\n    [dpid_sn] => 52\n    [dpid_add_date] => 1533193525\n    [dpid_mod_date] => 1533193525\n    [dpid_status] => 1\n    [jsuser_sn] => 1006\n    [dema_sn] => 162\n    [dpid_name] => 6\n    [dpid_type] => 3\n    [dpid_url] => 52/1.pdf\n    [dpid_update] => 1533193525\n    [dpid_version] => 1\n    [dema_add_date] => 1513559722\n    [dema_mod_date] => 1533193525\n    [dema_status] => 1\n    [dema_device_project] => Hook up\n    [dema_device_num] => WDCUVI01\n    [dema_device_name] => WDCUVI01\n    [dema_device_location] => WDCUVI01\n    [dema_system] => \n    [dema_site] => 3\n    [dema_floor] => 1\n)\n</pre>', '192.168.33.213', 1),
(1052, 1533193536, 1, '機台資料管理', 1, 1, '新增 P&ID資料 i', '192.168.33.213', 1),
(1053, 1533193539, 1, '機台資料管理', 1, 3, '刪除 P&ID資料 流水號 53 內容:<pre>Array\n(\n    [dpid_sn] => 53\n    [dpid_add_date] => 1533193536\n    [dpid_mod_date] => 1533193536\n    [dpid_status] => 1\n    [jsuser_sn] => 1006\n    [dema_sn] => 162\n    [dpid_name] => i\n    [dpid_type] => 3\n    [dpid_url] => 53/1.pdf\n    [dpid_update] => 1533193536\n    [dpid_version] => 1\n    [dema_add_date] => 1513559722\n    [dema_mod_date] => 1533193536\n    [dema_status] => 1\n    [dema_device_project] => Hook up\n    [dema_device_num] => WDCUVI01\n    [dema_device_name] => WDCUVI01\n    [dema_device_location] => WDCUVI01\n    [dema_system] => \n    [dema_site] => 3\n    [dema_floor] => 1\n)\n</pre>', '192.168.33.213', 1),
(1054, 1533193858, 1, '機台資料管理', 1, 1, '新增 P&ID資料 i', '192.168.33.213', 1),
(1055, 1533193872, 1, '機台資料管理', 1, 3, '刪除 P&ID資料 流水號 54 內容:<pre>Array\n(\n    [dpid_sn] => 54\n    [dpid_add_date] => 1533193858\n    [dpid_mod_date] => 1533193858\n    [dpid_status] => 1\n    [jsuser_sn] => 1006\n    [dema_sn] => 162\n    [dpid_name] => i\n    [dpid_type] => 3\n    [dpid_url] => 54/1.pdf\n    [dpid_update] => 1533193858\n    [dpid_version] => 1\n    [dema_add_date] => 1513559722\n    [dema_mod_date] => 1533193858\n    [dema_status] => 1\n    [dema_device_project] => Hook up\n    [dema_device_num] => WDCUVI01\n    [dema_device_name] => WDCUVI01\n    [dema_device_location] => WDCUVI01\n    [dema_system] => \n    [dema_site] => 3\n    [dema_floor] => 1\n)\n</pre>', '192.168.33.213', 1),
(1056, 1533193896, 1, '機台資料管理', 1, 1, '新增 P&ID資料 i', '192.168.33.213', 1),
(1057, 1533193919, 1, '機台資料管理', 1, 3, '刪除 P&ID資料 流水號 55 內容:<pre>Array\n(\n    [dpid_sn] => 55\n    [dpid_add_date] => 1533193896\n    [dpid_mod_date] => 1533193896\n    [dpid_status] => 1\n    [jsuser_sn] => 1006\n    [dema_sn] => 162\n    [dpid_name] => i\n    [dpid_type] => 3\n    [dpid_url] => 55/1.pdf\n    [dpid_update] => 1533193896\n    [dpid_version] => 1\n    [dema_add_date] => 1513559722\n    [dema_mod_date] => 1533193896\n    [dema_status] => 1\n    [dema_device_project] => Hook up\n    [dema_device_num] => WDCUVI01\n    [dema_device_name] => WDCUVI01\n    [dema_device_location] => WDCUVI01\n    [dema_system] => \n    [dema_site] => 3\n    [dema_floor] => 1\n)\n</pre>', '192.168.33.213', 1),
(1058, 1533193934, 1, '機台資料管理', 1, 1, '新增 P&ID資料 8', '192.168.33.213', 1),
(1059, 1533193942, 1, '機台資料管理', 1, 3, '刪除 P&ID資料 流水號 56 內容:<pre>Array\n(\n    [dpid_sn] => 56\n    [dpid_add_date] => 1533193934\n    [dpid_mod_date] => 1533193934\n    [dpid_status] => 1\n    [jsuser_sn] => 1006\n    [dema_sn] => 162\n    [dpid_name] => 8\n    [dpid_type] => 3\n    [dpid_url] => 56/1.pdf\n    [dpid_update] => 1533193934\n    [dpid_version] => 1\n    [dema_add_date] => 1513559722\n    [dema_mod_date] => 1533193934\n    [dema_status] => 1\n    [dema_device_project] => Hook up\n    [dema_device_num] => WDCUVI01\n    [dema_device_name] => WDCUVI01\n    [dema_device_location] => WDCUVI01\n    [dema_system] => \n    [dema_site] => 3\n    [dema_floor] => 1\n)\n</pre>', '192.168.33.213', 1),
(1060, 1533194641, 1, '機台資料管理', 1, 3, '刪除 UM表資料 流水號 75 內容:<pre>Array\n(\n    [demu_sn] => 75\n    [demu_add_date] => 1533026745\n    [demu_mod_date] => 1533193188\n    [demu_status] => 1\n    [jsuser_sn] => 1006\n    [dema_sn] => 162\n    [demu_name] => WDCUVI011\n    [demu_type] => 4\n    [demu_url] => 75/4.xlsx\n    [demu_flow_data] => {\"POWER\":171.2,\"WATER\":{\"PCW\":100,\"UPW\":96,\"SW\":\"0\",\"CW\":\"0\"},\"BULKGAS\":{\"CDA\":2100,\"GN2\":\"0\",\"PN2\":4600,\"Par\":\"0\",\"PO2\":\"0\",\"PHe\":\"0\",\"Go2\":\"0\",\"BA\":\"0\",\"CDO\":\"0\",\"GO2\":\"0\"},\"SPECIALTYGAS\":{\"0.1%PH3/N2\":\"0\",\"20%F2/N2\":\"0\",\"3MS\":\"0\",\"4%H2/N2\":\"0\",\"4%PH3/He\":\"0\",\"B2H6(5%)/N2\":\"0\",\"BCl3\":\"0\",\"BCL3 5%/He\":\"0\",\"C2H2\":\"0\",\"C2H4\":\"0\",\"C3F8\":\"0\",\"C3H6\":\"0\",\"C4F6\":\"0\",\"C4F8\":\"0\",\"C5F8\":\"0\",\"CF4\":\"0\",\"H2F2\":\"0\",\"CH3F\":\"0\",\"CH4\":\"0\",\"CHF3\":\"0\",\"Cl2\":\"0\",\"ClF3\":\"0\",\"CO\":\"0\",\"CO2\":\"0\",\"COS\":\"0\",\"GeH4 10%/H2\":\"0\",\"HBr\":\"0\",\"HCl\":\"0\",\"HF\":\"0\",\"N2O\":\"0\",\"NF3\":\"0\",\"NG\":\"0\",\"NH3\":\"0\",\"NO\":\"0\",\"O2(30%)/He\":\"0\",\"PH2\":\"0\",\"PH3(1%)/H2\":\"0\",\"SF6\":\"0\",\"Si2H6\":\"0\",\"SiCl4\":\"0\",\"SiH2Cl2\":\"0\",\"SiH4\":\"0\",\"WF6\":\"0\"},\"CHEMICAL\":{\"HF\":\"0\",\"H2SO4\":\"0\",\"H2O2\":6,\"NH4OH\":\"0\",\"IPA\":6,\"NaOH\":\"0\",\"HCl\":\"0\",\"HF49%\":\"0\",\"HNO3\":\"0\",\"ATMI\":\"0\",\"PC\":\"0\",\"CuSO4\":\"0\",\"EKC 580\":\"0\",\"TMAH\":\"0\"},\"EXHAUST\":{\"GENEX\":300,\"AAEX\":1365.2,\"AMEX\":\"0\",\"SOLEX\":2548},\"VACUUM\":{\"PV\":0,\"HV\":\"0\"}}\n    [demu_update] => 1533193188\n    [demu_version] => 4\n    [dema_add_date] => 1513559722\n    [dema_mod_date] => 1533193934\n    [dema_status] => 1\n    [dema_device_project] => Hook up\n    [dema_device_num] => WDCUVI01\n    [dema_device_name] => WDCUVI01\n    [dema_device_location] => WDCUVI01\n    [dema_system] => \n    [dema_site] => 3\n    [dema_floor] => 1\n)\n</pre>', '192.168.33.213', 1),
(1061, 1533194666, 1, '機台資料管理', 1, 3, '刪除 QC資料 流水號 154 內容:<pre>Array\n(\n    [deqc_sn] => 154\n    [deqc_add_date] => 1533025982\n    [deqc_mod_date] => 1533193188\n    [deqc_status] => 1\n    [jsuser_sn] => 1006\n    [dema_sn] => 162\n    [deqc_name] => WDCUVI01_Drain_保壓測試1\n    [deqc_type] => 3\n    [deqc_url] => 154/3.pdf\n    [deqc_system] => 0\n    [deqc_update] => 1533193188\n    [deqc_version] => 3\n    [dema_add_date] => 1513559722\n    [dema_mod_date] => 1533193934\n    [dema_status] => 1\n    [dema_device_project] => Hook up\n    [dema_device_num] => WDCUVI01\n    [dema_device_name] => WDCUVI01\n    [dema_device_location] => WDCUVI01\n    [dema_system] => \n    [dema_site] => 3\n    [dema_floor] => 1\n)\n</pre>', '192.168.33.213', 1),
(1062, 1533194705, 1, '機台資料管理', 1, 3, '刪除 Turn On資料 流水號 347 內容:<pre>Array\n(\n    [depo_sn] => 347\n    [depo_add_date] => 1533025982\n    [depo_mod_date] => 1533193188\n    [depo_status] => 1\n    [jsuser_sn] => 1006\n    [dema_sn] => 162\n    [depo_name] => WDCUVI01_Water__接點照1\n    [depo_type] => 3\n    [depo_url] => 347/3.pdf\n    [depo_system] => 0\n    [depo_update] => 1533193188\n    [depo_version] => 3\n    [dema_add_date] => 1513559722\n    [dema_mod_date] => 1533193934\n    [dema_status] => 1\n    [dema_device_project] => Hook up\n    [dema_device_num] => WDCUVI01\n    [dema_device_name] => WDCUVI01\n    [dema_device_location] => WDCUVI01\n    [dema_system] => \n    [dema_site] => 3\n    [dema_floor] => 1\n)\n</pre>', '192.168.33.213', 1),
(1063, 1533194736, 1, '機台資料管理', 1, 3, '刪除 其他資訊資料 流水號 27 內容:<pre>Array\n(\n    [doth_sn] => 27\n    [doth_add_date] => 1533025982\n    [doth_mod_date] => 1533193189\n    [doth_status] => 1\n    [jsuser_sn] => 1006\n    [dema_sn] => 162\n    [doth_name] => WDCUVI011\n    [doth_type] => 3\n    [doth_url] => 27/8.pdf\n    [doth_update] => 1533193189\n    [doth_version] => 8\n    [dema_add_date] => 1513559722\n    [dema_mod_date] => 1533193934\n    [dema_status] => 1\n    [dema_device_project] => Hook up\n    [dema_device_num] => WDCUVI01\n    [dema_device_name] => WDCUVI01\n    [dema_device_location] => WDCUVI01\n    [dema_system] => \n    [dema_site] => 3\n    [dema_floor] => 1\n)\n</pre>', '192.168.33.213', 1),
(1064, 1533631424, 0, '後臺登入', 1, 4, '登入帳號: admin, IP: 192.168.13.106', '192.168.13.106', 1),
(1065, 1534410024, 0, '後臺登入', 1, 4, '登入帳號: admin, IP: 192.168.5.34', '192.168.5.34', 1),
(1066, 1534931175, 0, '後臺登入', 1, 4, '登入帳號: admin, IP: 192.168.33.213', '192.168.33.213', 1),
(1067, 1534931301, 1, '機台資料管理', 1, 1, '新增 機台 ECPLYB23', '192.168.33.213', 1),
(1068, 1535004030, 0, '後臺登入', 1, 4, '登入帳號: admin, IP: 192.168.5.28', '192.168.5.28', 1),
(1069, 1535803508, 0, '後臺登入', 1, 4, '登入帳號: admin, IP: 118.232.110.29', '118.232.110.29', 1),
(1070, 1539326775, 0, '後臺登入', 1, 4, '登入帳號: admin, IP: 192.168.5.33', '192.168.5.33', 1),
(1071, 1543974519, 0, '後臺登入', 1, 4, '登入帳號: admin, IP: ::1', '::1', 1),
(1072, 1543975621, 0, '後臺登入', 1, 4, '登入帳號: admin, IP: ::1', '::1', 1),
(1073, 1545616540, 0, '後臺登入', 1, 4, '登入帳號: admin, IP: 192.168.5.77', '192.168.5.77', 1),
(1074, 1545616552, 0, '後臺登入', 1, 4, '登入帳號: admin, IP: 192.168.33.213', '192.168.33.213', 1),
(1075, 1545704136, 0, '後臺登入', 1, 4, '登入帳號: admin, IP: 192.168.33.213', '192.168.33.213', 1),
(1076, 1547709725, 0, '後臺登入', 1, 4, '登入帳號: admin, IP: 192.168.5.77', '192.168.5.77', 1),
(1077, 1548059335, 0, '機台資料管理', 1, 2, '修改 機台 流水號 168 系統由 Power 修改為 Power,Water,', '192.168.5.77', 1),
(1078, 1548060059, 0, '後臺登入', 1, 4, '登入帳號: admin, IP: 192.168.5.77', '192.168.5.77', 1),
(1079, 1548069447, 1, '機台資料管理', 1, 1, '新增 機台 1111', '192.168.5.77', 1),
(1080, 1548069706, 1, '機台資料管理', 1, 1, '新增 機台 2', '192.168.5.77', 1),
(1081, 1548070237, 1, '機台資料管理', 1, 1, '新增 機台 3', '192.168.5.77', 1),
(1082, 1548071295, 1, '機台資料管理', 1, 1, '新增 機台 1', '192.168.5.77', 1),
(1083, 1548071452, 1, '機台資料管理', 1, 1, '新增 機台 1', '192.168.5.77', 1),
(1084, 1548139082, 0, '後臺登入', 1, 4, '登入帳號: admin, IP: 192.168.5.77', '192.168.5.77', 1),
(1085, 1548157416, 1, '機台資料管理', 1, 3, '刪除 機台 流水號 172 內容:<pre>Array\n(\n    [dema_sn] => 172\n    [dema_add_date] => 1548071295\n    [dema_mod_date] => 1548157416\n    [dema_status] => -1\n    [jsuser_sn] => 1006\n    [dema_device_project] => \n    [dema_device_num] => \n    [dema_device_name] => 1\n    [dema_device_location] => Relocation 高雄廠\n    [dema_system] => 3\n    [dema_site] => 1\n    [dema_floor] => 1\n    [dema_classify] => Process\n    [dema_version] => 0\n    [dema_move_in] => 0\n    [dema_turn_on] => 0\n    [dema_remark] => \n)\n</pre>', '192.168.5.77', 1),
(1086, 1548157426, 1, '機台資料管理', 1, 3, '刪除 機台 流水號 173 內容:<pre>Array\n(\n    [dema_sn] => 173\n    [dema_add_date] => 1548071452\n    [dema_mod_date] => 1548157426\n    [dema_status] => -1\n    [jsuser_sn] => 1007\n    [dema_device_project] => 1\n    [dema_device_num] => \n    [dema_device_name] => 1\n    [dema_device_location] => Relocation 高雄廠\n    [dema_system] => 4\n    [dema_site] => 1\n    [dema_floor] => 1\n    [dema_classify] => Process\n    [dema_version] => 0\n    [dema_move_in] => 0\n    [dema_turn_on] => 0\n    [dema_remark] => \n)\n</pre>', '192.168.5.77', 1),
(1087, 1548157445, 1, '機台資料管理', 1, 3, '刪除 機台 流水號 171 內容:<pre>Array\n(\n    [dema_sn] => 171\n    [dema_add_date] => 1548070237\n    [dema_mod_date] => 1548157445\n    [dema_status] => -1\n    [jsuser_sn] => 1006\n    [dema_device_project] => 3\n    [dema_device_num] => \n    [dema_device_name] => 3\n    [dema_device_location] => Relocation 高雄廠\n    [dema_system] => 2\n    [dema_site] => 1\n    [dema_floor] => 1\n    [dema_classify] => Process\n    [dema_version] => 0\n    [dema_move_in] => 1548604800\n    [dema_turn_on] => 1548604800\n    [dema_remark] => 3\n)\n</pre>', '192.168.5.77', 1),
(1088, 1548157492, 1, '機台資料管理', 1, 1, '新增 機台 5', '192.168.5.77', 1),
(1089, 1548232199, 0, '後臺登入', 1, 4, '登入帳號: admin, IP: 192.168.5.100', '192.168.5.100', 1),
(1090, 1548232350, 0, '後臺登入', 1, 4, '登入帳號: admin, IP: 192.168.5.100', '192.168.5.100', 1),
(1091, 1548233174, 0, '後臺登入', 1, 4, '登入帳號: admin, IP: 192.168.5.77', '192.168.5.77', 1),
(1092, 1548233220, 0, '後臺登入', 1, 4, '登入帳號: admin, IP: 192.168.5.100', '192.168.5.100', 1),
(1093, 1548235073, 1, '機台資料管理', 1, 1, '新增 機台 6', '192.168.5.77', 1),
(1094, 1548243165, 1, '機台資料管理', 1, 1, '新增 機台 7', '192.168.5.77', 1),
(1095, 1548243284, 0, '機台資料管理', 1, 2, '修改 機台 流水號 176 機台名稱由 7 修改為 78, 專案名稱由 7 修改為 78, 位置由 Relocation 高雄廠 修改為 Move Out, 承攬商由 漢科 修改為 帆宣, 系統由 Power,Water,Bulk Gas 修改為 , ', '192.168.5.77', 1),
(1096, 1548243457, 0, '機台資料管理', 1, 2, '修改 機台 流水號 176 系統由  修改為 Power,Water,Bulk Gas,Specialty Gas,Chemical,Exhaust, ', '192.168.5.77', 1),
(1097, 1548243524, 0, '機台資料管理', 1, 2, '修改 機台 流水號 176 機台名稱由 78 修改為 7811, ', '192.168.5.77', 1),
(1098, 1548243797, 1, '機台資料管理', 1, 3, '刪除 機台 流水號 176 內容:<pre>Array\n(\n)\n</pre>', '192.168.5.77', 1),
(1099, 1548243829, 1, '機台資料管理', 1, 1, '新增 機台 7', '192.168.5.77', 1),
(1100, 1548243868, 0, '機台資料管理', 1, 2, '修改 機台 流水號 177 機台名稱由 7 修改為 78, ', '192.168.5.77', 1),
(1101, 1548244777, 0, '機台資料管理', 1, 2, '修改 機台 流水號 177 專案名稱由 7 修改為 78, ', '192.168.5.77', 1),
(1102, 1548311313, 1, '機台資料管理', 1, 1, '新增 機台 8', '192.168.5.77', 1),
(1103, 1548311325, 0, '機台資料管理', 1, 2, '修改 機台 流水號 178 機台名稱由 8 修改為 89, 專案名稱由 8 修改為 89, 廠別由 FAB A 修改為 FAB B, ', '192.168.5.77', 1),
(1104, 1548311338, 0, '機台資料管理', 1, 2, '修改 機台 流水號 178 專案名稱由 89 修改為 89123123, 系統由 Power,Water 修改為 Power,Water,Bulk Gas,Specialty Gas, ', '192.168.5.77', 1),
(1105, 1548315301, 0, '機台資料管理', 1, 2, '修改 機台 流水號 177 專案名稱由 78 修改為 789, ', '192.168.5.77', 1),
(1106, 1548315371, 0, '機台資料管理', 1, 2, '修改 機台 流水號 177 機台名稱由 78 修改為 78Q, 專案名稱由 789 修改為 78Q, 廠別由 FAB A 修改為 FAB B, 樓層由 1F 修改為 2F, 位置由 Relocation 高雄廠 修改為 Move Out, 承攬商由 漢科 修改為 帆宣, 版次由 FAB A 修改為 FAB B, 系統由 Water,Bulk Gas 修改為 Power,Water,Bulk Gas,Specialty Gas, ', '192.168.5.77', 1),
(1107, 1548315531, 0, '機台資料管理', 1, 2, '修改 機台 流水號 177 專案名稱由 78Q 修改為 78Q1, ', '192.168.5.77', 1),
(1108, 1548315627, 0, '機台資料管理', 1, 2, '修改 機台 流水號 177 專案名稱由 78Q1 修改為 78Q1123, ', '192.168.5.77', 1),
(1109, 1548315996, 1, '機台資料管理', 1, 3, '刪除 機台 流水號 177 內容:<pre>Array\n(\n)\n</pre>', '192.168.5.77', 1),
(1110, 1548316030, 1, '機台資料管理', 1, 1, '新增 機台 1', '192.168.5.77', 1),
(1111, 1548316065, 0, '機台資料管理', 1, 2, '修改 機台 流水號 179 機台名稱由 1 修改為 2, 專案名稱由 1 修改為 2, 廠別由 FAB A 修改為 FAB B, 樓層由 1F 修改為 2F, 位置由 Relocation 高雄廠 修改為 Move Out, 承攬商由 漢科 修改為 帆宣, 版次由 FAB A 修改為 FAB B, 系統由 Power,Water 修改為 Power,Water,Bulk Gas,Specialty Gas, Remark由 FAB A 修改為 FAB B, ', '192.168.5.77', 1),
(1112, 1548316109, 0, '機台資料管理', 1, 2, '修改 機台 流水號 179 機台名稱由 2 修改為 3, 專案名稱由 2 修改為 3, 廠別由 FAB B 修改為 FAB C, 樓層由 2F 修改為 3F, 位置由 Move Out 修改為 Relocation 高雄廠, 承攬商由 帆宣 修改為 漢科, 版次由 FAB B 修改為 FAB C, 系統由 Power,Water,Bulk Gas,Specialty Gas 修改為 Power,Water,Bulk Gas,Specialty Gas,Chemical,Exhaust, ', '192.168.5.77', 1),
(1113, 1548316330, 1, '機台資料管理', 1, 1, '新增 機台 1', '192.168.5.77', 1),
(1114, 1548316339, 0, '機台資料管理', 1, 2, '修改 機台 流水號 180 專案名稱由 1 修改為 12, ', '192.168.5.77', 1),
(1115, 1548316344, 0, '機台資料管理', 1, 2, '修改 機台 流水號 180 專案名稱由 12 修改為 123, ', '192.168.5.77', 1),
(1116, 1548316349, 0, '機台資料管理', 1, 2, '修改 機台 流水號 180 專案名稱由 123 修改為 1234, ', '192.168.5.77', 1),
(1117, 1548316440, 1, '機台資料管理', 1, 1, '新增 機台 1', '192.168.5.77', 1),
(1118, 1548316440, 1, '機台資料管理', 1, 1, '新增 機台 1', '192.168.5.77', 1),
(1119, 1548316537, 0, '機台資料管理', 1, 2, '修改 機台 流水號 181 專案名稱由 1 修改為 12, ', '192.168.5.77', 1),
(1120, 1548316554, 0, '機台資料管理', 1, 2, '修改 機台 流水號 181 專案名稱由 12 修改為 123, ', '192.168.5.77', 1),
(1121, 1548317457, 1, '機台資料管理', 1, 3, '刪除 機台 流水號 181 內容:<pre>Array\n(\n)\n</pre>', '192.168.5.77', 1),
(1122, 1548376569, 0, '後臺登入', 1, 4, '登入帳號: admin, IP: 192.168.5.100', '192.168.5.100', 1),
(1123, 1548384452, 0, '後臺登入', 1, 4, '登入帳號: admin, IP: 192.168.5.100', '192.168.5.100', 1),
(1124, 1548384549, 1, '機台資料管理', 1, 1, '新增 機台 5', '192.168.5.77', 1),
(1125, 1548384577, 0, '機台資料管理', 1, 2, '修改 機台 流水號 183 系統由 Power 修改為 Power,Water,Bulk Gas, ', '192.168.5.77', 1),
(1126, 1548384667, 0, '機台資料管理', 1, 2, '修改 機台 流水號 183 系統由 Power 修改為 Power,Water,Bulk Gas, ', '192.168.5.77', 1),
(1127, 1548384746, 0, '機台資料管理', 1, 2, '修改 機台 流水號 183 專案名稱由 5 修改為 5111, ', '192.168.5.77', 1),
(1128, 1548384754, 0, '機台資料管理', 1, 2, '修改 機台 流水號 183 專案名稱由 5111 修改為 5111111, ', '192.168.5.77', 1),
(1129, 1548384900, 0, '機台資料管理', 1, 2, '修改 機台 流水號 183 專案名稱由 5 修改為 511111, ', '192.168.5.77', 1),
(1130, 1548384907, 0, '機台資料管理', 1, 2, '修改 機台 流水號 183 專案名稱由 511111 修改為 51111112, ', '192.168.5.77', 1),
(1131, 1548384938, 1, '機台資料管理', 1, 3, '刪除 機台 流水號 183 內容:<pre>Array\n(\n)\n</pre>', '192.168.5.77', 1),
(1132, 1548387604, 1, '機台資料管理', 1, 1, '新增 機台 1', '192.168.5.77', 1),
(1133, 1548387628, 0, '機台資料管理', 1, 2, '修改 機台 流水號 184 位置由  修改為 Relocation 高雄廠, ', '192.168.5.77', 1),
(1134, 1548387644, 0, '機台資料管理', 1, 2, '修改 機台 流水號 184 位置由 Relocation 高雄廠 修改為 , ', '192.168.5.77', 1),
(1135, 1548388115, 0, '機台資料管理', 1, 2, '修改 機台 流水號 184 位置由  修改為 Relocation 高雄廠, ', '192.168.5.77', 1),
(1136, 1548635689, 0, '後臺登入', 1, 4, '登入帳號: admin, IP: 192.168.5.100', '192.168.5.100', 1),
(1137, 1548721944, 0, '後臺登入', 1, 4, '登入帳號: admin, IP: 192.168.5.100', '192.168.5.100', 1),
(1138, 1548726072, 0, '後臺登入', 1, 4, '登入帳號: admin, IP: 192.168.5.77', '192.168.5.77', 1),
(1139, 1548733556, 0, '後臺登入', 1, 4, '登入帳號: admin, IP: 192.168.5.77', '192.168.5.77', 1),
(1140, 1548749443, 1, '機台資料管理', 1, 1, '新增 機台 test1', '192.168.5.77', 1),
(1141, 1548749503, 0, '機台資料管理', 1, 2, '修改 機台 流水號 185 機台名稱由 test1 修改為 test2, 專案名稱由 test1 修改為 test2, 廠別由 FAB A 修改為 FAB B, 樓層由 1F 修改為 2F, 位置由 Relocation 高雄廠 修改為 Move Out, 承攬商由 漢科 修改為 帆宣, 版次由 FAB A 修改為 FAB B, ', '192.168.5.77', 1),
(1142, 1548761206, 0, '機台資料管理', 1, 2, '修改 機台 流水號 185 版次由 FAB B 修改為 FAB C, ', '192.168.5.77', 1),
(1143, 1548761315, 0, '機台資料管理', 1, 2, '修改 機台 流水號 185 版次由 FAB C 修改為 , ', '192.168.5.77', 1),
(1144, 1548761429, 0, '機台資料管理', 1, 2, '修改 機台 流水號 185 版次由 FAB B 修改為 , ', '192.168.5.77', 1),
(1145, 1548761507, 0, '機台資料管理', 1, 2, '修改 機台 流水號 185 版次由 FAB B 修改為 FAB C, ', '192.168.5.77', 1),
(1146, 1548761528, 0, '機台資料管理', 1, 2, '修改 機台 流水號 185 版次由 FAB C 修改為 FAB B, ', '192.168.5.77', 1),
(1147, 1548761861, 0, '機台資料管理', 1, 2, '修改 機台 流水號 185 版次由 FAB B 修改為 FAB C, ', '192.168.5.77', 1),
(1148, 1548766443, 1, '機台資料管理', 1, 1, '新增 P&ID資料 123', '192.168.5.77', 1),
(1149, 1548766455, 1, '機台資料管理', 1, 3, '刪除 P&ID資料 流水號 59 內容:<pre>Array\n(\n    [dpid_sn] => 59\n    [dpid_add_date] => 1548766443\n    [dpid_mod_date] => 1548766443\n    [dpid_status] => 1\n    [jsuser_sn] => 1006\n    [dema_sn] => 184\n    [dpid_name] => 123\n    [dpid_type] => 3\n    [dpid_url] => 59/20190129205403.pdf\n    [dpid_update] => 1548766443\n    [dpid_version] => 3\n    [dema_add_date] => 1548387604\n    [dema_mod_date] => 1548766443\n    [dema_status] => 1\n    [dema_device_project] => 1\n    [dema_device_num] => 1\n    [dema_device_name] => 1\n    [dema_device_location] => Relocation 高雄廠\n    [dema_system] => 1\n    [dema_site] => 1\n    [dema_floor] => 1\n    [dema_classify] => Process\n    [dema_version] => 3\n    [dema_move_in] => 0\n    [dema_turn_on] => 0\n    [dema_remark] => \n    [dema_editor] => 1\n)\n</pre>', '192.168.5.77', 1),
(1150, 1548766468, 1, '機台資料管理', 1, 1, '新增 P&ID資料 123456', '192.168.5.77', 1),
(1151, 1548766512, 1, '機台資料管理', 1, 3, '刪除 P&ID資料 流水號 60 內容:<pre>Array\n(\n    [dpid_sn] => 60\n    [dpid_add_date] => 1548766468\n    [dpid_mod_date] => 1548766468\n    [dpid_status] => 1\n    [jsuser_sn] => 1006\n    [dema_sn] => 184\n    [dpid_name] => 123456\n    [dpid_type] => 3\n    [dpid_url] => 60/20190129205428.pdf\n    [dpid_update] => 1548766468\n    [dpid_version] => 3\n    [dema_add_date] => 1548387604\n    [dema_mod_date] => 1548766468\n    [dema_status] => 1\n    [dema_device_project] => 1\n    [dema_device_num] => 1\n    [dema_device_name] => 1\n    [dema_device_location] => Relocation 高雄廠\n    [dema_system] => 1\n    [dema_site] => 1\n    [dema_floor] => 1\n    [dema_classify] => Process\n    [dema_version] => 3\n    [dema_move_in] => 0\n    [dema_turn_on] => 0\n    [dema_remark] => \n    [dema_editor] => 1\n)\n</pre>', '192.168.5.77', 1),
(1152, 1548767695, 0, '機台資料管理', 1, 2, '修改 機台 流水號 185 版次由 FAB C 修改為 , ', '192.168.5.77', 1),
(1153, 1548768215, 1, '機台資料管理', 1, 1, '新增 P&ID資料 test', '192.168.5.77', 1),
(1154, 1548768233, 0, '機台資料管理', 1, 2, '修改 機台 流水號 185 版次由 4 修改為 5, ', '192.168.5.77', 1),
(1155, 1548768256, 0, '機台資料管理', 1, 2, '修改 機台 流水號 185 版次由 5 修改為 6, ', '192.168.5.77', 1),
(1156, 1548768349, 1, '機台資料管理', 1, 1, '新增 P&ID資料 123', '192.168.5.77', 1),
(1157, 1548768427, 0, '機台資料管理', 1, 2, '修改 機台 流水號 185 版次由 6 修改為 7, ', '192.168.5.77', 1),
(1158, 1548768565, 1, '機台資料管理', 1, 1, '新增 P&ID資料 123', '192.168.5.77', 1),
(1159, 1548768568, 1, '機台資料管理', 1, 3, '刪除 P&ID資料 流水號 63 內容:<pre>Array\n(\n    [dpid_sn] => 63\n    [dpid_add_date] => 1548768565\n    [dpid_mod_date] => 1548768565\n    [dpid_status] => 1\n    [jsuser_sn] => 1007\n    [dema_sn] => 185\n    [dpid_name] => 123\n    [dpid_type] => 3\n    [dpid_url] => 63/20190129212925.pdf\n    [dpid_update] => 1548768565\n    [dpid_version] => 7\n    [dema_add_date] => 1548749443\n    [dema_mod_date] => 1548768565\n    [dema_status] => 1\n    [dema_device_project] => test2\n    [dema_device_num] => test2\n    [dema_device_name] => test2\n    [dema_device_location] => Move Out\n    [dema_system] => 1,2,3,4,5,6,7,8,9,10,11,12\n    [dema_site] => 2\n    [dema_floor] => 2\n    [dema_classify] => Metrology\n    [dema_version] => 7\n    [dema_move_in] => 1549900800\n    [dema_turn_on] => 1549900800\n    [dema_remark] => test2\n    [dema_editor] => 1\n)\n</pre>', '192.168.5.77', 1),
(1160, 1548768575, 1, '機台資料管理', 1, 1, '新增 P&ID資料 123', '192.168.5.77', 1),
(1161, 1548768754, 0, '機台資料管理', 1, 2, '修改 機台 流水號 185 版次由 7 修改為 8, ', '192.168.5.77', 1),
(1162, 1548808987, 0, '後臺登入', 1, 4, '登入帳號: admin, IP: 192.168.5.100', '192.168.5.100', 1),
(1163, 1548809626, 0, '後臺登入', 1, 4, '登入帳號: admin, IP: 192.168.5.100', '192.168.5.100', 1),
(1164, 1548810580, 0, '後臺登入', 1, 4, '登入帳號: admin, IP: 192.168.5.100', '192.168.5.100', 1),
(1165, 1548830789, 1, '機台資料管理', 1, 1, '新增 P&ID資料 p', '192.168.5.77', 1),
(1166, 1548830801, 1, '機台資料管理', 1, 1, '新增 Layout資料 m', '192.168.5.77', 1),
(1167, 1548834568, 1, '機台資料管理', 1, 1, '新增 Layout資料 m', '192.168.5.77', 1),
(1168, 1548834601, 1, '機台資料管理', 1, 1, '新增 QC資料 q', '192.168.5.77', 1),
(1169, 1548834619, 1, '機台資料管理', 1, 1, '新增 Turn On資料 t', '192.168.5.77', 1),
(1170, 1548834720, 1, '機台資料管理', 1, 3, '刪除 UM表資料 流水號 78 內容:<pre>Array\n(\n    [demu_sn] => 78\n    [demu_add_date] => 1548834650\n    [demu_mod_date] => 1548834650\n    [demu_status] => 1\n    [jsuser_sn] => 1007\n    [dema_sn] => 185\n    [demu_name] => x\n    [demu_type] => 1\n    [demu_url] => na.jpg\n    [demu_flow_data] => \n    [demu_update] => 1548834650\n    [demu_version] => 8\n    [dema_add_date] => 1548749443\n    [dema_mod_date] => 1548834619\n    [dema_status] => 1\n    [dema_device_project] => test2\n    [dema_device_num] => test2\n    [dema_device_name] => test2\n    [dema_device_location] => Move Out\n    [dema_system] => 1,2,3,4,5,6,7,8,9,10,11,12\n    [dema_site] => 2\n    [dema_floor] => 2\n    [dema_classify] => Metrology\n    [dema_version] => 8\n    [dema_move_in] => 1549900800\n    [dema_turn_on] => 1549900800\n    [dema_remark] => test2\n    [dema_editor] => 1\n)\n</pre>', '192.168.5.77', 1),
(1171, 1548834732, 1, '機台資料管理', 1, 1, '新增 UM表資料 q', '192.168.5.77', 1),
(1172, 1548834766, 1, '機台資料管理', 1, 3, '刪除 UM表資料 流水號 79 內容:<pre>Array\n(\n    [demu_sn] => 79\n    [demu_add_date] => 1548834732\n    [demu_mod_date] => 1548834732\n    [demu_status] => 1\n    [jsuser_sn] => 1007\n    [dema_sn] => 185\n    [demu_name] => q\n    [demu_type] => 4\n    [demu_url] => 79/20190130155212.xlsx\n    [demu_flow_data] => {\"POWER\":445,\"WATER\":{\"PCW\":206,\"UPW\":\"0\",\"SW\":15,\"CW\":\"0\"},\"BULKGAS\":{\"CDA\":\"0\",\"GN2\":435,\"PN2\":104,\"Par\":\"0\",\"PO2\":4.01,\"PHe\":\"0\",\"Go2\":\"0\",\"BA\":\"0\",\"CDO\":300,\"GO2\":100},\"SPECIALTYGAS\":{\"0.1%PH3/N2\":\"0\",\"20%F2/N2\":\"0\",\"3MS\":\"0\",\"4%H2/N2\":\"0\",\"4%PH3/He\":\"0\",\"B2H6(5%)/N2\":\"0\",\"BCl3\":\"0\",\"BCL3 5%/He\":\"0\",\"C2H2\":\"0\",\"C2H4\":\"0\",\"C3F8\":\"0\",\"C3H6\":\"0\",\"C4F6\":100,\"C4F8\":100,\"C5F8\":\"0\",\"CF4\":160,\"H2F2\":\"0\",\"CH3F\":\"0\",\"CH4\":\"0\",\"CHF3\":400,\"Cl2\":\"0\",\"ClF3\":\"0\",\"CO\":500,\"CO2\":100,\"COS\":\"0\",\"GeH4 10%/H2\":\"0\",\"HBr\":\"0\",\"HCl\":\"0\",\"HF\":\"0\",\"N2O\":\"0\",\"NF3\":\"0\",\"NG\":50000,\"NH3\":\"0\",\"NO\":\"0\",\"O2(30%)/He\":\"0\",\"PH2\":\"0\",\"PH3(1%)/H2\":\"0\",\"SF6\":\"0\",\"Si2H6\":\"0\",\"SiCl4\":\"0\",\"SiH2Cl2\":\"0\",\"SiH4\":\"0\",\"WF6\":\"0\"},\"CHEMICAL\":{\"HF\":\"0\",\"H2SO4\":\"0\",\"H2O2\":\"0\",\"NH4OH\":\"0\",\"IPA\":\"0\",\"NaOH\":\"0\",\"HCl\":\"0\",\"HF49%\":\"0\",\"HNO3\":\"0\",\"ATMI\":\"0\",\"PC\":\"0\",\"CuSO4\":\"0\",\"EKC 580\":\"0\",\"TMAH\":\"0\"},\"EXHAUST\":{\"GENEX\":215,\"AAEX\":177.5,\"AMEX\":\"0\",\"SOLEX\":\"0\"},\"VACUUM\":{\"PV\":\"0\",\"HV\":\"0\"}}\n    [demu_update] => 1548834732\n    [demu_version] => 8\n    [dema_add_date] => 1548749443\n    [dema_mod_date] => 1548834732\n    [dema_status] => 1\n    [dema_device_project] => test2\n    [dema_device_num] => test2\n    [dema_device_name] => test2\n    [dema_device_location] => Move Out\n    [dema_system] => 1,2,3,4,5,6,7,8,9,10,11,12\n    [dema_site] => 2\n    [dema_floor] => 2\n    [dema_classify] => Metrology\n    [dema_version] => 8\n    [dema_move_in] => 1549900800\n    [dema_turn_on] => 1549900800\n    [dema_remark] => test2\n    [dema_editor] => 1\n)\n</pre>', '192.168.5.77', 1),
(1173, 1548834788, 0, '機台資料管理', 1, 2, '修改 機台 流水號 185 版次由 8 修改為 9, ', '192.168.5.77', 1),
(1174, 1548838910, 0, '後臺登入', 1008, 4, '登入帳號: guest_test, IP: 192.168.5.77', '192.168.5.77', 1),
(1175, 1548845902, 1, '機台資料管理', 1, 1, '新增 機台 test', '192.168.5.77', 1),
(1176, 1548845914, 0, '機台資料管理', 1, 2, '修改 機台 流水號 186 專案名稱由 test 修改為 test1, ', '192.168.5.77', 1),
(1177, 1548845927, 0, '機台資料管理', 1, 2, '修改 機台 流水號 186 廠別由 FAB A 修改為 FAB B, ', '192.168.5.77', 1),
(1178, 1548845970, 1, '機台資料管理', 1, 1, '新增 P&ID資料 1', '192.168.5.77', 1),
(1179, 1548845978, 1, '機台資料管理', 1, 1, '新增 P&ID資料 1', '192.168.5.77', 1),
(1180, 1548845989, 1, '機台資料管理', 1, 1, '新增 Layout資料 1', '192.168.5.77', 1),
(1181, 1548845997, 1, '機台資料管理', 1, 1, '新增 Layout資料 1', '192.168.5.77', 1),
(1182, 1548846005, 1, '機台資料管理', 1, 1, '新增 UM表資料 1', '192.168.5.77', 1),
(1183, 1548846011, 1, '機台資料管理', 1, 1, '新增 UM表資料 1', '192.168.5.77', 1),
(1184, 1548846018, 1, '機台資料管理', 1, 1, '新增 QC資料 1', '192.168.5.77', 1),
(1185, 1548846031, 1, '機台資料管理', 1, 1, '新增 QC資料 1', '192.168.5.77', 1),
(1186, 1548846041, 1, '機台資料管理', 1, 1, '新增 Turn On資料 1', '192.168.5.77', 1),
(1187, 1548846047, 1, '機台資料管理', 1, 1, '新增 Turn On資料 1', '192.168.5.77', 1),
(1188, 1548846149, 1, '機台資料管理', 1, 3, '刪除 機台  test 內容:<pre>Array\n(\n    [dema_sn] => 186\n    [dema_add_date] => 1548845902\n    [dema_mod_date] => 1548846047\n    [dema_status] => 1\n    [jsuser_sn] => 1006\n    [dema_device_project] => test1\n    [dema_device_num] => test\n    [dema_device_name] => test\n    [dema_device_location] => Relocation 高雄廠\n    [dema_system] => 1\n    [dema_site] => 2\n    [dema_floor] => 1\n    [dema_classify] => Process\n    [dema_version] => 1\n    [dema_move_in] => 0\n    [dema_turn_on] => 0\n    [dema_remark] => \n    [dema_editor] => 1\n)\n</pre>', '192.168.5.77', 1),
(1228, 1548899265, 0, '後臺登入', 1, 4, '登入帳號: admin, IP: ::1', '::1', 1),
(1229, 1548919884, 0, '後臺登入', 1, 4, '登入帳號: admin, IP: ::1', '::1', 1),
(1230, 1549007807, 0, '後臺登入', 1, 4, '登入帳號: admin, IP: ::1', '::1', 1),
(1231, 1549074940, 0, '後臺登入', 1, 4, '登入帳號: admin, IP: ::1', '::1', 1),
(1232, 1549078153, 0, '後臺登入', 1, 4, '登入帳號: admin, IP: ::1', '::1', 1),
(1233, 1549078208, 0, '後臺登入', 1, 4, '登入帳號: admin, IP: ::1', '::1', 1),
(1234, 1549078408, 0, '後臺登入', 1, 4, '登入帳號: admin, IP: ::1', '::1', 1),
(1235, 1549078803, 0, '後臺登入', 1, 4, '登入帳號: admin, IP: ::1', '::1', 1),
(1236, 1550983526, 0, '後臺登入', 1, 4, '登入帳號: admin, IP: ::1', '::1', 1),
(1237, 1550983635, 0, '後臺登入', 1, 4, '登入帳號: admin, IP: ::1', '::1', 1),
(1238, 1550986417, 0, '後臺登入', 1, 4, '登入帳號: admin, IP: ::1', '::1', 1),
(1239, 1550988390, 0, '後臺登入', 1, 4, '登入帳號: admin, IP: ::1', '::1', 1),
(1240, 1550993269, 0, '後臺登入', 1, 4, '登入帳號: admin, IP: ::1', '::1', 1),
(1241, 1550995809, 0, '後臺登入', 1, 4, '登入帳號: admin, IP: ::1', '::1', 1),
(1242, 1550995889, 0, '後臺登入', 1, 4, '登入帳號: admin, IP: ::1', '::1', 1),
(1243, 1551065158, 0, '後臺登入', 1, 4, '登入帳號: admin, IP: ::1', '::1', 1),
(1244, 1551069473, 0, '後臺登入', 1, 4, '登入帳號: admin, IP: ::1', '::1', 1),
(1245, 1551080672, 0, '後臺登入', 1, 4, '登入帳號: admin, IP: ::1', '::1', 1),
(1246, 1551081357, 0, '後臺登入', 1, 4, '登入帳號: admin, IP: ::1', '::1', 1),
(1247, 1551083891, 0, '後臺登入', 1, 4, '登入帳號: admin, IP: ::1', '::1', 1),
(1248, 1551086649, 0, '後臺登入', 1, 4, '登入帳號: admin, IP: ::1', '::1', 1),
(1249, 1551098152, 0, '後臺登入', 1, 4, '登入帳號: admin, IP: ::1', '::1', 1),
(1250, 1551183570, 0, '後臺登入', 1, 4, '登入帳號: admin, IP: ::1', '::1', 1),
(1251, 1551229479, 0, '後臺登入', 1, 4, '登入帳號: admin, IP: ::1', '::1', 1),
(1252, 1551276928, 0, '後臺登入', 1, 4, '登入帳號: admin, IP: ::1', '::1', 1),
(1253, 1551277074, 0, '後臺登入', 1, 4, '登入帳號: admin, IP: ::1', '::1', 1),
(1254, 1551277194, 0, '後臺登入', 1, 4, '登入帳號: admin, IP: ::1', '::1', 1),
(1255, 1551316594, 0, '後臺登入', 1, 4, '登入帳號: admin, IP: ::1', '::1', 1),
(1256, 1551318705, 0, '後臺登入', 1, 4, '登入帳號: admin, IP: ::1', '::1', 1),
(1257, 1551319243, 0, '後臺登入', 1, 4, '登入帳號: admin, IP: ::1', '::1', 1),
(1258, 1551347200, 0, '後臺登入', 1, 4, '登入帳號: admin, IP: ::1', '::1', 1),
(1259, 1551358234, 0, '後臺登入', 1, 4, '登入帳號: admin, IP: ::1', '::1', 1),
(1260, 1551370112, 0, '後臺登入', 1, 4, '登入帳號: admin, IP: ::1', '::1', 1),
(1261, 1551375303, 0, '後臺登入', 1, 4, '登入帳號: admin, IP: ::1', '::1', 1),
(1262, 1551401213, 0, '後臺登入', 1, 4, '登入帳號: admin, IP: ::1', '::1', 1),
(1263, 1551405636, 0, '後臺登入', 1, 4, '登入帳號: admin, IP: ::1', '::1', 1),
(1264, 1551406153, 0, '後臺登入', 1, 4, '登入帳號: admin, IP: ::1', '::1', 1),
(1265, 1551425891, 0, '後臺登入', 1, 4, '登入帳號: admin, IP: ::1', '::1', 1),
(1266, 1551427952, 0, '後臺登入', 1, 4, '登入帳號: admin, IP: ::1', '::1', 1),
(1267, 1551458403, 0, '後臺登入', 1, 4, '登入帳號: admin, IP: ::1', '::1', 1),
(1268, 1551495386, 0, '後臺登入', 1, 4, '登入帳號: admin, IP: ::1', '::1', 1),
(1269, 1551576058, 0, '後臺登入', 1, 4, '登入帳號: admin, IP: ::1', '::1', 1),
(1270, 1551609632, 0, '後臺登入', 1, 4, '登入帳號: admin, IP: ::1', '::1', 1),
(1271, 1551659452, 0, '後臺登入', 1, 4, '登入帳號: admin, IP: ::1', '::1', 1),
(1272, 1551662667, 0, '後臺登入', 1, 4, '登入帳號: admin, IP: ::1', '::1', 1),
(1273, 1551671504, 0, '後臺登入', 1, 4, '登入帳號: admin, IP: ::1', '::1', 1),
(1274, 1551676504, 0, '後臺登入', 1, 4, '登入帳號: admin, IP: ::1', '::1', 1),
(1275, 1551691476, 0, '後臺登入', 1, 4, '登入帳號: admin, IP: ::1', '::1', 1),
(1276, 1551755468, 0, '後臺登入', 1, 4, '登入帳號: admin, IP: ::1', '::1', 1),
(1277, 1551834306, 0, '後臺登入', 1, 4, '登入帳號: admin, IP: ::1', '::1', 1),
(1278, 1551838668, 0, '後臺登入', 1, 4, '登入帳號: admin, IP: ::1', '::1', 1);
INSERT INTO `js_history` (`jshist_sn`, `jshist_add_date`, `jshist_sys_type`, `jshist_sys_type_desc`, `jshist_user`, `jshist_op_type`, `jshist_op_desc`, `jshist_ip`, `jsft_sn`) VALUES
(1279, 1551844176, 0, '後臺登入', 1, 4, '登入帳號: admin, IP: ::1', '::1', 1),
(1280, 1551844373, 0, '後臺登入', 1, 4, '登入帳號: admin, IP: ::1', '::1', 1),
(1281, 1551844403, 0, '後臺登入', 1, 4, '登入帳號: admin, IP: ::1', '::1', 1),
(1282, 1551873046, 0, '後臺登入', 1, 4, '登入帳號: admin, IP: ::1', '::1', 1),
(1283, 1551878191, 0, '後臺登入', 1, 4, '登入帳號: admin, IP: ::1', '::1', 1),
(1284, 1551880144, 0, '後臺登入', 1, 4, '登入帳號: admin, IP: ::1', '::1', 1),
(1285, 1551881135, 0, '後臺登入', 1, 4, '登入帳號: admin, IP: ::1', '::1', 1),
(1286, 1551881305, 0, '後臺登入', 1, 4, '登入帳號: admin, IP: ::1', '::1', 1),
(1287, 1551881546, 0, '後臺登入', 1, 4, '登入帳號: admin, IP: ::1', '::1', 1),
(1288, 1551895075, 0, '後臺登入', 1, 4, '登入帳號: 1234, IP: ::1', '::1', 1),
(1289, 1551898953, 0, '後臺登入', 1, 4, '登入帳號: 1234, IP: ::1', '::1', 1),
(1290, 1551919246, 0, '後臺登入', 1008, 4, '登入帳號: Henry, IP: ::1', '::1', 1),
(1291, 1558320512, 0, '後臺登入', 1, 4, '登入帳號: 1234, IP: ::1', '::1', 1),
(1292, 1558428525, 0, '後臺登入', 1, 4, '登入帳號: 1234, IP: ::1', '::1', 1),
(1293, 1558705008, 0, '後臺登入', 1, 4, '登入帳號: 1234, IP: ::1', '::1', 1),
(1294, 1558762432, 0, '後臺登入', 1, 4, '登入帳號: 1234, IP: ::1', '::1', 1),
(1295, 1558950541, 0, '後臺登入', 1010, 4, '登入帳號: webuser1, IP: 220.130.228.90', '220.130.228.90', 1),
(1296, 1558951048, 0, '後臺登入', 1010, 4, '登入帳號: webuser1, IP: 220.130.228.90', '220.130.228.90', 1),
(1297, 1558952176, 0, '後臺登入', 1, 4, '登入帳號: 1234, IP: 220.130.228.90', '220.130.228.90', 1),
(1298, 1558956176, 0, '後臺登入', 1, 4, '登入帳號: 1234, IP: 122.121.238.78', '122.121.238.78', 1),
(1299, 1558983499, 0, '後臺登入', 1010, 4, '登入帳號: webuser1, IP: 114.47.22.172', '114.47.22.172', 1),
(1300, 1559003041, 0, '後臺登入', 1010, 4, '登入帳號: webuser1, IP: 61.227.102.215', '61.227.102.215', 1),
(1301, 1559039550, 0, '後臺登入', 1, 4, '登入帳號: 1234, IP: 122.121.242.127', '122.121.242.127', 1),
(1302, 1559100825, 0, '後臺登入', 1, 4, '登入帳號: 1234, IP: 223.139.118.1', '223.139.118.1', 1),
(1303, 1559279730, 0, '後臺登入', 1010, 4, '登入帳號: webuser1, IP: 111.255.43.222', '111.255.43.222', 1),
(1304, 1559292728, 0, '後臺登入', 1010, 4, '登入帳號: webuser1, IP: 111.255.43.222', '111.255.43.222', 1),
(1305, 1559404058, 0, '後臺登入', 1010, 4, '登入帳號: webuser1, IP: 111.242.52.61', '111.242.52.61', 1),
(1306, 1559404500, 0, '後臺登入', 1010, 4, '登入帳號: webuser1, IP: 114.40.139.61', '114.40.139.61', 1),
(1307, 1559478083, 0, '後臺登入', 1010, 4, '登入帳號: webuser1, IP: 49.215.226.5', '49.215.226.5', 1),
(1308, 1559478813, 0, '後臺登入', 1010, 4, '登入帳號: webuser1, IP: 203.79.236.126', '203.79.236.126', 1),
(1309, 1559480293, 0, '後臺登入', 1010, 4, '登入帳號: webuser1, IP: 101.9.3.204', '101.9.3.204', 1),
(1310, 1559480512, 0, '後臺登入', 1010, 4, '登入帳號: webuser1, IP: 101.9.216.17', '101.9.216.17', 1),
(1311, 1559480962, 0, '後臺登入', 1010, 4, '登入帳號: webuser1, IP: 114.40.93.27', '114.40.93.27', 1),
(1312, 1559481153, 0, '後臺登入', 1010, 4, '登入帳號: webuser1, IP: 203.79.236.126', '203.79.236.126', 1),
(1313, 1559522288, 0, '後臺登入', 1010, 4, '登入帳號: webuser1, IP: 60.249.144.245', '60.249.144.245', 1),
(1314, 1559523631, 0, '後臺登入', 1, 4, '登入帳號: 1234, IP: 220.130.228.90', '220.130.228.90', 1),
(1315, 1559526667, 0, '後臺登入', 1, 4, '登入帳號: 1234, IP: 220.130.228.90', '220.130.228.90', 1),
(1316, 1559529726, 0, '後臺登入', 1011, 4, '登入帳號: webuser2, IP: 122.146.57.245', '122.146.57.245', 1),
(1317, 1559613958, 0, '後臺登入', 1011, 4, '登入帳號: webuser2, IP: 122.146.57.245', '122.146.57.245', 1),
(1318, 1559618320, 0, '後臺登入', 1, 4, '登入帳號: 1234, IP: 211.23.135.210', '211.23.135.210', 1),
(1319, 1559628330, 0, '後臺登入', 1010, 4, '登入帳號: webuser1, IP: 59.127.243.105', '59.127.243.105', 1),
(1320, 1559628637, 0, '後臺登入', 1010, 4, '登入帳號: webuser1, IP: 114.40.58.217', '114.40.58.217', 1),
(1321, 1559696468, 0, '後臺登入', 1011, 4, '登入帳號: webuser2, IP: 122.146.57.245', '122.146.57.245', 1),
(1322, 1559802252, 0, '後臺登入', 1012, 4, '登入帳號: webuser3, IP: 1.172.62.96', '1.172.62.96', 1),
(1323, 1560070617, 0, '後臺登入', 1, 4, '登入帳號: 1234, IP: 223.138.106.236', '223.138.106.236', 1),
(1324, 1560148165, 0, '後臺登入', 1012, 4, '登入帳號: webuser3, IP: 111.255.35.219', '111.255.35.219', 1),
(1325, 1560151997, 0, '後臺登入', 1011, 4, '登入帳號: webuser2, IP: 122.146.57.245', '122.146.57.245', 1),
(1326, 1560229462, 0, '後臺登入', 1010, 4, '登入帳號: webuser1, IP: 1.172.63.2', '1.172.63.2', 1),
(1327, 1560231808, 0, '後臺登入', 1011, 4, '登入帳號: webuser2, IP: 122.146.57.245', '122.146.57.245', 1),
(1328, 1560235946, 0, '後臺登入', 1, 4, '登入帳號: 1234, IP: 42.77.49.38', '42.77.49.38', 1),
(1329, 1560330561, 0, '後臺登入', 1012, 4, '登入帳號: webuser3, IP: 1.172.63.2', '1.172.63.2', 1),
(1330, 1560400349, 0, '後臺登入', 1, 4, '登入帳號: 1234, IP: 101.137.144.4', '101.137.144.4', 1),
(1331, 1560472181, 0, '後臺登入', 1012, 4, '登入帳號: webuser3, IP: 114.40.56.34', '114.40.56.34', 1),
(1332, 1560493592, 0, '後臺登入', 1010, 4, '登入帳號: webuser1, IP: 114.40.56.34', '114.40.56.34', 1),
(1333, 1560567420, 0, '後臺登入', 1010, 4, '登入帳號: webuser1, IP: 114.40.56.34', '114.40.56.34', 1),
(1334, 1560699630, 0, '後臺登入', 1010, 4, '登入帳號: webuser1, IP: 115.82.138.255', '115.82.138.255', 1),
(1335, 1560712432, 0, '後臺登入', 1010, 4, '登入帳號: webuser1, IP: 118.171.122.82', '118.171.122.82', 1),
(1336, 1560744998, 0, '後臺登入', 1010, 4, '登入帳號: webuser1, IP: 118.171.122.82', '118.171.122.82', 1),
(1337, 1560764058, 0, '後臺登入', 1, 4, '登入帳號: 1234, IP: 220.130.228.90', '220.130.228.90', 1),
(1338, 1560820957, 0, '後臺登入', 1010, 4, '登入帳號: webuser1, IP: 118.171.122.82', '118.171.122.82', 1),
(1339, 1560841640, 0, '後臺登入', 1010, 4, '登入帳號: webuser1, IP: 118.171.122.82', '118.171.122.82', 1),
(1340, 1560842914, 0, '後臺登入', 1, 4, '登入帳號: 1234, IP: 220.130.228.90', '220.130.228.90', 1),
(1341, 1560920648, 0, '後臺登入', 1, 4, '登入帳號: 1234, IP: 220.130.228.90', '220.130.228.90', 1),
(1342, 1560992167, 0, '後臺登入', 1, 4, '登入帳號: 1234, IP: 220.130.228.90', '220.130.228.90', 1),
(1343, 1560995055, 0, '後臺登入', 1010, 4, '登入帳號: webuser1, IP: 115.82.138.255', '115.82.138.255', 1),
(1344, 1560997236, 0, '後臺登入', 1010, 4, '登入帳號: webuser1, IP: 117.19.168.131', '117.19.168.131', 1),
(1345, 1561108814, 0, '後臺登入', 1, 4, '登入帳號: 1234, IP: 220.130.228.90', '220.130.228.90', 1),
(1346, 1561108815, 0, '後臺登入', 1, 4, '登入帳號: 1234, IP: 220.130.228.90', '220.130.228.90', 1),
(1347, 1561108819, 0, '後臺登入', 1, 4, '登入帳號: 1234, IP: 198.12.128.3', '198.12.128.3', 1),
(1348, 1561108830, 0, '後臺登入', 1, 4, '登入帳號: 1234, IP: 198.12.128.3', '198.12.128.3', 1),
(1349, 1561109355, 0, '後臺登入', 1, 4, '登入帳號: 1234, IP: 198.12.128.3', '198.12.128.3', 1),
(1350, 1561183749, 0, '後臺登入', 1, 4, '登入帳號: 1234, IP: 122.121.72.111', '122.121.72.111', 1),
(1351, 1561189091, 0, '後臺登入', 1010, 4, '登入帳號: webuser1, IP: 36.237.12.149', '36.237.12.149', 1),
(1352, 1561189399, 0, '後臺登入', 1010, 4, '登入帳號: webuser1, IP: 36.237.12.149', '36.237.12.149', 1),
(1353, 1561278040, 0, '後臺登入', 1, 4, '登入帳號: 1234, IP: 27.246.99.254', '27.246.99.254', 1),
(1354, 1561289261, 0, '後臺登入', 1, 4, '登入帳號: 1234, IP: 27.246.99.254', '27.246.99.254', 1),
(1355, 1561289277, 0, '後臺登入', 1, 4, '登入帳號: 1234, IP: 122.121.72.111', '122.121.72.111', 1),
(1356, 1561290744, 0, '後臺登入', 1, 4, '登入帳號: 1234, IP: 42.72.5.103', '42.72.5.103', 1),
(1357, 1561316477, 0, '後臺登入', 1010, 4, '登入帳號: webuser1, IP: 36.237.12.149', '36.237.12.149', 1),
(1358, 1561349176, 0, '後臺登入', 1010, 4, '登入帳號: webuser1, IP: 114.39.129.19', '114.39.129.19', 1),
(1359, 1561357242, 0, '後臺登入', 1, 4, '登入帳號: 1234, IP: 27.52.66.119', '27.52.66.119', 1),
(1360, 1561360345, 0, '後臺登入', 1, 4, '登入帳號: 1234, IP: 220.130.228.90', '220.130.228.90', 1),
(1361, 1561535054, 0, '後臺登入', 1, 4, '登入帳號: 1234, IP: 220.130.48.125', '220.130.48.125', 1),
(1362, 1561560466, 0, '後臺登入', 1, 4, '登入帳號: 1234, IP: 122.121.60.78', '122.121.60.78', 1),
(1363, 1561601002, 0, '後臺登入', 1010, 4, '登入帳號: webuser1, IP: 114.39.129.19', '114.39.129.19', 1),
(1364, 1561615465, 0, '後臺登入', 1, 4, '登入帳號: 1234, IP: 220.130.228.90', '220.130.228.90', 1),
(1365, 1561615532, 0, '後臺登入', 1, 4, '登入帳號: 1234, IP: 223.138.171.233', '223.138.171.233', 1);

-- --------------------------------------------------------

--
-- 資料表結構 `js_mail`
--

CREATE TABLE `js_mail` (
  `jsmail_sn` int(10) UNSIGNED NOT NULL,
  `jsmail_add_date` int(10) UNSIGNED NOT NULL DEFAULT '0',
  `jsmail_status` tinyint(3) NOT NULL DEFAULT '1' COMMENT '-1 刪除 1: 啟用 2:關閉',
  `jsmail_subject` varchar(512) DEFAULT '',
  `jsmail_content` longtext,
  `jsmail_files` text,
  `jsmail_mail_to` varchar(1024) NOT NULL,
  `jsmail_send_date` int(10) UNSIGNED NOT NULL DEFAULT '0',
  `jsmail_send_result` char(1) NOT NULL DEFAULT 'X' COMMENT 'X: Not send, P: Processing, O: OK, E: Error',
  `jsmail_send_desc` varchar(1024) DEFAULT ''
) ENGINE=MyISAM DEFAULT CHARSET=utf8;

-- --------------------------------------------------------

--
-- 資料表結構 `js_online`
--

CREATE TABLE `js_online` (
  `jsol_sn` int(11) NOT NULL,
  `jsuser_sn` int(10) NOT NULL,
  `jsol_start` int(10) NOT NULL COMMENT '開始時間',
  `jsol_end` int(10) NOT NULL COMMENT '結束時間',
  `jsol_count` int(11) NOT NULL COMMENT '時間統計'
) ENGINE=InnoDB DEFAULT CHARSET=utf8 COMMENT='在線時間';

--
-- 資料表的匯出資料 `js_online`
--

INSERT INTO `js_online` (`jsol_sn`, `jsuser_sn`, `jsol_start`, `jsol_end`, `jsol_count`) VALUES
(75, 1, 1508736125, 1508736524, 399),
(76, 1006, 1508736132, 1508736352, 220),
(106, 1, 1508738761, 1508738947, 186),
(107, 1, 1508739021, 1508739223, 202),
(108, 1, 1508740403, 1508740883, 480),
(110, 1, 1508741230, 1508741862, 632),
(113, 1, 1508741912, 1508742480, 568),
(114, 1, 1508742511, 1508742773, 262),
(115, 1, 1508742862, 1508743049, 187),
(116, 1, 1508743114, 1508743344, 230),
(117, 1007, 1508743145, 1508743333, 188),
(119, 1008, 1508743155, 1508743340, 185),
(121, 1, 1508744552, 1508744767, 215),
(122, 1, 1508825575, 1508825755, 180),
(123, 1, 1508831788, 1508832187, 399),
(124, 1, 1508834778, 1508834958, 180),
(125, 1, 1508838527, 1508838714, 187),
(126, 1, 1508838753, 1508838933, 180),
(127, 1, 1508839013, 1508839486, 473),
(128, 1, 1508839609, 1508839928, 319),
(129, 1, 1508840734, 1508840914, 180),
(130, 1, 1508841051, 1508841238, 187),
(131, 1, 1508841492, 1508841844, 352),
(133, 1, 1508841993, 1508842173, 180),
(134, 1, 1508842174, 1508843089, 915),
(135, 1, 1508894600, 1508895012, 412),
(136, 1, 1508895135, 1508895360, 225),
(137, 1, 1508895703, 1508896093, 390),
(138, 1, 1508896146, 1508896706, 560),
(139, 1, 1508896717, 1508896897, 180),
(140, 1, 1508896952, 1508897357, 405),
(141, 1, 1508899638, 1508900129, 491),
(143, 1, 1508900566, 1508901169, 603),
(145, 1, 1508901362, 1508901572, 210),
(146, 1, 1508902393, 1508902584, 191),
(147, 1, 1508903559, 1508903889, 330),
(148, 1, 1508903925, 1508904148, 223),
(150, 1, 1508907127, 1508907340, 213),
(151, 1, 1508911748, 1508911974, 226),
(152, 1, 1508912006, 1508912262, 256),
(153, 1, 1508912349, 1508912531, 182),
(154, 1, 1508913255, 1508913435, 180),
(155, 1, 1508913632, 1508913812, 180),
(156, 1, 1508914563, 1508914775, 212),
(159, 1, 1509506042, 1509506222, 180),
(160, 1, 1509506238, 1509506857, 619),
(161, 1, 1509686048, 1509686230, 182),
(162, 1, 1510205779, 1510205959, 180),
(163, 1, 1510206097, 1510206277, 180),
(164, 1, 1510207892, 1510208157, 265),
(165, 1, 1510208295, 1510208597, 302),
(167, 125, 1510731742, 1510731922, 180),
(168, 1, 1510731746, 1510732144, 398),
(169, 1, 1510732169, 1510732459, 290),
(170, 1, 1510732706, 1510733101, 395),
(171, 1, 1510733315, 1510734102, 787),
(172, 1, 1510734120, 1510734328, 208),
(173, 1, 1510734398, 1510734594, 196),
(174, 1, 1510735282, 1510735465, 183),
(175, 1, 1510735479, 1510735661, 182),
(176, 1, 1510815293, 1510815473, 180),
(177, 1, 1510904512, 1510904700, 188),
(178, 1, 1511175446, 1511175775, 329),
(180, 1, 1511945012, 1511945208, 196),
(181, 1, 1511945606, 1511945881, 275),
(182, 1008, 1511945628, 1511945808, 180),
(183, 1, 1511946511, 1511946841, 330),
(184, 1, 1511946914, 1511947100, 186),
(186, 1, 1512008451, 1512008636, 185),
(187, 1, 1512031553, 1512031741, 188),
(188, 1, 1512031757, 1512032103, 346),
(189, 1, 1512032294, 1512032505, 211),
(190, 1, 1512032837, 1512033262, 425),
(195, 1, 1512033435, 1512034284, 849),
(209, 1, 1512115408, 1512115610, 202),
(211, 1, 1512461065, 1512461736, 671),
(213, 1, 1512465735, 1512465929, 194),
(214, 1, 1512466280, 1512466562, 282),
(215, 1, 1512521150, 1512521330, 180),
(216, 1, 1512607568, 1512607748, 180),
(217, 1, 1512637863, 1512638190, 327),
(218, 1, 1512694473, 1512695454, 981),
(227, 1, 1512695606, 1512697860, 2254),
(260, 1, 1512698236, 1512698416, 180),
(261, 1, 1512698706, 1512698886, 180),
(262, 1, 1512699149, 1512699329, 180),
(263, 1, 1512700560, 1512700740, 180),
(264, 1, 1512700995, 1512701267, 272),
(265, 1, 1512702127, 1512702370, 243),
(266, 1, 1512702407, 1512702873, 466),
(267, 1, 1512702972, 1512703152, 180),
(268, 1, 1512703962, 1512704142, 180),
(269, 1, 1512704612, 1512704839, 227),
(270, 1, 1512704924, 1512705275, 351),
(271, 1, 1512705411, 1512705792, 381),
(272, 1, 1512709797, 1512711121, 1324),
(281, 1, 1512711183, 1512711855, 672),
(289, 1, 1512712033, 1512712344, 311),
(291, 1, 1512713287, 1512713467, 180),
(293, 1, 1512713844, 1512714031, 187),
(294, 1, 1512714145, 1512715980, 1835),
(296, 1009, 1512714663, 1512714853, 190),
(299, 1009, 1512715150, 1512715964, 814),
(300, 1, 1512716154, 1512716334, 180),
(301, 1, 1512955847, 1512956784, 937),
(302, 1, 1512957057, 1512957584, 527),
(303, 1, 1512959885, 1512960065, 180),
(304, 1, 1512960086, 1512960292, 206),
(305, 1, 1512960293, 1512960894, 601),
(306, 1, 1512960912, 1512961113, 201),
(307, 1, 1512962231, 1512962411, 180),
(308, 1, 1512962761, 1512963061, 300),
(309, 1, 1512963065, 1512963260, 195),
(310, 1, 1512975558, 1512975871, 313),
(311, 1, 1512976238, 1512976999, 761),
(336, 1, 1512977423, 1512977676, 253),
(337, 1, 1513047485, 1513047777, 292),
(341, 1, 1513058887, 1513059603, 716),
(342, 1, 1513059632, 1513060689, 1057),
(343, 1, 1513060765, 1513061512, 747),
(344, 1, 1513061557, 1513063666, 2109),
(345, 1, 1513063726, 1513064078, 352),
(346, 125, 1513129663, 1513129843, 180),
(347, 1, 1513129674, 1513130843, 1169),
(349, 1, 1513131770, 1513132119, 349),
(350, 1, 1513132812, 1513134105, 1293),
(351, 1, 1513134111, 1513134498, 387),
(352, 1007, 1513134214, 1513134398, 184),
(353, 1, 1513134629, 1513134812, 183),
(354, 1, 1513134831, 1513135570, 739),
(355, 1, 1513135624, 1513135804, 180),
(356, 1, 1513136365, 1513136961, 596),
(361, 1, 1513137058, 1513137529, 471),
(365, 1, 1513141557, 1513142927, 1370),
(371, 1, 1513148235, 1513148417, 182),
(372, 1, 1513150049, 1513150486, 437),
(373, 1, 1513150499, 1513150766, 267),
(374, 1, 1513151256, 1513152804, 1548),
(375, 1, 1513154429, 1513157268, 2839),
(378, 1, 1513157590, 1513158431, 841),
(379, 1, 1513158615, 1513158806, 191),
(380, 1, 1513163424, 1513163978, 554),
(382, 1, 1513232214, 1513232394, 180),
(383, 1, 1513233329, 1513233865, 536),
(388, 1, 1513234002, 1513234182, 180),
(389, 1, 1513234193, 1513234637, 444),
(413, 1, 1513234885, 1513235065, 180),
(414, 1, 1513235072, 1513235516, 444),
(415, 1, 1513235610, 1513236120, 510),
(423, 1, 1513236163, 1513237209, 1046),
(440, 1, 1513237446, 1513238308, 862),
(462, 1, 1513238470, 1513239307, 837),
(482, 1, 1513241653, 1513241833, 180),
(485, 1, 1513242306, 1513242486, 180),
(486, 1, 1513297088, 1513297268, 180),
(487, 1, 1513316462, 1513316678, 216),
(488, 1006, 1513316585, 1513316771, 186),
(490, 1006, 1513316781, 1513317309, 528),
(493, 1, 1513316955, 1513317135, 180),
(501, 1006, 1513317392, 1513319330, 1938),
(564, 1006, 1513319645, 1513322373, 2728),
(655, 1006, 1513322521, 1513322701, 180),
(656, 1006, 1513323448, 1513323853, 405),
(668, 1006, 1513324786, 1513324977, 191),
(671, 1006, 1513327628, 1513328197, 569),
(688, 1006, 1513328876, 1513329056, 180),
(689, 1, 1513333368, 1513334114, 746),
(690, 164, 1513333503, 1513333683, 180),
(694, 1, 1513334152, 1513335486, 1334),
(696, 1006, 1513556656, 1513560306, 3650),
(754, 1, 1513557749, 1513558601, 852),
(826, 1, 1513558659, 1513559463, 804),
(901, 1, 1513559480, 1513560288, 808),
(951, 1006, 1513560344, 1513560524, 180),
(952, 1, 1513560552, 1513560927, 375),
(955, 1, 1513561028, 1513561382, 354),
(956, 1006, 1513561572, 1513561755, 183),
(958, 1, 1513562820, 1513563548, 728),
(961, 1006, 1513563476, 1513563774, 298),
(962, 1006, 1513563883, 1513564594, 711),
(963, 1, 1513564144, 1513564487, 343),
(965, 1006, 1513564714, 1513565653, 939),
(967, 1, 1513564743, 1513564936, 193),
(976, 1, 1513565571, 1513565751, 180),
(977, 1, 1513566909, 1513567312, 403),
(978, 164, 1513566958, 1513567138, 180),
(979, 1, 1513571815, 1513572158, 343),
(994, 1, 1513573336, 1513573631, 295),
(995, 1, 1513575573, 1513576358, 785),
(1010, 1, 1513576800, 1513577062, 262),
(1011, 1, 1513577081, 1513577664, 583),
(1012, 1, 1513580035, 1513580215, 180),
(1013, 1, 1513580414, 1513580638, 224),
(1015, 1, 1513580726, 1513580906, 180),
(1016, 1, 1513581036, 1513581359, 323),
(1017, 1, 1513581512, 1513582066, 554),
(1018, 1, 1513582098, 1513582278, 180),
(1019, 1, 1513582775, 1513582955, 180),
(1020, 1, 1513584220, 1513584400, 180),
(1021, 1, 1513584590, 1513584800, 210),
(1022, 1006, 1513587806, 1513588229, 423),
(1024, 1, 1513589663, 1513589843, 180),
(1025, 164, 1513589693, 1513589875, 182),
(1026, 1, 1513591063, 1513591250, 187),
(1027, 1009, 1513591285, 1513591549, 264),
(1028, 1, 1513591329, 1513591554, 225),
(1029, 1, 1513593521, 1513593708, 187),
(1030, 1009, 1513593759, 1513593939, 180),
(1031, 1, 1513594139, 1513594945, 806),
(1032, 1009, 1513594154, 1513594416, 262),
(1033, 1009, 1513594573, 1513595159, 586),
(1034, 1, 1513595050, 1513595230, 180),
(1035, 1009, 1513595169, 1513595490, 321),
(1036, 1, 1513595337, 1513596172, 835),
(1037, 1009, 1513595702, 1513596325, 623),
(1038, 1, 1513596174, 1513596451, 277),
(1039, 1, 1513596478, 1513596658, 180),
(1040, 1009, 1513596503, 1513598041, 1538),
(1041, 1, 1513596698, 1513596878, 180),
(1042, 1, 1513596882, 1513597732, 850),
(1043, 1, 1513597873, 1513598053, 180),
(1044, 1009, 1513598054, 1513598670, 616),
(1045, 1, 1513598173, 1513598353, 180),
(1046, 1, 1513598380, 1513599824, 1444),
(1047, 1009, 1513598693, 1513600160, 1467),
(1048, 1009, 1513600171, 1513601089, 918),
(1049, 1, 1513600290, 1513601394, 1104),
(1050, 1009, 1513601284, 1513601881, 597),
(1051, 1, 1513601577, 1513601757, 180),
(1052, 1, 1513604792, 1513604972, 180),
(1053, 1, 1513605123, 1513606088, 965),
(1054, 1, 1513606095, 1513606275, 180),
(1055, 1, 1513606296, 1513607408, 1112),
(1056, 1, 1513607433, 1513608067, 634),
(1057, 1, 1513608278, 1513608722, 444),
(1058, 1, 1513608811, 1513608991, 180),
(1059, 1, 1513609016, 1513609244, 228),
(1060, 1, 1513609298, 1513609562, 264),
(1061, 1, 1513610080, 1513610522, 442),
(1062, 1, 1513610715, 1513610895, 180),
(1063, 1, 1513611011, 1513611191, 180),
(1064, 1, 1513611401, 1513611796, 395),
(1065, 1006, 1513644145, 1513644996, 851),
(1066, 1, 1513644271, 1513644466, 195),
(1084, 1006, 1513645659, 1513645839, 180),
(1085, 1006, 1513645938, 1513646232, 294),
(1086, 1, 1513646111, 1513646415, 304),
(1087, 1009, 1513646746, 1513646977, 231),
(1088, 1, 1513647553, 1513647745, 192),
(1089, 1009, 1513651347, 1513651549, 202),
(1091, 1006, 1513662335, 1513662808, 473),
(1093, 1006, 1513663169, 1513663349, 180),
(1094, 1009, 1513663389, 1513663786, 397),
(1095, 1009, 1513664314, 1513664498, 184),
(1096, 1009, 1513664609, 1513664833, 224),
(1097, 1006, 1513664954, 1513665384, 430),
(1098, 1, 1513671073, 1513671253, 180),
(1099, 1009, 1513672120, 1513672300, 180),
(1100, 1, 1513734410, 1513734811, 401),
(1101, 1, 1513736185, 1513736381, 196),
(1102, 1, 1513736536, 1513736716, 180),
(1103, 1, 1513738937, 1513739166, 229),
(1104, 1, 1513739731, 1513740269, 538),
(1105, 1, 1513740892, 1513741173, 281),
(1106, 1, 1513746324, 1513746504, 180),
(1107, 1, 1513747264, 1513747444, 180),
(1108, 1, 1513747470, 1513748441, 971),
(1109, 1, 1513856796, 1513857145, 349),
(1110, 1, 1513857213, 1513857393, 180),
(1111, 164, 1513904558, 1513904738, 180),
(1112, 1, 1514530523, 1514531558, 1035),
(1113, 1, 1514531689, 1514531869, 180),
(1114, 1, 1514858393, 1514858629, 236),
(1115, 1047, 1514859469, 1514859649, 180),
(1116, 1, 1514859474, 1514859692, 218),
(1117, 1, 1514885883, 1514886081, 198),
(1118, 1, 1514896550, 1514896733, 183),
(1119, 1, 1515031222, 1515031408, 186),
(1120, 1, 1515392850, 1515393163, 313),
(1121, 125, 1515399626, 1515399806, 180),
(1122, 1, 1515399629, 1515399812, 183),
(1123, 1, 1515553157, 1515553342, 185),
(1124, 1, 1517279951, 1517280278, 327),
(1130, 1010, 1517464090, 1517464276, 186),
(1131, 1010, 1517464707, 1517464887, 180),
(1132, 1010, 1517477442, 1517477622, 180),
(1133, 1, 1517988250, 1517988734, 484),
(1134, 1, 1517988892, 1517989072, 180),
(1135, 1, 1517989617, 1517989948, 331),
(1136, 1, 1517991247, 1517991908, 661),
(1137, 1, 1518413537, 1518414415, 878),
(1138, 1, 1518414586, 1518414767, 181),
(1139, 1, 1518415086, 1518415972, 886),
(1140, 1, 1518416074, 1518416446, 372),
(1141, 1, 1518416732, 1518416926, 194),
(1154, 165, 1518421934, 1518422114, 180),
(1155, 1, 1518421937, 1518422261, 324),
(1156, 1, 1518422673, 1518423291, 618),
(1159, 1, 1519623090, 1519623273, 183),
(1160, 1, 1519624933, 1519625116, 183),
(1161, 1, 1519625126, 1519625455, 329),
(1162, 1, 1519625745, 1519626104, 359),
(1163, 1, 1519626111, 1519626940, 829),
(1164, 1, 1519627007, 1519627606, 599),
(1165, 1, 1519628081, 1519628294, 213),
(1167, 1, 1519628832, 1519629609, 777),
(1176, 1, 1519630090, 1519630696, 606),
(1180, 1006, 1519630502, 1519630688, 186),
(1181, 1, 1519630746, 1519630938, 192),
(1184, 1, 1519630970, 1519631171, 201),
(1187, 1, 1519631220, 1519632113, 893),
(1191, 1, 1519632207, 1519632678, 471),
(1195, 1, 1519632812, 1519633287, 475),
(1196, 1, 1519633372, 1519634759, 1387),
(1205, 1, 1519634793, 1519635383, 590),
(1206, 1, 1519698073, 1519698456, 383),
(1207, 1, 1519698658, 1519699638, 980),
(1209, 1006, 1519699027, 1519699223, 196),
(1211, 1, 1519699653, 1519699914, 261),
(1212, 1, 1519700738, 1519700918, 180),
(1213, 1, 1519700999, 1519701186, 187),
(1214, 1, 1519962961, 1519963162, 201),
(1215, 1, 1519981001, 1519981181, 180),
(1216, 1, 1520572526, 1520573456, 930),
(1226, 1, 1520573467, 1520573750, 283),
(1229, 1, 1520573960, 1520574484, 524),
(1234, 1, 1520582132, 1520582312, 180),
(1235, 1, 1520835619, 1520835799, 180),
(1236, 1, 1520836253, 1520836433, 180),
(1237, 1, 1525411310, 1525411623, 313),
(1238, 1, 1525679144, 1525679400, 256),
(1239, 1, 1525680408, 1525680803, 395),
(1241, 1, 1525680834, 1525681014, 180),
(1242, 1, 1525681021, 1525681754, 733),
(1243, 1, 1525683060, 1525683291, 231),
(1244, 1, 1525683313, 1525683991, 678),
(1245, 1, 1525684076, 1525684256, 180),
(1246, 1, 1525684298, 1525684478, 180),
(1247, 1, 1525684748, 1525684941, 193),
(1248, 1, 1525759789, 1525760403, 614),
(1249, 1, 1525760655, 1525760835, 180),
(1250, 1, 1525761148, 1525761328, 180),
(1251, 1, 1525761461, 1525761741, 280),
(1252, 1, 1525761748, 1525761965, 217),
(1253, 1, 1525762025, 1525762633, 608),
(1254, 1, 1525763214, 1525763696, 482),
(1255, 1, 1525763864, 1525764047, 183),
(1256, 1, 1526004522, 1526004702, 180),
(1257, 1, 1526005329, 1526005728, 399),
(1258, 1, 1526005839, 1526006401, 562),
(1259, 1, 1526259850, 1526260033, 183),
(1260, 1, 1526262209, 1526262389, 180),
(1261, 1, 1526286029, 1526286634, 605),
(1262, 1, 1526441276, 1526441551, 275),
(1263, 1, 1526626811, 1526627197, 386),
(1264, 1, 1526873968, 1526874148, 180),
(1265, 1, 1526874378, 1526874566, 188),
(1266, 1, 1526880517, 1526880697, 180),
(1267, 1, 1526884010, 1526884419, 409),
(1269, 1, 1526884529, 1526884911, 382),
(1271, 1, 1526885600, 1526886153, 553),
(1272, 1, 1526886219, 1526886406, 187),
(1273, 1, 1526886436, 1526886640, 204),
(1274, 1, 1526979000, 1526979190, 190),
(1275, 1, 1526979254, 1526979438, 184),
(1276, 1, 1526980417, 1526980626, 209),
(1277, 1008, 1527584986, 1527585166, 180),
(1278, 1, 1527585016, 1527585215, 199),
(1279, 171, 1528683508, 1528683688, 180),
(1280, 1, 1528683510, 1528683904, 394),
(1283, 1, 1528695660, 1528696133, 473),
(1286, 1, 1529478928, 1529479108, 180),
(1287, 1, 1529483512, 1529483749, 237),
(1288, 1, 1529483804, 1529484063, 259),
(1289, 1, 1529484445, 1529484625, 180),
(1290, 165, 1529910451, 1529910659, 208),
(1291, 1, 1529910479, 1529910702, 223),
(1296, 1, 1529910794, 1529911078, 284),
(1298, 1, 1530249032, 1530249314, 282),
(1299, 1, 1530249366, 1530249649, 283),
(1300, 1, 1530254044, 1530254601, 557),
(1301, 1, 1530254657, 1530255324, 667),
(1302, 1, 1530258191, 1530258375, 184),
(1303, 1, 1530258403, 1530258920, 517),
(1305, 1, 1530260218, 1530260618, 400),
(1307, 1, 1530260933, 1530261548, 615),
(1309, 1, 1530261580, 1530262088, 508),
(1310, 1, 1530262741, 1530262921, 180),
(1311, 1, 1530263313, 1530263596, 283),
(1312, 1, 1530499966, 1530500148, 182),
(1313, 1, 1532401205, 1532401391, 186),
(1314, 1, 1532402215, 1532402560, 345),
(1318, 1, 1532402564, 1532402953, 389),
(1323, 1, 1532403470, 1532404160, 690),
(1324, 1, 1532404284, 1532404524, 240),
(1326, 1, 1532404567, 1532404747, 180),
(1327, 1, 1532404771, 1532404972, 201),
(1329, 1, 1532408867, 1532409047, 180),
(1330, 1, 1532409713, 1532410041, 328),
(1331, 1, 1532410158, 1532410562, 404),
(1335, 1, 1532410702, 1532411037, 335),
(1339, 1, 1532411061, 1532411241, 180),
(1340, 1, 1532411312, 1532411621, 309),
(1341, 1, 1532411800, 1532412038, 238),
(1342, 1, 1532412936, 1532413514, 578),
(1345, 1, 1532414282, 1532414530, 248),
(1346, 1006, 1532414284, 1532414500, 216),
(1347, 1005, 1532414322, 1532414513, 191),
(1348, 1008, 1532414335, 1532414525, 190),
(1349, 1, 1532415557, 1532416084, 527),
(1352, 1, 1532416297, 1532416771, 474),
(1353, 1, 1532417049, 1532417409, 360),
(1354, 1, 1532417489, 1532418553, 1064),
(1367, 1, 1532419587, 1532419767, 180),
(1368, 1, 1532420385, 1532420687, 302),
(1369, 1, 1532420884, 1532421230, 346),
(1370, 1, 1532421331, 1532421685, 354),
(1371, 1, 1532509009, 1532509197, 188),
(1372, 1, 1532515343, 1532515526, 183),
(1373, 1, 1532518361, 1532518541, 180),
(1374, 1, 1532519755, 1532520210, 455),
(1375, 1, 1532520244, 1532520457, 213),
(1376, 1, 1532520989, 1532521179, 190),
(1377, 1, 1532521195, 1532521791, 596),
(1380, 1, 1532522015, 1532522730, 715),
(1382, 1, 1532522806, 1532523272, 466),
(1384, 1, 1532523315, 1532524153, 838),
(1385, 1, 1532524203, 1532524510, 307),
(1386, 1, 1532568136, 1532568316, 180),
(1387, 1, 1532592465, 1532592900, 435),
(1389, 1, 1532593319, 1532593527, 208),
(1390, 1, 1532593532, 1532593761, 229),
(1393, 1, 1532603595, 1532603780, 185),
(1396, 1, 1532605929, 1532606380, 451),
(1402, 1, 1532606420, 1532608081, 1661),
(1442, 1, 1532608237, 1532608769, 532),
(1444, 1, 1532609228, 1532609879, 651),
(1446, 1, 1532610121, 1532610460, 339),
(1447, 1, 1532612995, 1532614690, 1695),
(1458, 1, 1532614870, 1532615154, 284),
(1460, 1, 1532615254, 1532615662, 408),
(1461, 1, 1532660485, 1532660665, 180),
(1462, 1, 1532661299, 1532661672, 373),
(1463, 1, 1532661914, 1532662094, 180),
(1464, 1, 1532662337, 1532662520, 183),
(1465, 1, 1532662756, 1532662977, 221),
(1468, 1, 1532663066, 1532663515, 449),
(1470, 1, 1532663994, 1532664187, 193),
(1471, 1, 1532668155, 1532668335, 180),
(1472, 1, 1532668424, 1532668657, 233),
(1476, 1, 1532670423, 1532671299, 876),
(1480, 1, 1532674667, 1532674851, 184),
(1483, 1, 1532674866, 1532675300, 434),
(1484, 1, 1533016738, 1533016918, 180),
(1485, 1, 1533017115, 1533017295, 180),
(1486, 1, 1533017488, 1533017683, 195),
(1487, 1, 1533024712, 1533025020, 308),
(1491, 1, 1533025324, 1533025569, 245),
(1493, 1, 1533025630, 1533025923, 293),
(1495, 1, 1533025981, 1533026399, 418),
(1496, 1, 1533026734, 1533026984, 250),
(1498, 1, 1533173761, 1533173941, 180),
(1500, 1, 1533175724, 1533176006, 282),
(1506, 1, 1533177371, 1533177618, 247),
(1507, 173, 1533179133, 1533179313, 180),
(1508, 1, 1533179142, 1533179390, 248),
(1510, 1, 1533182202, 1533182385, 183),
(1513, 1, 1533189895, 1533190178, 283),
(1514, 1, 1533190965, 1533191225, 260),
(1515, 1, 1533191329, 1533191816, 487),
(1520, 1, 1533192387, 1533192813, 426),
(1524, 1, 1533192895, 1533193718, 823),
(1539, 1, 1533193850, 1533194125, 275),
(1544, 1, 1533194600, 1533194981, 381),
(1546, 1, 1533196499, 1533196679, 180),
(1547, 1, 1533197483, 1533198308, 825),
(1549, 1, 1533532304, 1533532484, 180),
(1550, 1059, 1533631393, 1533631573, 180),
(1551, 1, 1533631424, 1533631671, 247),
(1553, 1, 1534410019, 1534410204, 185),
(1554, 1, 1534410647, 1534410898, 251),
(1555, 1, 1534411203, 1534411452, 249),
(1556, 1, 1534411825, 1534412005, 180),
(1557, 1, 1534420952, 1534421132, 180),
(1558, 165, 1534931135, 1534931315, 180),
(1559, 1, 1534931175, 1534931766, 591),
(1562, 1, 1535004030, 1535004212, 182),
(1563, 1, 1535004244, 1535004425, 181),
(1564, 1, 1535004517, 1535005023, 506),
(1566, 1, 1535022847, 1535023229, 382),
(1567, 1, 1535023337, 1535023534, 197),
(1569, 1, 1535803508, 1535804066, 558),
(1570, 1, 1535804226, 1535804737, 511),
(1571, 1, 1539326775, 1539326962, 187),
(1572, 1, 1543974274, 1543974454, 180),
(1573, 1, 1543974498, 1543974754, 256),
(1578, 1, 1543975617, 1543975804, 187),
(1579, 1, 1545616536, 1545616926, 390),
(1581, 1, 1545616975, 1545617157, 182),
(1582, 1, 1545617288, 1545618057, 769),
(1583, 1, 1545634706, 1545634943, 237),
(1584, 1, 1545635984, 1545636164, 180),
(1585, 1, 1545636258, 1545636438, 180),
(1586, 1, 1545637631, 1545638107, 476),
(1587, 1, 1545638415, 1545638596, 181),
(1588, 1, 1545638980, 1545639299, 319),
(1589, 1, 1545639501, 1545639681, 180),
(1590, 1, 1545640617, 1545640802, 185),
(1591, 1, 1545704130, 1545704316, 186),
(1592, 1, 1545704393, 1545704574, 181),
(1593, 1, 1545705047, 1545705451, 404),
(1594, 1, 1545706586, 1545706766, 180),
(1595, 1, 1547709690, 1547710401, 711),
(1596, 1, 1547813788, 1547813968, 180),
(1597, 1, 1547816432, 1547816618, 186),
(1598, 1, 1548032062, 1548032245, 183),
(1599, 1, 1548050926, 1548051106, 180),
(1600, 1, 1548052287, 1548052538, 251),
(1604, 1, 1548052559, 1548053637, 1078),
(1608, 1, 1548054272, 1548054751, 479),
(1609, 1, 1548054914, 1548055637, 723),
(1610, 1, 1548056526, 1548056708, 182),
(1611, 1, 1548058667, 1548058859, 192),
(1612, 1, 1548059329, 1548059523, 194),
(1613, 1, 1548059557, 1548059787, 230),
(1615, 1, 1548059977, 1548060262, 285),
(1616, 1, 1548060421, 1548060609, 188),
(1617, 1, 1548061460, 1548061873, 413),
(1618, 1, 1548061955, 1548063231, 1276),
(1622, 1, 1548063248, 1548063722, 474),
(1628, 1, 1548065959, 1548066157, 198),
(1629, 1, 1548066472, 1548066655, 183),
(1630, 1, 1548066776, 1548067101, 325),
(1631, 1, 1548067619, 1548068552, 933),
(1634, 1, 1548068874, 1548069134, 260),
(1635, 1, 1548069424, 1548069627, 203),
(1637, 1, 1548069686, 1548069887, 201),
(1638, 1, 1548070221, 1548070418, 197),
(1639, 1, 1548070609, 1548070796, 187),
(1643, 1, 1548070865, 1548071844, 979),
(1652, 1, 1548071933, 1548072172, 239),
(1653, 1, 1548123755, 1548123935, 180),
(1654, 1, 1548124089, 1548124367, 278),
(1655, 1, 1548136084, 1548136271, 187),
(1656, 1, 1548139059, 1548139366, 307),
(1659, 1, 1548140043, 1548140383, 340),
(1660, 1, 1548142017, 1548142197, 180),
(1661, 1, 1548145094, 1548145296, 202),
(1662, 1, 1548150434, 1548150618, 184),
(1663, 1, 1548153775, 1548154132, 357),
(1664, 1, 1548154148, 1548154549, 401),
(1669, 1, 1548154779, 1548154974, 195),
(1672, 1, 1548155122, 1548155499, 377),
(1673, 1, 1548155771, 1548157005, 1234),
(1692, 1, 1548157036, 1548158009, 973),
(1697, 1, 1548158252, 1548158789, 537),
(1698, 1, 1548158861, 1548159041, 180),
(1699, 1, 1548159123, 1548160903, 1780),
(1701, 1, 1548161053, 1548161238, 185),
(1703, 1, 1548161855, 1548162035, 180),
(1704, 1, 1548230647, 1548230877, 230),
(1705, 1, 1548230899, 1548231667, 768),
(1706, 1, 1548232042, 1548232794, 752),
(1707, 1, 1548232887, 1548233145, 258),
(1709, 1, 1548233160, 1548234328, 1168),
(1712, 1, 1548234706, 1548235743, 1037),
(1733, 1, 1548235772, 1548236038, 266),
(1738, 1, 1548242293, 1548242474, 181),
(1739, 1, 1548242882, 1548243073, 191),
(1740, 1, 1548243145, 1548244299, 1154),
(1751, 1, 1548244301, 1548244973, 672),
(1757, 1, 1548245055, 1548245632, 577),
(1763, 1, 1548245682, 1548245960, 278),
(1765, 1, 1548246459, 1548246705, 246),
(1766, 1, 1548246886, 1548247079, 193),
(1767, 1, 1548290924, 1548291104, 180),
(1768, 1, 1548310273, 1548310468, 195),
(1769, 1, 1548310608, 1548310814, 206),
(1770, 1, 1548310910, 1548311537, 627),
(1773, 1, 1548311590, 1548311813, 223),
(1775, 1, 1548312753, 1548313105, 352),
(1777, 1, 1548315268, 1548316770, 1502),
(1817, 1, 1548317206, 1548317410, 204),
(1820, 1, 1548317441, 1548317773, 332),
(1821, 1, 1548319921, 1548320102, 181),
(1822, 1, 1548320245, 1548320963, 718),
(1823, 1, 1548321048, 1548321264, 216),
(1824, 1, 1548321293, 1548321482, 189),
(1832, 1, 1548321641, 1548321859, 218),
(1833, 1, 1548323470, 1548323650, 180),
(1834, 1, 1548326249, 1548326712, 463),
(1836, 1, 1548326869, 1548328028, 1159),
(1838, 1, 1548328192, 1548328651, 459),
(1839, 1, 1548328838, 1548329079, 241),
(1840, 1, 1548329084, 1548329414, 330),
(1841, 1, 1548329567, 1548330798, 1231),
(1842, 1, 1548331079, 1548331496, 417),
(1843, 1, 1548334149, 1548335067, 918),
(1844, 1, 1548376569, 1548376749, 180),
(1845, 1, 1548377898, 1548378078, 180),
(1846, 1, 1548378984, 1548379209, 225),
(1847, 1, 1548379667, 1548379847, 180),
(1848, 1, 1548380810, 1548380990, 180),
(1849, 1, 1548381015, 1548381216, 201),
(1850, 1, 1548381607, 1548381978, 371),
(1853, 1, 1548382154, 1548382944, 790),
(1872, 1, 1548383431, 1548383630, 199),
(1879, 1, 1548383722, 1548384117, 395),
(1884, 1, 1548384172, 1548384421, 249),
(1889, 1, 1548384452, 1548385268, 816),
(1901, 1, 1548385403, 1548385712, 309),
(1902, 1, 1548385741, 1548386581, 840),
(1911, 1, 1548386604, 1548387079, 475),
(1912, 1, 1548387147, 1548389132, 1985),
(1931, 1, 1548394158, 1548394508, 350),
(1933, 1, 1548394622, 1548394990, 368),
(1934, 1, 1548395033, 1548395229, 196),
(1935, 1, 1548395553, 1548395960, 407),
(1936, 1, 1548396574, 1548397242, 668),
(1943, 1, 1548397988, 1548398769, 781),
(1951, 1, 1548399400, 1548399698, 298),
(1952, 1, 1548399850, 1548400726, 876),
(1961, 1, 1548402475, 1548402753, 278),
(1974, 1, 1548402814, 1548402994, 180),
(1975, 1, 1548403274, 1548403529, 255),
(1979, 1, 1548635689, 1548635967, 278),
(1980, 1, 1548636308, 1548637001, 693),
(1984, 1, 1548637311, 1548637584, 273),
(1985, 1, 1548637683, 1548638017, 334),
(1989, 1, 1548638347, 1548638734, 387),
(1992, 1, 1548638825, 1548639160, 335),
(1996, 1, 1548639229, 1548639482, 253),
(2005, 1, 1548639568, 1548640202, 634),
(2011, 1, 1548640553, 1548640893, 340),
(2017, 1, 1548640939, 1548641833, 894),
(2027, 1, 1548641992, 1548642396, 404),
(2028, 1, 1548642423, 1548642716, 293),
(2030, 1, 1548642882, 1548644392, 1510),
(2042, 1, 1548644517, 1548644897, 380),
(2045, 1, 1548644942, 1548645499, 557),
(2051, 1, 1548646009, 1548646899, 890),
(2060, 1, 1548646919, 1548648079, 1160),
(2070, 1, 1548651999, 1548652252, 253),
(2072, 1, 1548652285, 1548654016, 1731),
(2106, 1, 1548654125, 1548655012, 887),
(2115, 1, 1548655327, 1548655569, 242),
(2116, 1, 1548655641, 1548655979, 338),
(2119, 1, 1548656148, 1548660369, 4221),
(2144, 1, 1548660394, 1548660744, 350),
(2145, 1, 1548660802, 1548661293, 491),
(2149, 1, 1548661387, 1548661567, 180),
(2150, 1, 1548661577, 1548662575, 998),
(2169, 1, 1548662621, 1548663587, 966),
(2173, 1, 1548663630, 1548667779, 4149),
(2201, 1, 1548667847, 1548668178, 331),
(2202, 1, 1548721944, 1548722129, 185),
(2203, 1, 1548722734, 1548722967, 233),
(2204, 1, 1548723409, 1548724856, 1447),
(2209, 1, 1548725832, 1548726055, 223),
(2210, 1, 1548726072, 1548726273, 201),
(2211, 1, 1548726275, 1548726462, 187),
(2212, 1, 1548732079, 1548732516, 437),
(2213, 1, 1548732902, 1548733757, 855),
(2216, 1, 1548733807, 1548733987, 180),
(2217, 1, 1548738501, 1548738681, 180),
(2218, 1, 1548739637, 1548740133, 496),
(2221, 1, 1548740303, 1548740961, 658),
(2223, 1, 1548742618, 1548742835, 217),
(2224, 1, 1548743638, 1548743823, 185),
(2226, 1, 1548743877, 1548744093, 216),
(2242, 1, 1548744220, 1548744541, 321),
(2243, 1, 1548745367, 1548745638, 271),
(2244, 1, 1548745867, 1548746155, 288),
(2245, 1, 1548747194, 1548747575, 381),
(2246, 1, 1548748815, 1548749743, 928),
(2250, 1, 1548750015, 1548750762, 747),
(2253, 1, 1548750797, 1548751162, 365),
(2254, 1, 1548751272, 1548751549, 277),
(2255, 1, 1548752794, 1548753356, 562),
(2265, 1, 1548756033, 1548756215, 182),
(2266, 1, 1548760514, 1548760808, 294),
(2268, 1, 1548761188, 1548762191, 1003),
(2273, 1, 1548762392, 1548763065, 673),
(2275, 1, 1548763074, 1548764050, 976),
(2281, 1, 1548764496, 1548765226, 730),
(2288, 1, 1548766238, 1548766811, 573),
(2293, 1, 1548766902, 1548767199, 297),
(2294, 1, 1548767557, 1548769162, 1605),
(2312, 1, 1548769859, 1548770045, 186),
(2313, 1, 1548809024, 1548809210, 186),
(2314, 1, 1548809495, 1548809811, 316),
(2315, 1, 1548810174, 1548810354, 180),
(2316, 1, 1548810525, 1548810999, 474),
(2317, 1, 1548811366, 1548811746, 380),
(2318, 1, 1548811754, 1548812515, 761),
(2319, 1, 1548812740, 1548813713, 973),
(2323, 1, 1548814013, 1548814274, 261),
(2324, 1, 1548814285, 1548815498, 1213),
(2325, 1, 1548815611, 1548815968, 357),
(2326, 1, 1548816017, 1548816902, 885),
(2327, 1, 1548816903, 1548817455, 552),
(2328, 1, 1548818025, 1548818216, 191),
(2329, 1, 1548818393, 1548818705, 312),
(2330, 1, 1548818988, 1548819170, 182),
(2331, 1, 1548819189, 1548820358, 1169),
(2332, 1, 1548820410, 1548821011, 601),
(2333, 1, 1548824544, 1548824724, 180),
(2334, 1, 1548824817, 1548825078, 261),
(2335, 1, 1548825100, 1548825546, 446),
(2336, 1, 1548826160, 1548826560, 400),
(2337, 1, 1548827037, 1548827427, 390),
(2338, 1, 1548827436, 1548827661, 225),
(2339, 1, 1548828186, 1548828366, 180),
(2340, 1, 1548828693, 1548828873, 180),
(2341, 1, 1548828936, 1548829573, 637),
(2342, 1, 1548829611, 1548829801, 190),
(2343, 1, 1548830166, 1548830346, 180),
(2344, 1, 1548830652, 1548832523, 1871),
(2358, 1, 1548834547, 1548835000, 453),
(2371, 1, 1548837556, 1548837786, 230),
(2372, 1, 1548837805, 1548837994, 189),
(2373, 1, 1548838205, 1548838518, 313),
(2374, 1, 1548838777, 1548839471, 694),
(2376, 1008, 1548838910, 1548839786, 876),
(2383, 1, 1548839485, 1548840163, 678),
(2386, 1, 1548840325, 1548840562, 237),
(2387, 1, 1548844111, 1548844302, 191),
(2388, 1, 1548844372, 1548844558, 186),
(2389, 1, 1548845073, 1548845308, 235),
(2391, 1, 1548845888, 1548846329, 441),
(2406, 1, 1548847799, 1548848116, 317),
(2409, 1, 1548894960, 1548895186, 226),
(2410, 1, 1548899265, 1548899508, 243),
(2412, 1, 1548919884, 1548920153, 269),
(2413, 1, 1548923211, 1548923507, 296),
(2414, 1, 1548923581, 1548923764, 183),
(2415, 1, 1549007807, 1549007992, 185),
(2416, 1, 1549074940, 1549075128, 188),
(2417, 1, 1549078153, 1549078637, 484),
(2418, 1, 1549078740, 1549079069, 329),
(2419, 1, 1550983526, 1550983815, 289),
(2420, 1, 1550983866, 1550984051, 185),
(2421, 1, 1550984711, 1550985791, 1080),
(2422, 1, 1550986417, 1550986597, 180),
(2423, 1, 1550987099, 1550987362, 263),
(2424, 1, 1550988192, 1550988372, 180),
(2425, 1, 1550988390, 1550989410, 1020),
(2428, 1, 1550989461, 1550990900, 1439),
(2429, 1, 1550990919, 1550991450, 531),
(2430, 1, 1550991502, 1550991937, 435),
(2432, 1, 1550991969, 1550992656, 687),
(2437, 1, 1550992707, 1550992887, 180),
(2438, 1, 1550993047, 1550993877, 830),
(2440, 1, 1550993883, 1550995244, 1361),
(2446, 1, 1550995341, 1550996250, 909),
(2450, 1, 1551062578, 1551062758, 180),
(2451, 1, 1551063466, 1551063933, 467),
(2452, 1, 1551064502, 1551064996, 494),
(2453, 1, 1551065158, 1551066167, 1009),
(2456, 1, 1551066893, 1551067073, 180),
(2457, 1, 1551068496, 1551068766, 270),
(2458, 1, 1551069181, 1551069998, 817),
(2459, 1, 1551070351, 1551070531, 180),
(2460, 1, 1551071034, 1551071645, 611),
(2461, 1, 1551074675, 1551075726, 1051),
(2472, 1, 1551075984, 1551076180, 196),
(2475, 1, 1551076322, 1551076822, 500),
(2476, 1, 1551077103, 1551079179, 2076),
(2477, 1, 1551079456, 1551079654, 198),
(2478, 1, 1551080399, 1551081027, 628),
(2479, 1, 1551081357, 1551081736, 379),
(2480, 1, 1551082027, 1551082477, 450),
(2481, 1, 1551082491, 1551082875, 384),
(2482, 1, 1551083081, 1551083281, 200),
(2483, 1, 1551083467, 1551083647, 180),
(2484, 1, 1551083734, 1551084282, 548),
(2485, 1008, 1551083888, 1551084068, 180),
(2486, 1, 1551084439, 1551085440, 1001),
(2487, 1, 1551086644, 1551086863, 219),
(2488, 1, 1551098152, 1551098332, 180),
(2489, 1, 1551098413, 1551099022, 609),
(2490, 1, 1551099115, 1551099295, 180),
(2491, 1, 1551099315, 1551099531, 216),
(2492, 1, 1551099645, 1551099825, 180),
(2493, 1, 1551100275, 1551100574, 299),
(2494, 1, 1551166460, 1551166640, 180),
(2495, 1, 1551173089, 1551173462, 373),
(2496, 1, 1551173590, 1551174112, 522),
(2497, 1, 1551174326, 1551174506, 180),
(2498, 1, 1551181543, 1551182069, 526),
(2499, 1, 1551182564, 1551182751, 187),
(2500, 1, 1551182812, 1551183010, 198),
(2501, 1, 1551183284, 1551183516, 232),
(2502, 1, 1551183566, 1551184132, 566),
(2503, 1, 1551229479, 1551229765, 286),
(2504, 1, 1551231135, 1551231321, 186),
(2505, 1, 1551246234, 1551246576, 342),
(2506, 1, 1551248032, 1551248215, 183),
(2507, 1, 1551254669, 1551254849, 180),
(2508, 1, 1551276928, 1551277374, 446),
(2509, 1, 1551316429, 1551316778, 349),
(2510, 1, 1551318705, 1551318981, 276),
(2511, 1, 1551318988, 1551319241, 253),
(2512, 1, 1551319243, 1551319577, 334),
(2513, 1, 1551319635, 1551319954, 319),
(2514, 1, 1551319957, 1551320137, 180),
(2515, 1, 1551320193, 1551320549, 356),
(2516, 1, 1551320697, 1551320957, 260),
(2517, 1, 1551321129, 1551321334, 205),
(2518, 1, 1551322306, 1551322768, 462),
(2519, 1, 1551322989, 1551323231, 242),
(2520, 1, 1551346632, 1551346857, 225),
(2521, 1, 1551347191, 1551347380, 189),
(2522, 1, 1551358227, 1551358414, 187),
(2523, 1, 1551362279, 1551362583, 304),
(2524, 1, 1551366509, 1551366689, 180),
(2525, 1, 1551370105, 1551370295, 190),
(2526, 1, 1551370365, 1551370822, 457),
(2527, 1, 1551370927, 1551371512, 585),
(2528, 1, 1551371598, 1551372633, 1035),
(2529, 1, 1551372761, 1551372961, 200),
(2530, 1, 1551372964, 1551373195, 231),
(2531, 1, 1551373265, 1551373554, 289),
(2532, 1, 1551374209, 1551374453, 244),
(2533, 1, 1551374480, 1551374757, 277),
(2534, 1, 1551374796, 1551375935, 1139),
(2535, 1, 1551376066, 1551376764, 698),
(2536, 1, 1551401213, 1551401410, 197),
(2537, 1, 1551401420, 1551401600, 180),
(2538, 1, 1551401680, 1551401873, 193),
(2539, 1, 1551401973, 1551402169, 196),
(2540, 1, 1551402320, 1551402777, 457),
(2541, 1, 1551402844, 1551403328, 484),
(2542, 1, 1551403442, 1551403889, 447),
(2543, 1, 1551403986, 1551405133, 1147),
(2549, 1, 1551405189, 1551405400, 211),
(2551, 1, 1551405458, 1551405818, 360),
(2552, 1, 1551406153, 1551407137, 984),
(2558, 1, 1551407384, 1551409243, 1859),
(2560, 1, 1551409425, 1551409610, 185),
(2562, 1, 1551409640, 1551410145, 505),
(2563, 1, 1551410296, 1551410554, 258),
(2564, 1, 1551410837, 1551411561, 724),
(2565, 1, 1551412407, 1551412760, 353),
(2566, 1, 1551412920, 1551413206, 286),
(2567, 1, 1551414097, 1551414825, 728),
(2568, 1, 1551414950, 1551415254, 304),
(2569, 1, 1551415322, 1551415998, 676),
(2570, 1, 1551417907, 1551418221, 314),
(2571, 1, 1551418337, 1551418836, 499),
(2572, 1, 1551418847, 1551419178, 331),
(2573, 1, 1551419425, 1551419880, 455),
(2574, 1, 1551420117, 1551420422, 305),
(2575, 1, 1551420442, 1551420635, 193),
(2576, 1, 1551420892, 1551421163, 271),
(2577, 1, 1551422016, 1551422457, 441),
(2578, 1, 1551422883, 1551424317, 1434),
(2580, 1, 1551424429, 1551424613, 184),
(2581, 1, 1551424778, 1551426071, 1293),
(2583, 1, 1551427044, 1551427310, 266),
(2584, 1, 1551427468, 1551427688, 220),
(2585, 1, 1551427934, 1551428218, 284),
(2586, 1, 1551428727, 1551428946, 219),
(2587, 1, 1551428956, 1551429136, 180),
(2588, 1, 1551429166, 1551429346, 180),
(2589, 1, 1551429419, 1551430308, 889),
(2590, 1, 1551440814, 1551441395, 581),
(2591, 1, 1551441404, 1551441637, 233),
(2592, 1, 1551441698, 1551441978, 280),
(2593, 1, 1551442197, 1551442526, 329),
(2594, 1, 1551442695, 1551443649, 954),
(2595, 1, 1551443715, 1551444911, 1196),
(2597, 1, 1551446963, 1551447189, 226),
(2598, 1, 1551447450, 1551448219, 769),
(2599, 1, 1551448334, 1551448608, 274),
(2601, 1, 1551448976, 1551449708, 732),
(2602, 1, 1551449847, 1551450069, 222),
(2603, 1, 1551452693, 1551453387, 694),
(2604, 1, 1551453453, 1551453795, 342),
(2605, 1, 1551458399, 1551458608, 209),
(2606, 1, 1551495386, 1551495787, 401),
(2607, 1, 1551495811, 1551496163, 352),
(2608, 1, 1551503775, 1551504575, 800),
(2609, 1, 1551504980, 1551505650, 670),
(2610, 1, 1551509377, 1551509665, 288),
(2611, 1, 1551509694, 1551510308, 614),
(2612, 1, 1551511269, 1551511628, 359),
(2613, 1, 1551511711, 1551511901, 190),
(2614, 1, 1551511945, 1551512737, 792),
(2615, 1, 1551512739, 1551513330, 591),
(2616, 1, 1551576058, 1551576530, 472),
(2617, 1, 1551576571, 1551576799, 228),
(2618, 1, 1551576846, 1551577026, 180),
(2619, 1, 1551577348, 1551577530, 182),
(2620, 1, 1551577547, 1551577735, 188),
(2621, 1, 1551578341, 1551578521, 180),
(2622, 1, 1551579328, 1551579706, 378),
(2623, 1, 1551579926, 1551580518, 592),
(2624, 1, 1551580532, 1551580795, 263),
(2625, 1, 1551609632, 1551609812, 180),
(2626, 1, 1551610293, 1551610653, 360),
(2627, 1, 1551614281, 1551614822, 541),
(2628, 1, 1551615192, 1551615374, 182),
(2629, 1, 1551617918, 1551618098, 180),
(2630, 1, 1551618256, 1551618436, 180),
(2631, 1, 1551619820, 1551620344, 524),
(2632, 1, 1551659443, 1551659821, 378),
(2633, 1, 1551660288, 1551660794, 506),
(2634, 1, 1551661205, 1551661553, 348),
(2635, 1, 1551661758, 1551662074, 316),
(2636, 1, 1551662664, 1551662863, 199),
(2637, 1, 1551663450, 1551663743, 293),
(2639, 1, 1551663789, 1551663985, 196),
(2640, 1, 1551664303, 1551664847, 544),
(2644, 1, 1551664984, 1551665518, 534),
(2645, 1, 1551666610, 1551666973, 363),
(2646, 1, 1551667008, 1551667447, 439),
(2647, 1, 1551668749, 1551669119, 370),
(2648, 1, 1551669392, 1551669651, 259),
(2649, 1, 1551669707, 1551670219, 512),
(2650, 1, 1551670322, 1551670502, 180),
(2651, 1, 1551670561, 1551671053, 492),
(2654, 1, 1551671504, 1551672269, 765),
(2655, 1, 1551676500, 1551677129, 629),
(2656, 1, 1551677185, 1551677423, 238),
(2657, 1, 1551677552, 1551678053, 501),
(2658, 1, 1551678102, 1551678622, 520),
(2659, 1, 1551678720, 1551679114, 394),
(2660, 1, 1551679323, 1551679841, 518),
(2661, 1, 1551681313, 1551681601, 288),
(2662, 1, 1551682478, 1551682658, 180),
(2663, 1, 1551682739, 1551683992, 1253),
(2667, 1, 1551684060, 1551684891, 831),
(2668, 1, 1551684981, 1551685204, 223),
(2669, 1, 1551685216, 1551685504, 288),
(2670, 1, 1551687615, 1551687795, 180),
(2671, 1, 1551688182, 1551688732, 550),
(2672, 1, 1551688972, 1551690941, 1969),
(2673, 1, 1551691007, 1551691410, 403),
(2674, 1, 1551691467, 1551691856, 389),
(2675, 1, 1551755468, 1551755648, 180),
(2676, 1, 1551765176, 1551765432, 256),
(2677, 1, 1551765465, 1551765645, 180),
(2678, 1, 1551765744, 1551765953, 209),
(2679, 1, 1551767932, 1551768212, 280),
(2680, 1, 1551769010, 1551769190, 180),
(2681, 1, 1551769217, 1551769485, 268),
(2682, 1, 1551769732, 1551770207, 475),
(2683, 1, 1551770271, 1551770619, 348),
(2684, 1, 1551770827, 1551771007, 180),
(2685, 1, 1551771016, 1551771196, 180),
(2686, 1, 1551771312, 1551772053, 741),
(2688, 1, 1551772203, 1551772651, 448),
(2689, 1, 1551772705, 1551773316, 611),
(2691, 1, 1551773971, 1551774345, 374),
(2692, 1, 1551774437, 1551774747, 310),
(2693, 1, 1551776272, 1551776575, 303),
(2694, 1, 1551776648, 1551776929, 281),
(2695, 1, 1551777291, 1551777587, 296),
(2696, 1, 1551777656, 1551778563, 907),
(2697, 1, 1551782274, 1551782496, 222),
(2698, 1, 1551782617, 1551783293, 676),
(2700, 1, 1551784392, 1551784579, 187),
(2701, 1, 1551786556, 1551787202, 646),
(2702, 1, 1551787218, 1551787398, 180),
(2703, 1, 1551787509, 1551788044, 535),
(2704, 1, 1551788075, 1551788255, 180),
(2705, 1, 1551788399, 1551788619, 220),
(2706, 1, 1551788690, 1551789327, 637),
(2707, 1, 1551789349, 1551789529, 180),
(2708, 1, 1551834306, 1551834486, 180),
(2709, 1, 1551834746, 1551835501, 755),
(2714, 1, 1551835510, 1551835690, 180),
(2715, 1, 1551835792, 1551835972, 180),
(2716, 1, 1551836768, 1551836948, 180),
(2717, 1, 1551836987, 1551837167, 180),
(2718, 1, 1551837872, 1551838506, 634),
(2719, 1, 1551838605, 1551839601, 996),
(2720, 1, 1551840046, 1551840226, 180),
(2722, 1, 1551840775, 1551842768, 1993),
(2725, 1, 1551842879, 1551843059, 180),
(2726, 1, 1551843131, 1551843739, 608),
(2727, 1, 1551843792, 1551844152, 360),
(2728, 1, 1551844173, 1551844583, 410),
(2730, 1, 1551846563, 1551846743, 180),
(2731, 1, 1551846750, 1551847061, 311),
(2732, 1, 1551847140, 1551847320, 180),
(2733, 1, 1551847528, 1551847708, 180),
(2734, 1, 1551847919, 1551848216, 297),
(2735, 1, 1551848410, 1551848615, 205),
(2736, 1, 1551848684, 1551849527, 843),
(2737, 1, 1551850813, 1551851047, 234),
(2738, 1, 1551851478, 1551851668, 190),
(2739, 1, 1551852091, 1551852271, 180),
(2740, 1, 1551852282, 1551852524, 242),
(2741, 1, 1551853504, 1551853954, 450),
(2742, 1, 1551854290, 1551855283, 993),
(2743, 1, 1551855328, 1551855613, 285),
(2744, 1, 1551857087, 1551857267, 180),
(2745, 1, 1551858297, 1551858593, 296),
(2746, 1, 1551859443, 1551859623, 180),
(2747, 1, 1551859788, 1551859968, 180),
(2748, 1, 1551860349, 1551861650, 1301),
(2749, 1, 1551861828, 1551862194, 366),
(2750, 1, 1551862235, 1551862596, 361),
(2751, 1, 1551862637, 1551862917, 280),
(2752, 1, 1551864126, 1551864404, 278),
(2753, 1, 1551869847, 1551870027, 180),
(2754, 1, 1551870445, 1551870899, 454),
(2755, 1, 1551873046, 1551873979, 933),
(2756, 1, 1551874032, 1551874871, 839),
(2757, 1, 1551875017, 1551875197, 180),
(2758, 1, 1551875346, 1551875608, 262),
(2759, 1, 1551875649, 1551876150, 501),
(2763, 1, 1551876207, 1551876423, 216),
(2764, 1, 1551876457, 1551877220, 763),
(2765, 1, 1551877506, 1551877686, 180),
(2766, 1, 1551877819, 1551877999, 180),
(2767, 1, 1551878191, 1551878697, 506),
(2768, 1, 1551879859, 1551880039, 180),
(2769, 1, 1551880140, 1551880324, 184),
(2770, 1, 1551881135, 1551882480, 1345),
(2771, 1, 1551882534, 1551883500, 966),
(2772, 1, 1551883625, 1551883808, 183),
(2773, 1, 1551884940, 1551885120, 180),
(2774, 1, 1551885142, 1551885452, 310),
(2775, 1, 1551885789, 1551886413, 624),
(2776, 1, 1551894363, 1551894749, 386),
(2777, 1, 1551894800, 1551895255, 455),
(2778, 1, 1551895377, 1551895620, 243),
(2779, 1, 1551895968, 1551896148, 180),
(2780, 1, 1551896207, 1551896816, 609),
(2781, 1, 1551896852, 1551899351, 2499),
(2782, 1, 1551899373, 1551899599, 226),
(2783, 1, 1551899619, 1551901571, 1952),
(2784, 1, 1551913484, 1551914220, 736),
(2785, 1008, 1551919246, 1551919426, 180),
(2786, 1, 1558320498, 1558320709, 211),
(2787, 1, 1558321557, 1558321748, 191),
(2788, 1, 1558705008, 1558705188, 180),
(2789, 1, 1558758077, 1558758321, 244),
(2790, 1, 1558762432, 1558762612, 180),
(2791, 1, 1558767109, 1558767569, 460),
(2792, 1, 1558767813, 1558768057, 244),
(2793, 1, 1558768068, 1558769190, 1122),
(2794, 1, 1558769426, 1558770052, 626),
(2795, 1, 1558770054, 1558770380, 326),
(2796, 1, 1558770448, 1558770660, 212),
(2797, 1, 1558770668, 1558771720, 1052),
(2801, 1, 1558771791, 1558772888, 1097),
(2805, 1, 1558772947, 1558777094, 4147),
(2807, 1, 1558777766, 1558778189, 423),
(2808, 1, 1558778334, 1558778612, 278),
(2809, 1, 1558778951, 1558779180, 229),
(2810, 1, 1558785499, 1558785863, 364),
(2811, 1, 1558785874, 1558787254, 1380),
(2826, 1, 1558787505, 1558788176, 671),
(2828, 1, 1558788240, 1558788797, 557),
(2830, 1, 1558789354, 1558789976, 622),
(2834, 1, 1558790046, 1558790713, 667),
(2837, 1, 1558791271, 1558793609, 2338),
(2842, 1, 1558793618, 1558793947, 329),
(2843, 1, 1558794082, 1558794498, 416),
(2847, 1, 1558794504, 1558794807, 303),
(2849, 1, 1558794841, 1558795190, 349),
(2852, 1, 1558795400, 1558795974, 574),
(2853, 1, 1558795976, 1558796282, 306),
(2854, 1, 1558796445, 1558796748, 303),
(2856, 1, 1558796872, 1558797106, 234),
(2857, 1, 1558797221, 1558798013, 792),
(2862, 1, 1558798080, 1558799614, 1534),
(2864, 1, 1558799986, 1558800994, 1008),
(2865, 1, 1558851188, 1558852067, 879),
(2866, 1, 1558853163, 1558854236, 1073),
(2867, 1, 1558854448, 1558854987, 539),
(2868, 1, 1558855071, 1558855317, 246),
(2869, 1, 1558855583, 1558855833, 250),
(2870, 1, 1558856744, 1558859451, 2707),
(2882, 1, 1558859511, 1558859886, 375),
(2883, 1, 1558859901, 1558861857, 1956),
(2885, 1, 1558865425, 1558865965, 540),
(2886, 1, 1558871615, 1558871835, 220),
(2887, 1, 1558871940, 1558873455, 1515),
(2897, 1, 1558873458, 1558875060, 1602),
(2901, 1, 1558875088, 1558875315, 227),
(2902, 1, 1558875385, 1558877411, 2026),
(2916, 1, 1558877417, 1558878598, 1181),
(2920, 1, 1558878610, 1558879648, 1038),
(2921, 1, 1558879751, 1558880866, 1115),
(2922, 1010, 1558950542, 1558950860, 318),
(2923, 1010, 1558950955, 1558951229, 274),
(2928, 1010, 1558951643, 1558951827, 184),
(2929, 1010, 1558951923, 1558952105, 182),
(2930, 1010, 1558952156, 1558952352, 196),
(2931, 1, 1558952176, 1558952356, 180),
(2932, 1, 1558956177, 1558956376, 199),
(2933, 1010, 1558983499, 1558984789, 1290),
(2934, 1010, 1559003041, 1559003245, 204),
(2935, 1010, 1559003609, 1559004058, 449),
(2936, 1010, 1559004407, 1559004589, 182),
(2937, 1010, 1559004726, 1559005784, 1058),
(2938, 1010, 1559005927, 1559006771, 844),
(2939, 1010, 1559006835, 1559007905, 1070),
(2940, 1010, 1559007991, 1559008174, 183),
(2941, 1010, 1559008614, 1559008794, 180),
(2942, 1010, 1559010555, 1559011086, 531),
(2943, 1010, 1559011097, 1559012107, 1010),
(2945, 1010, 1559012113, 1559012600, 487),
(2946, 1010, 1559012823, 1559014470, 1647),
(2947, 1010, 1559014504, 1559014729, 225),
(2948, 1010, 1559016158, 1559016615, 457),
(2949, 1010, 1559020179, 1559020485, 306),
(2950, 1010, 1559020766, 1559021129, 363),
(2951, 1010, 1559023171, 1559023351, 180),
(2952, 1010, 1559025727, 1559025911, 184),
(2953, 1010, 1559030042, 1559032333, 2291),
(2954, 1010, 1559033460, 1559033640, 180),
(2955, 1, 1559039550, 1559039746, 196),
(2956, 1, 1559100825, 1559101117, 292),
(2957, 1010, 1559279730, 1559279910, 180),
(2958, 1010, 1559292728, 1559292908, 180),
(2959, 1010, 1559293762, 1559295624, 1862),
(2960, 1010, 1559295773, 1559296174, 401),
(2961, 1010, 1559296302, 1559296500, 198),
(2962, 1010, 1559296898, 1559297078, 180),
(2963, 1010, 1559404059, 1559404774, 715),
(2965, 1010, 1559404893, 1559405076, 183),
(2966, 1010, 1559405124, 1559405442, 318),
(2967, 1010, 1559406072, 1559406252, 180),
(2968, 1010, 1559406318, 1559406498, 180),
(2969, 1010, 1559478083, 1559478263, 180),
(2970, 1010, 1559478814, 1559479122, 308),
(2971, 1010, 1559479464, 1559479947, 483),
(2972, 1010, 1559479964, 1559480217, 253),
(2973, 1010, 1559480228, 1559481787, 1559),
(2981, 1010, 1559518609, 1559518789, 180),
(2982, 1010, 1559522288, 1559522511, 223),
(2983, 1, 1559523631, 1559523819, 188),
(2984, 1, 1559526502, 1559527000, 498),
(2985, 1011, 1559529726, 1559530109, 383),
(2986, 1011, 1559530473, 1559530695, 222),
(2987, 1011, 1559530707, 1559530887, 180),
(2988, 1, 1559532820, 1559533011, 191),
(2989, 1, 1559533956, 1559534144, 188),
(2990, 1, 1559536314, 1559536774, 460),
(2991, 1, 1559536790, 1559537417, 627),
(2992, 1, 1559538223, 1559538537, 314),
(2993, 1, 1559538945, 1559539134, 189),
(2994, 1, 1559539219, 1559539410, 191),
(2995, 1, 1559539542, 1559539878, 336),
(2996, 1, 1559540413, 1559540661, 248),
(2997, 1, 1559540792, 1559540977, 185),
(2998, 1, 1559540997, 1559541182, 185),
(2999, 1, 1559541680, 1559541877, 197),
(3000, 1, 1559542107, 1559542298, 191),
(3001, 1, 1559545343, 1559545700, 357),
(3002, 1011, 1559547755, 1559547949, 194),
(3003, 1011, 1559549035, 1559549215, 180),
(3004, 1011, 1559549221, 1559549495, 274),
(3005, 1011, 1559550204, 1559550397, 193),
(3007, 1011, 1559553633, 1559554006, 373),
(3009, 1011, 1559554171, 1559554351, 180),
(3010, 1011, 1559554427, 1559555075, 648),
(3011, 1011, 1559555217, 1559555430, 213),
(3012, 1011, 1559556150, 1559556378, 228),
(3013, 1010, 1559571195, 1559571375, 180),
(3014, 1011, 1559613959, 1559614139, 180),
(3015, 1, 1559618320, 1559618500, 180),
(3016, 1011, 1559619294, 1559619478, 184),
(3017, 1011, 1559619583, 1559619842, 259),
(3018, 1011, 1559620138, 1559620727, 589),
(3019, 1011, 1559620807, 1559621168, 361),
(3020, 1011, 1559627599, 1559627779, 180),
(3021, 1011, 1559627928, 1559628179, 251),
(3022, 1010, 1559628330, 1559628617, 287),
(3023, 1010, 1559628637, 1559629392, 755),
(3026, 1011, 1559696468, 1559696791, 323),
(3027, 1011, 1559697024, 1559697204, 180),
(3028, 1011, 1559697608, 1559697788, 180),
(3029, 1011, 1559698985, 1559699303, 318),
(3030, 1011, 1559699306, 1559699827, 521),
(3031, 1011, 1559702051, 1559702315, 264),
(3032, 1011, 1559703236, 1559703423, 187),
(3033, 1011, 1559703951, 1559704232, 281),
(3034, 1011, 1559704405, 1559705039, 634),
(3035, 1011, 1559705224, 1559705409, 185),
(3036, 1011, 1559705702, 1559705941, 239),
(3037, 1011, 1559706038, 1559706358, 320),
(3038, 1011, 1559706509, 1559706907, 398),
(3039, 1011, 1559706933, 1559707135, 202),
(3040, 1011, 1559713031, 1559713388, 357),
(3041, 1011, 1559713523, 1559713789, 266),
(3042, 1011, 1559713862, 1559714048, 186),
(3043, 1011, 1559714677, 1559715443, 766),
(3044, 1011, 1559715449, 1559716393, 944),
(3045, 1011, 1559716705, 1559717270, 565),
(3046, 1011, 1559717281, 1559717545, 264),
(3047, 1011, 1559727334, 1559727573, 239),
(3048, 1011, 1559727613, 1559727817, 204),
(3049, 1011, 1559727970, 1559728190, 220),
(3050, 1011, 1559728485, 1559728820, 335),
(3051, 1011, 1559728907, 1559729104, 197),
(3052, 1011, 1559729255, 1559729475, 220),
(3053, 1011, 1559729834, 1559730018, 184),
(3054, 1011, 1559730041, 1559730271, 230),
(3055, 1012, 1559802252, 1559804265, 2013),
(3059, 1012, 1559804906, 1559805340, 434),
(3060, 1010, 1559815814, 1559815994, 180),
(3061, 1, 1560070617, 1560070930, 313),
(3062, 1012, 1560148165, 1560148734, 569),
(3064, 1012, 1560148943, 1560150082, 1139),
(3066, 1012, 1560150094, 1560150586, 492),
(3067, 1011, 1560151997, 1560152177, 180),
(3068, 1011, 1560153366, 1560154034, 668),
(3069, 1011, 1560154089, 1560154461, 372),
(3070, 1011, 1560154513, 1560154821, 308),
(3071, 1010, 1560229463, 1560229657, 194),
(3072, 1010, 1560229675, 1560230307, 632),
(3074, 1011, 1560231808, 1560231988, 180),
(3075, 1010, 1560232475, 1560232875, 400),
(3076, 1010, 1560234170, 1560235460, 1290),
(3077, 1010, 1560235640, 1560236777, 1137),
(3078, 1, 1560235946, 1560236147, 201),
(3079, 1010, 1560236877, 1560237213, 336),
(3080, 1010, 1560237279, 1560237921, 642),
(3081, 1012, 1560330561, 1560330769, 208),
(3082, 1, 1560400338, 1560400684, 346),
(3083, 1012, 1560472182, 1560472386, 204),
(3084, 1010, 1560493403, 1560493583, 180),
(3085, 1010, 1560493592, 1560494300, 708),
(3086, 1010, 1560495169, 1560495349, 180),
(3087, 1010, 1560495960, 1560496462, 502),
(3088, 1010, 1560497648, 1560497852, 204),
(3089, 1010, 1560497884, 1560498241, 357),
(3090, 1010, 1560498405, 1560498611, 206),
(3091, 1010, 1560499315, 1560499738, 423),
(3092, 1010, 1560499799, 1560499979, 180),
(3093, 1010, 1560501194, 1560501374, 180),
(3094, 1010, 1560567420, 1560567607, 187),
(3095, 1010, 1560568512, 1560568729, 217),
(3096, 1010, 1560568813, 1560569315, 502),
(3097, 1010, 1560569696, 1560570180, 484),
(3098, 1010, 1560570835, 1560571035, 200),
(3099, 1010, 1560571263, 1560571455, 192),
(3100, 1010, 1560589694, 1560590123, 429),
(3101, 1010, 1560590132, 1560590528, 396),
(3102, 1010, 1560590682, 1560591102, 420),
(3103, 1010, 1560591434, 1560591848, 414),
(3104, 1010, 1560591975, 1560592373, 398),
(3105, 1010, 1560592427, 1560593181, 754),
(3106, 1010, 1560593410, 1560594600, 1190),
(3107, 1010, 1560595380, 1560595779, 399),
(3108, 1010, 1560596261, 1560596448, 187),
(3109, 1010, 1560596455, 1560596635, 180),
(3110, 1010, 1560597420, 1560597830, 410),
(3111, 1010, 1560598320, 1560598579, 259),
(3112, 1010, 1560598823, 1560599013, 190),
(3113, 1010, 1560600107, 1560600910, 803),
(3114, 1010, 1560601017, 1560601238, 221),
(3115, 1010, 1560601880, 1560602060, 180),
(3116, 1010, 1560699630, 1560700076, 446),
(3117, 1010, 1560702968, 1560703151, 183),
(3118, 1010, 1560703173, 1560703358, 185),
(3119, 1010, 1560705487, 1560705667, 180),
(3120, 1010, 1560712430, 1560713056, 626),
(3121, 1010, 1560744998, 1560745464, 466),
(3122, 1010, 1560745591, 1560745914, 323),
(3123, 1010, 1560746564, 1560746756, 192),
(3124, 1, 1560764058, 1560764480, 422),
(3125, 1010, 1560820957, 1560821140, 183),
(3126, 1010, 1560841640, 1560841827, 187),
(3127, 1010, 1560841893, 1560842824, 931),
(3128, 1, 1560842915, 1560843099, 184),
(3129, 1, 1560920648, 1560920917, 269),
(3130, 1, 1560921038, 1560921401, 363),
(3131, 1, 1560992168, 1560992348, 180),
(3132, 1, 1560992617, 1560993015, 398),
(3133, 1010, 1560995055, 1560995251, 196),
(3134, 1010, 1560995716, 1560995900, 184),
(3135, 1010, 1560996219, 1560996643, 424),
(3136, 1010, 1560997229, 1560997442, 213),
(3137, 1, 1561108671, 1561109058, 387),
(3138, 1, 1561109179, 1561109597, 418),
(3139, 1, 1561109738, 1561110402, 664),
(3142, 1, 1561110575, 1561110780, 205),
(3144, 1, 1561183750, 1561183959, 209),
(3145, 1, 1561184728, 1561184919, 191),
(3146, 1, 1561186495, 1561186675, 180),
(3147, 1010, 1561189092, 1561190039, 947),
(3148, 1010, 1561190609, 1561191019, 410),
(3149, 1010, 1561191602, 1561192208, 606),
(3150, 1010, 1561192255, 1561192656, 401),
(3151, 1010, 1561192852, 1561193069, 217),
(3152, 1010, 1561193701, 1561193885, 184),
(3153, 1010, 1561194358, 1561194538, 180),
(3154, 1, 1561217051, 1561217233, 182);
INSERT INTO `js_online` (`jsol_sn`, `jsuser_sn`, `jsol_start`, `jsol_end`, `jsol_count`) VALUES
(3155, 1, 1561221423, 1561221603, 180),
(3156, 1, 1561222780, 1561223190, 410),
(3158, 1, 1561263979, 1561264284, 305),
(3164, 1, 1561266121, 1561266301, 180),
(3165, 1, 1561276408, 1561276588, 180),
(3166, 1, 1561277370, 1561277578, 208),
(3167, 1, 1561278037, 1561278224, 187),
(3168, 1, 1561278853, 1561279033, 180),
(3169, 1, 1561279389, 1561279631, 242),
(3170, 1, 1561289245, 1561289728, 483),
(3171, 1, 1561290017, 1561290219, 202),
(3172, 1, 1561290565, 1561290950, 385),
(3173, 1, 1561297779, 1561297965, 186),
(3174, 1010, 1561316475, 1561316849, 374),
(3175, 1010, 1561317506, 1561317700, 194),
(3176, 1010, 1561349174, 1561349360, 186),
(3177, 1, 1561357232, 1561357520, 288),
(3179, 1010, 1561358379, 1561358559, 180),
(3180, 1, 1561360346, 1561360657, 311),
(3181, 1010, 1561360537, 1561360834, 297),
(3182, 1, 1561360739, 1561361087, 348),
(3183, 1010, 1561360945, 1561361608, 663),
(3184, 1, 1561361176, 1561361534, 358),
(3185, 1, 1561361906, 1561362343, 437),
(3186, 1, 1561366006, 1561366188, 182),
(3187, 1010, 1561381321, 1561381501, 180),
(3188, 1010, 1561381717, 1561381897, 180),
(3189, 1010, 1561393782, 1561393962, 180),
(3190, 1010, 1561457950, 1561458130, 180),
(3191, 1010, 1561491352, 1561491532, 180),
(3192, 1010, 1561520434, 1561520614, 180),
(3193, 1, 1561532262, 1561532442, 180),
(3194, 1, 1561532915, 1561533097, 182),
(3195, 1, 1561534529, 1561534821, 292),
(3196, 1, 1561535054, 1561535334, 280),
(3197, 1, 1561540878, 1561541169, 291),
(3198, 1, 1561542137, 1561543231, 1094),
(3199, 1, 1561543232, 1561543796, 564),
(3200, 1, 1561560452, 1561560670, 218),
(3201, 1, 1561561810, 1561561990, 180),
(3202, 1, 1561562036, 1561562295, 259),
(3203, 1, 1561562321, 1561562501, 180),
(3204, 1, 1561562655, 1561562949, 294),
(3207, 1, 1561563020, 1561563781, 761),
(3208, 1, 1561568844, 1561569024, 180),
(3209, 1010, 1561601002, 1561601361, 359),
(3210, 1010, 1561611892, 1561612088, 196),
(3211, 1, 1561615465, 1561615758, 293),
(3214, 1, 1561615785, 1561615985, 200),
(3215, 1, 1561619372, 1561619565, 193),
(3217, 1, 1561620361, 1561621220, 859),
(3218, 1, 1561621501, 1561621803, 302),
(3219, 1, 1561621859, 1561622313, 454),
(3220, 1, 1561622758, 1561622960, 202),
(3221, 1, 1561622991, 1561625332, 2341),
(3279, 1, 1561625409, 1561625612, 203);

-- --------------------------------------------------------

--
-- 資料表結構 `js_user`
--

CREATE TABLE `js_user` (
  `jsuser_sn` int(10) UNSIGNED NOT NULL,
  `jsuser_account` varchar(32) NOT NULL,
  `jsuser_password` varchar(32) NOT NULL,
  `jsuser_name` varchar(32) NOT NULL DEFAULT '' COMMENT '姓名',
  `jsuser_email` varchar(64) NOT NULL DEFAULT '',
  `jsuser_add_date` int(10) UNSIGNED NOT NULL DEFAULT '0',
  `jsuser_mod_date` int(10) UNSIGNED NOT NULL DEFAULT '0',
  `jsuser_status` tinyint(4) NOT NULL DEFAULT '1' COMMENT '-1 刪除 1: 啟用 2:關閉',
  `jsuser_admin_permit` tinyint(5) NOT NULL DEFAULT '3' COMMENT '0: 華邦廠務(WB_user) 1: 系統管理員(Admin) 2:廠商(WT_user) 3:華邦使用者(Gust-其它部門) 4: 華邦 Hookup(WB_Hookup)',
  `jsuser_update` int(10) UNSIGNED NOT NULL DEFAULT '0'
) ENGINE=InnoDB DEFAULT CHARSET=utf8 COMMENT='使用者';

--
-- 資料表的匯出資料 `js_user`
--

INSERT INTO `js_user` (`jsuser_sn`, `jsuser_account`, `jsuser_password`, `jsuser_name`, `jsuser_email`, `jsuser_add_date`, `jsuser_mod_date`, `jsuser_status`, `jsuser_admin_permit`, `jsuser_update`) VALUES
(1, '1234', '1234', '系統管理員', 'admin@wholetech.com.tw', 1464239864, 1550995803, 1, 0, 1506404807),
(1008, 'Henry', '1234', '馬恆寧', 'Ma@gmail.com', 1551065850, 1558865702, 1, 0, 0),
(1009, 'Test', '1234', 'Test', 'Test@asd.com.tw', 1558865717, 1558865717, 1, 3, 0),
(1010, 'webuser1', 'webuser1', 'webuser', 'Test@asd.com.tw', 1558865717, 1558865717, 1, 3, 0),
(1011, 'webuser2', 'webuser2', 'webuser', 'Test@asd.com.tw', 1558865717, 1558865717, 1, 3, 0),
(1012, 'webuser3', 'webuser3', 'webuser', 'Test@asd.com.tw', 1558865717, 1558865717, 1, 3, 0);

-- --------------------------------------------------------

--
-- 資料表結構 `onliine_add_data`
--

CREATE TABLE `onliine_add_data` (
  `onadd_sn` int(10) UNSIGNED NOT NULL COMMENT '產品編號',
  `onadd_add_date` int(10) UNSIGNED NOT NULL DEFAULT '0' COMMENT '建立日期',
  `onadd_mod_date` int(10) UNSIGNED NOT NULL DEFAULT '0' COMMENT '修改日期',
  `onadd_status` tinyint(3) NOT NULL DEFAULT '1' COMMENT '狀態 1 啟用 0 刪除',
  `jsuser_sn` int(10) UNSIGNED NOT NULL DEFAULT '0' COMMENT '編輯人員',
  `onadd_isbought` int(11) NOT NULL COMMENT '0:自種苗 1:外購苗',
  `onadd_part_no` varchar(64) CHARACTER SET utf8 NOT NULL DEFAULT '' COMMENT '品號',
  `onadd_part_name` varchar(64) CHARACTER SET utf8 NOT NULL DEFAULT '' COMMENT '品名',
  `onadd_color` varchar(64) CHARACTER SET utf8 NOT NULL DEFAULT '' COMMENT '花色',
  `onadd_size` varchar(64) CHARACTER SET utf8 NOT NULL DEFAULT '' COMMENT '花徑',
  `onadd_height` varchar(64) CHARACTER SET utf8 NOT NULL DEFAULT '' COMMENT '高度',
  `onadd_pot_size` varchar(64) CHARACTER SET utf8 NOT NULL DEFAULT '' COMMENT '適合開花盆徑',
  `onadd_supplier` varchar(64) CHARACTER SET utf8 NOT NULL DEFAULT '' COMMENT '供應商',
  `onadd_planting_date` int(10) NOT NULL DEFAULT '0' COMMENT '下種日期',
  `onadd_quantity` varchar(64) CHARACTER SET utf8 NOT NULL DEFAULT '' COMMENT '下種數量',
  `onadd_growing` varchar(64) CHARACTER SET utf8 NOT NULL DEFAULT '' COMMENT '預計成長大小',
  `onadd_change_basin` varchar(64) CHARACTER SET utf8 NOT NULL DEFAULT '' COMMENT '換盆週期',
  `onadd_elimination` int(10) NOT NULL COMMENT '汰除原因',
  `onadd_location` varchar(64) CHARACTER SET utf8 NOT NULL DEFAULT '' COMMENT '放置位置',
  `onadd_quantity_del` varchar(64) CHARACTER SET utf8 NOT NULL DEFAULT '' COMMENT '汰除數量',
  `onadd_quantity_shi` varchar(64) CHARACTER SET utf8 NOT NULL DEFAULT '' COMMENT '出貨數量',
  `onadd_quantity_cha` varchar(64) CHARACTER SET utf8 NOT NULL DEFAULT '' COMMENT '換盆數量',
  `onadd_cycle` varchar(64) CHARACTER SET utf8 NOT NULL DEFAULT '' COMMENT '栽種週期',
  `onadd_plant_year` varchar(64) CHARACTER SET utf8 NOT NULL DEFAULT '' COMMENT '種植年',
  `onadd_plant_day` varchar(64) CHARACTER SET utf8 NOT NULL DEFAULT '' COMMENT '種植月',
  `onadd_schedule` int(10) NOT NULL DEFAULT '0' COMMENT '排程狀態：1.已排程2.延後',
  `onadd_plant_st` int(10) NOT NULL DEFAULT '1' COMMENT '1:苗2:瓶苗'
) ENGINE=InnoDB DEFAULT CHARSET=latin1;

--
-- 資料表的匯出資料 `onliine_add_data`
--

INSERT INTO `onliine_add_data` (`onadd_sn`, `onadd_add_date`, `onadd_mod_date`, `onadd_status`, `jsuser_sn`, `onadd_isbought`, `onadd_part_no`, `onadd_part_name`, `onadd_color`, `onadd_size`, `onadd_height`, `onadd_pot_size`, `onadd_supplier`, `onadd_planting_date`, `onadd_quantity`, `onadd_growing`, `onadd_change_basin`, `onadd_elimination`, `onadd_location`, `onadd_quantity_del`, `onadd_quantity_shi`, `onadd_quantity_cha`, `onadd_cycle`, `onadd_plant_year`, `onadd_plant_day`, `onadd_schedule`, `onadd_plant_st`) VALUES
(1, 1541030400, 1551369600, 1, 0, 0, 'PP-0052', 'Snow Elf(小白)', 'whith', '4.5cm', '15-20cm', '6 cm pot/ 1.7inch pot', '線上植物', 1541030400, '2500', '1', '4', 0, 'A區', '2019', '3', '', '1551843433', '', '', 1, 1),
(9, 1541030400, 1551415595, 1, 0, 0, 'PA2', 'Pink Girl 粉紅女孩', 'Pink 粉紅色', '3.7 cm', '15-20 cm', '6 cm pot (1.7 inch pot)', '線上植物', 1541030400, '1234', '2', '8', 0, 'A區', '2019', '3', '', '1551843433', '', '', 1, 1),
(17, 1551894448, 1551894448, 1, 0, 0, 'PA2', 'Pink Girl 粉紅女孩', 'Pink 粉紅色', '3.7 cm', '15-20 cm', '6 cm pot (1.7 inch pot)', '線上植物', 1541088000, '28000', '2', '', 0, '', '2019', '3', '', '1551894448', '', '', 0, 1),
(18, 1551894817, 1551894817, 1, 0, 0, 'PP-0052', 'Snow Elf(小白)', 'whith', '4.5cm', '15-20cm', '6 cm pot/ 1.7inch pot', '線上植物', 1541088000, '20000', '1', '', 0, '', '2019', '3', '', '1551894817', '', '', 1, 1),
(23, 1551897687, 1551897687, 1, 0, 0, 'MS3', 'Vivian 維維安', 'Red Stripe紅線條', '4 CM', '25 CM', '6 cm pot (1.7 inch pot)', 'Online', 1551888000, '10000', '', '', 0, '', '', '', '', '1551897687', '', '', 1, 2),
(24, 1551897757, 1551897757, 1, 0, 0, 'MS4', 'Alma  愛瑪', 'Red Stripe紅線條', '4 CM', '25 CM', '6 cm pot (1.7 inch pot)', 'Online', 1551888000, '2', '', '', 0, '', '', '', '', '1551897757', '', '', 0, 2),
(46, 1558797651, 1558797651, 1, 0, 0, 'Test', 'Test', 'Test', 'Test', 'Test', 'Test', 'Test', 1557158400, '2', '5', '4', 0, '', '2019', '', '', '1558797651', '', '', 0, 1),
(49, 1558858712, 1558858712, 1, 0, 0, 'MS4', 'Alma  愛瑪', 'Red Stripe紅線條', '4 CM', '25 CM', '6 cm pot (1.7 inch pot)', 'Online', 1557849600, '9900', '1', '', 0, '', '', '', '', '1558858712', '', '', 0, 1),
(50, 1558865436, 1558865436, 1, 0, 0, 'MS4', 'Alma  愛瑪', 'Red Stripe紅線條', '4 CM', '25 CM', '6 cm pot (1.7 inch pot)', 'Online', 1558800000, '10000', '1', '', 0, '', '', '', '', '1558865436', '', '', 0, 1),
(51, 1558984033, 1558984033, -1, 0, 0, 'JJ-32-2', 'JJ-32-2', 'JJ-32-2', '2', '100', '1', '1', 1547568000, '0', '4', '', 0, '', '', '', '', '1558984033', '', '', 0, 1),
(53, 1559004963, 1559004963, 1, 0, 0, 'V3', '天發', '天發', '天發', '天發', '天發', '天發', 1558627200, '2100', '1', '', 0, '', '', '', '', '1559004963', '', '', 0, 1),
(54, 1559005174, 1559005174, 1, 0, 0, '1019-18', '老師', '老師', '老師', '老師', '老師', '老師', 1558540800, '16000', '1', '', 0, '', '', '', '', '1559005174', '', '', 0, 1),
(55, 1559005287, 1559005287, 1, 0, 0, '1159', '老師', '老師', '老師', '老師', '老師', '永馨', 1558627200, '98', '1', '', 0, '', '', '', '', '1559005287', '', '', 0, 1),
(56, 1559006087, 1559006087, 1, 0, 0, 'JJ-32-1', '1', '1', '1', '1', '1', '老師', 1547568000, '563', '4', '', 0, '', '', '', '', '1559006087', '', '', 0, 1),
(57, 1559006206, 1559006206, 1, 0, 0, 'CVM-72-7-2', '1', '1', '1', '1', '1', '老師', 1547740800, '1270', '4', '', 0, '', '', '', '', '1559006206', '', '', 0, 1),
(58, 1559006301, 1559006301, 1, 0, 0, 'CVM-8-1', '1', '1', '1', '1', '1', '老師', 1547740800, '2663', '4', '', 0, '', '', '', '', '1559006301', '', '', 0, 1),
(59, 1559006344, 1559006344, 1, 0, 0, 'CVM-62-7', '1', '1', '1', '1', '1', '老師', 1547913600, '1773', '4', '', 0, '', '', '', '', '1559006344', '', '', 0, 1),
(60, 1559006388, 1559006388, 1, 0, 0, 'JJ-73-1', '1', '1', '1', '1', '1', '老師', 1547654400, '434', '4', '', 0, '', '', '', '', '1559006388', '', '', 0, 1),
(61, 1559006439, 1559006439, -1, 0, 0, 'CVM-17-16-1', '1', '1', '1', '1', '1', '老師', 1558022400, '0', '4', '', 0, '', '', '', '', '1559006439', '', '', 0, 1),
(62, 1559006548, 1559006548, 1, 0, 0, 'CVM-17-16-2', '1', '1', '1', '1', '1', '老師', 1547568000, '1192', '4', '', 0, '', '', '', '', '1559006548', '', '', 0, 1),
(63, 1559006589, 1559006589, 1, 0, 0, 'CVM-6-7-2', '1', '1', '1', '1', '1', '老師', 1547913600, '735', '1', '', 0, '', '', '', '', '1559006589', '', '', 0, 1),
(64, 1559006835, 1559006835, -1, 0, 0, 'JK27B', '1', '1', '1', '1', '1', '老師', 1547827200, '0', '4', '', 0, '', '', '', '', '1559006835', '', '', 0, 1),
(65, 1559006895, 1559006895, -1, 0, 0, 'J36-15', '1', '1', '1', '1', '1', '老師', 1547827200, '0', '4', '', 0, '', '', '', '', '1559006895', '', '', 0, 1),
(66, 1559007177, 1559007177, 1, 0, 0, 'CVM-17-16-1', '1', '1', '1', '1', '1', '老師', 1547654400, '777', '1', '', 0, '', '', '', '', '1559007177', '', '', 0, 1),
(67, 1559007225, 1559007225, -1, 0, 0, 'JK27B', '1', '1', '1', '1', '1', '老師', 1547827200, '0', '4', '', 0, '', '', '', '', '1559007225', '', '', 0, 1),
(68, 1559007306, 1559007306, -1, 0, 0, 'JK27B', '1', '1', '1', '1', '1', '老師', 1547827200, '0', '4', '', 0, '', '', '', '', '1559007306', '', '', 0, 1),
(69, 1559007449, 1559007449, 1, 0, 0, 'JK27B', '1', '1', '1', '1', '1', '老師', 1547827200, '1433', '4', '', 0, '', '', '', '', '1559007449', '', '', 0, 1),
(70, 1559007538, 1559007538, 1, 0, 0, 'J36-15B', '1', '1', '1', '1', '1', '老師', 1547827200, '1522', '4', '', 0, '', '', '', '', '1559007538', '', '', 0, 1),
(71, 1559007599, 1559007599, 1, 0, 0, 'CR-16-2', '1', '1', '1', '1', '1', '老師', 1547568000, '687', '1', '', 0, '', '', '', '', '1559007599', '', '', 0, 1),
(72, 1559007718, 1559007718, 1, 0, 0, 'CVM-56-14-1', '1', '1', '1', '1', '1', '老師', 1547481600, '571', '4', '', 0, '', '', '', '', '1559007718', '', '', 0, 1),
(73, 1559010635, 1559010635, 1, 0, 0, 'CVMA-10-16-1', '1', '1', '1', '1', '1', '老師', 1547568000, '245', '4', '', 0, '', '', '', '', '1559010635', '', '', 0, 1),
(74, 1559010717, 1559010717, 1, 0, 0, 'CVM-10-16-2', '1', '1', '1', '1', '1', '老師', 1547568000, '90', '4', '', 0, '', '', '', '', '1559010717', '', '', 0, 1),
(75, 1559010769, 1559010769, 1, 0, 0, 'CVM-10-16-3', '1', '1', '1', '1', '1', '老師', 1547568000, '176', '4', '', 0, '', '', '', '', '1559010769', '', '', 0, 1),
(76, 1559010813, 1559010813, 1, 0, 0, 'CVM-43-14B', '1', '1', '1', '1', '1', '老師', 1547568000, '675', '4', '', 0, '', '', '', '', '1559010813', '', '', 0, 1),
(77, 1559010850, 1559010850, 1, 0, 0, 'JC-11', '1', '1', '1', '1', '1', '老師', 1548086400, '704', '4', '', 0, '', '', '', '', '1559010850', '', '', 0, 1),
(78, 1559010905, 1559010905, 1, 0, 0, 'FS119', '1', '1', '1', '1', '1', '老師', 1548086400, '702', '4', '', 0, '', '', '', '', '1559010905', '', '', 0, 1),
(79, 1559011097, 1559011097, 1, 0, 0, 'HL16', '1', '1', '1', '1', '1', '老師', 1548086400, '1327', '4', '', 0, '', '', '', '', '1559011097', '', '', 0, 1),
(80, 1559011161, 1559011161, -1, 0, 0, 'Lee 1184', '1', '1', '1', '1', '1', '1', 1548172800, '0', '1', '', 0, '', '', '', '', '1559011161', '', '', 0, 1),
(81, 1559011254, 1559011254, 1, 0, 0, 'Lee1184', '1', '1', '1', '1', '1', '老師', 1548172800, '16038', '1', '', 0, '', '', '', '', '1559011254', '', '', 0, 1),
(82, 1559011293, 1559011293, 1, 0, 0, 'Lee1019', '1', '1', '1', '1', '1', '老師', 1548950400, '468', '1', '', 0, '', '', '', '', '1559011293', '', '', 0, 1),
(83, 1559011334, 1559011334, 1, 0, 0, 'Lee1019-7', '1', '1', '1', '1', '1', '老師', 1548950400, '190', '1', '', 0, '', '', '', '', '1559011334', '', '', 0, 1),
(84, 1559011408, 1559011408, 1, 0, 0, 'Lee1019-8', '1', '1', '1', '1', '1', '老師', 1548864000, '192', '1', '', 0, '', '', '', '', '1559011408', '', '', 0, 1),
(85, 1559011466, 1559011466, 1, 0, 0, 'Lee1019-AA', '1', '1', '1', '1', '1', '老師', 1548864000, '575', '1', '', 0, '', '', '', '', '1559011466', '', '', 0, 1),
(86, 1559011531, 1559011531, 1, 0, 0, 'Lee1019-1613', '1', '1', '1', '1', '1', '老師', 1548604800, '10305', '1', '', 0, '', '', '', '', '1559011531', '', '', 0, 1),
(87, 1559011571, 1559011571, -1, 0, 0, 'JJ-60', '1', '1', '1', '1', '1', '1', 1550764800, '0', '4', '', 0, '', '', '', '', '1559011571', '', '', 0, 1),
(88, 1559011615, 1559011615, 1, 0, 0, 'JJ-73-2', '1', '1', '1', '1', '1', '老師', 1549814400, '1124', '4', '', 0, '', '', '', '', '1559011615', '', '', 0, 1),
(89, 1559011655, 1559011655, 1, 0, 0, 'JJ-73-3', '1', '1', '1', '1', '1', '老師', 1549987200, '775', '4', '', 0, '', '', '', '', '1559011655', '', '', 0, 1),
(90, 1559011698, 1559011698, 1, 0, 0, 'JK-30', '1', '1', '1', '1', '1', '老師', 1550419200, '1268', '4', '', 0, '', '', '', '', '1559011698', '', '', 0, 1),
(91, 1559011784, 1559011784, 1, 0, 0, 'CVM-72-7-4', '1', '1', '1', '1', '1', '老師', 1550160000, '810', '4', '', 0, '', '', '', '', '1559011784', '', '', 0, 1),
(92, 1559011820, 1559011820, 1, 0, 0, 'JN-10B', '1', '1', '1', '1', '1', '老師', 1550246400, '466', '4', '', 0, '', '', '', '', '1559011820', '', '', 0, 1),
(93, 1559011858, 1559011858, 1, 0, 0, 'JK-34', '1', '1', '1', '1', '1', '老師', 1549036800, '1784', '4', '', 0, '', '', '', '', '1559011858', '', '', 0, 1),
(94, 1559011920, 1559011920, 1, 0, 0, 'JJ-60', '1', '1', '1', '1', '1', '老師', 1550764800, '1666', '4', '', 0, '', '', '', '', '1559011920', '', '', 0, 1),
(95, 1559012823, 1559012823, 1, 0, 0, 'CVM-66-14B', '1', '1', '1', '1', '1', '老師', 1550332800, '434', '4', '', 0, '', '', '', '', '1559012823', '', '', 0, 1),
(96, 1559012886, 1559012886, 1, 0, 0, 'CVM-56-14B', '1', '1', '1', '1', '1', '老師', 1550246400, '466', '4', '', 0, '', '', '', '', '1559012886', '', '', 0, 1),
(97, 1559012941, 1559012941, 1, 0, 0, 'JN-15', '1', '1', '1', '1', '1', '老師', 1550073600, '1376', '4', '', 0, '', '', '', '', '1559012941', '', '', 0, 1),
(98, 1559012975, 1559012975, 1, 0, 0, 'CVM-51-14B', '1', '1', '1', '1', '1', '老師', 1550246400, '1123', '4', '', 0, '', '', '', '', '1559012975', '', '', 0, 1),
(99, 1559013012, 1559013012, 1, 0, 0, 'CVM-69-7-4', '1', '1', '1', '1', '1', '老師', 1550160000, '605', '4', '', 0, '', '', '', '', '1559013012', '', '', 0, 1),
(100, 1559013054, 1559013054, 1, 0, 0, 'CVM-69-7-5', '1', '1', '1', '1', '1', '老師', 1550160000, '421', '4', '', 0, '', '', '', '', '1559013054', '', '', 0, 1),
(101, 1559013121, 1559013121, 1, 0, 0, 'CVM-69-7-6', '1', '1', '1', '1', '1', '老師', 1549900800, '459', '4', '', 0, '', '', '', '', '1559013121', '', '', 0, 1),
(102, 1559013178, 1559013178, 1, 0, 0, 'CVM-65-15B', '1', '1', '1', '1', '1', '老師', 1549814400, '585', '4', '', 0, '', '', '', '', '1559013178', '', '', 0, 1),
(103, 1559013233, 1559013233, 1, 0, 0, 'JK-47', '1', '1', '1', '1', '1', '老師', 1550160000, '1240', '4', '', 0, '', '', '', '', '1559013233', '', '', 0, 1),
(104, 1559013341, 1559013341, 1, 0, 0, 'CVM-7-3', '1', '1', '1', '1', '1', '老師', 1549987200, '869', '4', '', 0, '', '', '', '', '1559013341', '', '', 0, 1),
(105, 1559013506, 1559013506, 1, 0, 0, 'CVM-10-5', '1', '1', '1', '1', '1', '老師', 1549900800, '1670', '4', '', 0, '', '', '', '', '1559013506', '', '', 0, 1),
(106, 1559013555, 1559013555, 1, 0, 0, 'JK-26B', '1', '1', '1', '1', '1', '老師', 1550332800, '1499', '4', '', 0, '', '', '', '', '1559013555', '', '', 0, 1),
(107, 1559013599, 1559013599, 1, 0, 0, 'JJ-62-5', '1', '1', '1', '1', '1', '老師', 1549900800, '608', '4', '', 0, '', '', '', '', '1559013599', '', '', 0, 1),
(108, 1559013628, 1559013628, 1, 0, 0, 'JJ-62-4', '1', '1', '1', '1', '1', '老師', 1550073600, '616', '4', '', 0, '', '', '', '', '1559013628', '', '', 0, 1),
(109, 1559013659, 1559013659, 1, 0, 0, 'CVM-16', '1', '1', '1', '1', '1', '老師', 1550073600, '1935', '4', '', 0, '', '', '', '', '1559013659', '', '', 0, 1),
(111, 1559013794, 1559013794, 1, 0, 0, 'JK-25B', '1', '1', '1', '1', '1', '老師', 1550419200, '755', '4', '', 0, '', '', '', '', '1559013794', '', '', 0, 1),
(112, 1559013839, 1559013839, 1, 0, 0, 'V3', '1', '1', '1', '1', '1', '老師', 1550505600, '199', '4', '', 0, '', '', '', '', '1559013839', '', '', 0, 1),
(113, 1559014008, 1559014008, 1, 0, 0, '水1159-5B', '1', '1', '1', '1', '1', '老師', 1550851200, '289', '1', '', 0, '', '', '', '', '1559014008', '', '', 0, 1),
(114, 1559014058, 1559014058, 1, 0, 0, '水1159-5B', '1', '1', '1', '1', '1', '老師', 1550073600, '323', '1', '', 0, '', '', '', '', '1559014058', '', '', 0, 1),
(115, 1559014152, 1559014152, 1, 0, 0, 'KC70256', '1', '1', '1', '1', '1', 'KC70256', 1547913600, '1', '2', '', 0, '', '', '', '', '1559014152', '', '', 0, 1),
(116, 1559014209, 1559014209, 1, 0, 0, 'KC3490-2', '1', '1', '1', '1', '1', '天發', 1547913600, '663', '2', '', 0, '', '', '', '', '1559014209', '', '', 0, 1),
(120, 1559030182, 1559030182, 1, 0, 0, 'Lee 1019-18', '1', '1', '1', '1', '1', '永馨', 1557244800, '16,056', '', '', 0, '', '', '', '', '1559030182', '', '', 0, 2),
(121, 1559030236, 1559030236, 1, 0, 0, 'Lee 1019-17A', '1', '1', '1', '1', '1', '永馨', 1557244800, '1,728', '', '', 0, '', '', '', '', '1559030236', '', '', 0, 2),
(122, 1559030284, 1559030284, 1, 0, 0, 'Lee 1159', '1', '1', '1', '1', '1', '永馨', 1557244800, '2,736', '', '', 0, '', '', '', '', '1559030284', '', '', 0, 2),
(123, 1559030321, 1559030321, 1, 0, 0, 'Lee 1019-5A1', '1', '1', '1', '1', '1', '永馨', 1557244800, '528', '', '', 0, '', '', '', '', '1559030321', '', '', 0, 2),
(124, 1559030365, 1559030365, 1, 0, 0, 'Lee 1019-3A1', '1', '1', '1', '1', '1', '永馨', 1557244800, '308', '', '', 0, '', '', '', '', '1559030365', '', '', 0, 2),
(125, 1559030410, 1559030410, 1, 0, 0, 'JJ-60', '1', '1', '1', '1', '1', '山月', 1557244800, '1,638', '', '', 0, '', '', '', '', '1559030410', '', '', 0, 2),
(126, 1559030443, 1559030443, 1, 0, 0, 'CVM-69-7-1', '1', '1', '1', '1', '1', '山月', 1557244800, '532', '', '', 0, '', '', '', '', '1559030443', '', '', 0, 2),
(127, 1559030478, 1559030478, 1, 0, 0, 'CVM-69-7-2', '1', '1', '1', '1', '1', '山月', 1557244800, '476', '', '', 0, '', '', '', '', '1559030478', '', '', 0, 2),
(128, 1559030508, 1559030508, 1, 0, 0, 'CVM-69-7-3', '1', '1', '1', '1', '1', '山月', 1557244800, '868', '', '', 0, '', '', '', '', '1559030508', '', '', 0, 2),
(129, 1559030540, 1559030540, 1, 0, 0, 'JC-16', '1', '1', '1', '1', '1', '山月', 1557244800, '434', '', '', 0, '', '', '', '', '1559030540', '', '', 0, 2),
(130, 1559030570, 1559030570, 1, 0, 0, 'JC-92', '1', '1', '1', '1', '1', '山月', 1557244800, '336', '', '', 0, '', '', '', '', '1559030570', '', '', 0, 2),
(131, 1559030598, 1559030598, 1, 0, 0, 'JC-71', '1', '1', '1', '1', '1', '山月', 1557244800, '1,316', '', '', 0, '', '', '', '', '1559030598', '', '', 0, 2),
(132, 1559030628, 1559030628, 1, 0, 0, 'JC-9', '1', '1', '1', '1', '1', '山月', 1557244800, '434', '', '', 0, '', '', '', '', '1559030628', '', '', 0, 2),
(133, 1559030659, 1559030659, 1, 0, 0, 'CR-16-1', '1', '1', '1', '1', '1', '山月', 1557244800, '714', '', '', 0, '', '', '', '', '1559030659', '', '', 0, 2),
(134, 1559030688, 1559030688, 1, 0, 0, 'JJC-2', '1', '1', '1', '1', '1', '山月', 1557244800, '2,016', '', '', 0, '', '', '', '', '1559030688', '', '', 0, 2),
(135, 1559030714, 1559030714, 1, 0, 0, 'CVM-56-14B-1', '1', '1', '1', '1', '1', '山月', 1557244800, '574', '', '', 0, '', '', '', '', '1559030714', '', '', 0, 2),
(136, 1559030739, 1559030739, 1, 0, 0, 'CVM-6-7-3', '1', '1', '1', '1', '1', '山月', 1557244800, '742', '', '', 0, '', '', '', '', '1559030739', '', '', 0, 2),
(137, 1559030766, 1559030766, 1, 0, 0, '水1159-6B', '1', '1', '1', '1', '1', '山月', 1557244800, '435', '', '', 0, '', '', '', '', '1559030766', '', '', 0, 2),
(138, 1559030815, 1559030815, 1, 0, 0, '水1159-6B', '1', '1', '1', '1', '1', '山月', 1557849600, '56', '', '', 0, '', '', '', '', '1559030815', '', '', 0, 2),
(139, 1559030845, 1559030845, 1, 0, 0, '水1159-8', '1', '1', '1', '1', '1', '山月', 1557849600, '4,725', '', '', 0, '', '', '', '', '1559030845', '', '', 0, 2),
(140, 1559030997, 1559030997, 1, 0, 0, '水1159-7', '1', '1', '1', '1', '1', '山月', 1557849600, '2,790', '', '', 0, '', '', '', '', '1559030997', '', '', 0, 2),
(141, 1559031037, 1559031037, 1, 0, 0, '水1159-7', '1', '1', '1', '1', '1', '山月', 1557849600, '168', '', '', 0, '', '', '', '', '1559031037', '', '', 0, 2),
(142, 1559031072, 1559031072, 1, 0, 0, '水1287', '1', '1', '1', '1', '1', '山月', 1557849600, '3,598', '', '', 0, '', '', '', '', '1559031072', '', '', 0, 2),
(143, 1559031105, 1559031105, 1, 0, 0, 'FS119', '1', '1', '1', '1', '1', '山月', 1558022400, '1,005', '', '', 0, '', '', '', '', '1559031105', '', '', 0, 2),
(144, 1559031138, 1559031138, 1, 0, 0, 'HL16', '1', '1', '1', '1', '1', '山月', 1558022400, '1,995', '', '', 0, '', '', '', '', '1559031138', '', '', 0, 2),
(145, 1559031177, 1559031177, 1, 0, 0, 'JJ-62-7', '1', '1', '1', '1', '1', '山月', 1558627200, '798', '', '', 0, '', '', '', '', '1559031177', '', '', 0, 2),
(146, 1559031216, 1559031216, 1, 0, 0, 'JC-36-15B', '1', '1', '1', '1', '1', '山月', 1558627200, '1,680', '', '', 0, '', '', '', '', '1559031216', '', '', 0, 2),
(147, 1559031269, 1559031269, 1, 0, 0, 'CVM-17-16-1', '1', '1', '1', '1', '1', '山月', 1558627200, '1,120', '', '', 0, '', '', '', '', '1559031269', '', '', 0, 2),
(148, 1559031304, 1559031304, 1, 0, 0, 'JC-215-8', '1', '1', '1', '1', '1', '山月', 1558627200, '210', '', '', 0, '', '', '', '', '1559031304', '', '', 0, 2),
(149, 1559031345, 1559031345, 1, 0, 0, 'CVM-72-7-3', '1', '1', '1', '1', '1', '山月', 1558627200, '1,456', '', '', 0, '', '', '', '', '1559031345', '', '', 0, 2),
(150, 1559031377, 1559031377, 1, 0, 0, 'CR-17-1', '1', '1', '1', '1', '1', '山月', 1558627200, '336', '', '', 0, '', '', '', '', '1559031377', '', '', 0, 2),
(151, 1559031415, 1559031415, 1, 0, 0, 'CR-17-2', '1', '1', '1', '1', '1', '山月', 1558627200, '420', '', '', 0, '', '', '', '', '1559031415', '', '', 0, 2),
(152, 1559031445, 1559031445, 1, 0, 0, 'JC-223-8', '1', '1', '1', '1', '1', '山月', 1558627200, '336', '', '', 0, '', '', '', '', '1559031445', '', '', 0, 2),
(153, 1559031473, 1559031473, 1, 0, 0, 'CVMA-22-2', '1', '1', '1', '1', '1', '山月', 1558627200, '434', '', '', 0, '', '', '', '', '1559031473', '', '', 0, 2),
(154, 1559031505, 1559031505, 1, 0, 0, 'CR-14-42-8', '1', '1', '1', '1', '1', '山月', 1558627200, '364', '', '', 0, '', '', '', '', '1559031505', '', '', 0, 2),
(155, 1559031536, 1559031536, 1, 0, 0, 'JJ-32-1', '1', '1', '1', '1', '1', '山月', 1558627200, '1,932', '', '', 0, '', '', '', '', '1559031536', '', '', 0, 2),
(156, 1559031563, 1559031563, 1, 0, 0, 'JC-234-8', '1', '1', '1', '1', '1', '山月', 1558627200, '448', '', '', 0, '', '', '', '', '1559031563', '', '', 0, 2),
(157, 1559031592, 1559031592, 1, 0, 0, 'JC-19-8', '1', '1', '1', '1', '1', '山月', 1558627200, '434', '', '', 0, '', '', '', '', '1559031592', '', '', 0, 2),
(158, 1559031681, 1559031681, 1, 0, 0, 'CVM-10-5B', '1', '1', '1', '1', '1', '山月', 1558627200, '1,176', '', '', 0, '', '', '', '', '1559031681', '', '', 0, 2),
(159, 1559031708, 1559031708, 1, 0, 0, 'CVM-16-15B', '1', '1', '1', '1', '1', '山月', 1558627200, '1,232', '', '', 0, '', '', '', '', '1559031708', '', '', 0, 2),
(160, 1559031738, 1559031738, -1, 0, 0, 'JJ-73-2', '1', '1', '1', '1', '1', '山月', 1558627200, '-2', '', '', 0, '', '', '', '', '1559031738', '', '', 0, 2),
(161, 1559031770, 1559031770, 1, 0, 0, 'CVM-69-7-7', '1', '1', '1', '1', '1', '山月', 1558627200, '8', '', '', 0, '', '', '', '', '1559031770', '', '', 0, 2),
(162, 1559031795, 1559031795, 1, 0, 0, 'CVMA-2-8', '1', '1', '1', '1', '1', '山月', 1558627200, '4', '', '', 0, '', '', '', '', '1559031795', '', '', 0, 2),
(163, 1559031822, 1559031822, -1, 0, 0, 'CVM-56-14B', '1', '1', '1', '1', '1', '山月', 1558627200, '0', '', '', 0, '', '', '', '', '1559031822', '', '', 0, 2),
(164, 1559031964, 1559031964, 1, 0, 0, 'CVM-56-14B', '1', '1', '1', '1', '1', '山月', 1558972800, '20', '1', '', 0, '', '', '', '', '1559031964', '', '', 0, 1),
(167, 1559628822, 1559628822, -1, 0, 0, 'CVMA-2-8', '1', '1', '1', '1', '1', '山月', 1559664000, '0', '2', '', 0, '', '', '', '', '1559628822', '', '', 0, 1),
(169, 1559628970, 1559628970, -1, 0, 0, 'CVM-69-7-7', '1', '1', '1', '1', '1', '山月', 1559664000, '0', '1', '', 0, '', '', '', '', '1559628970', '', '', 0, 1),
(170, 1559629150, 1559629150, -1, 0, 0, 'JJ-73-2', '1', '1', '1', '1', '1', '山月', 1559664000, '-10', '1', '', 0, '', '', '', '', '1559629150', '', '', 0, 1),
(171, 1559802351, 1559802351, 1, 0, 0, 'CVM-69-7-1', '1', '1', '1', '1', '1', '山月', 1559491200, '100', '', '', 0, '', '', '', '', '1559802351', '', '', 0, 2),
(172, 1559802641, 1559802641, -1, 0, 0, 'CVM-69-7-1', '1', '1', '1', '1', '1', '山月', 1559750400, '0', '1', '', 0, '', '', '', '', '1559802641', '', '', 0, 1),
(174, 1560148543, 1560148543, 1, 0, 0, '1159-5AA', '1', '1', '1', '1', '1', '永馨', 1560096000, '2000', '', '', 0, '', '', '', '', '1560148543', '', '', 0, 2),
(175, 1560149192, 1560149192, 1, 0, 0, '1159-5AA', '1', '1', '1', '1', '1', '永馨', 1560096000, '5', '1', '', 0, '', '', '', '', '1560149192', '', '', 0, 1),
(176, 1560149478, 1560149478, 1, 0, 0, '1159-5AA', '1', '1', '1', '1', '1', '永馨', 1560096000, '5', '1', '', 0, '', '', '', '', '1560149478', '', '', 0, 1),
(177, 1560149500, 1560149500, 1, 0, 0, '1159-5AA', '1', '1', '1', '1', '1', '永馨', 1560096000, '5', '1', '', 0, '', '', '', '', '1560149500', '', '', 0, 1),
(178, 1560149575, 1560149575, -1, 0, 0, '1159-5AA', '1', '1', '1', '1', '1', '永馨', 1560096000, '-40', '2', '', 0, '', '', '', '', '1560149575', '', '', 0, 1),
(179, 1560234250, 1560234250, 1, 0, 0, '1', '1', '1', '1', '1', '1', '1', 1560182400, '1', '', '', 0, '', '', '', '', '1560234250', '', '', 0, 2),
(180, 1560234772, 1560234772, 1, 0, 0, 'PA2', 'Pink Girl 粉紅女孩', 'Pink 粉紅色', '3.7 cm', '15-20 cm', '6 cm pot (1.7 inch pot)', '線上植物', 1560182400, '100', '1', '', 0, '', '', '', '', '1560234772', '', '', 0, 1),
(181, 1560235110, 1560235110, 1, 0, 0, '1', '1', '1', '1', '1', '1', '1', 1560096000, '1', '', '', 0, '', '', '', '', '1560235110', '', '', 0, 2),
(182, 1560235183, 1560235183, -1, 0, 0, '1159-5AA', '1', '1', '1', '1', '1', '永馨', 1560268800, '0', '', '', 0, '', '', '', '', '1560235183', '', '', 0, 2),
(183, 1560235232, 1560235232, 1, 0, 0, '2', '2', '2', '2', '2', '2', '2', 1560268800, '200', '', '', 0, '', '', '', '', '1560235232', '', '', 0, 2),
(184, 1560235274, 1560235274, 1, 0, 0, '1159-5AA', '2', '2', '2', '2', '2', '55', 1560096000, '500', '', '', 0, '', '', '', '', '1560235274', '', '', 0, 2),
(185, 1560235707, 1560235707, 1, 0, 0, '1', '1', '1', '1', '1', '1', '2', 1560096000, '2', '', '', 0, '', '', '', '', '1560235707', '', '', 0, 2),
(189, 1560236256, 1560236256, 1, 0, 0, '1159-5AA', '1', '1', '1', '1', '1', '永馨', 1560182400, '1985', '1', '', 0, '', '', '', '', '1560236256', '', '', 0, 1),
(191, 1560493983, 1560493983, -1, 0, 0, '1159', '老師', '老師', '老師', '老師', '老師', '永馨', 1559664000, '0', '2', '', 0, '', '', '', '', '1560493983', '', '', 0, 1),
(192, 1560494061, 1560494061, 1, 0, 0, '1600', '1600', '35', '35', '35', '35', '35', 1560355200, '100', '1', '', 0, '', '', '', '', '1560494061', '', '', 0, 1),
(193, 1560495984, 1560495984, -1, 0, 0, '1159-5AA', '2', '2', '2', '2', '2', '55', 1560268800, '0', '2', '', 0, '', '', '', '', '1560495984', '', '', 0, 1),
(195, 1560499411, 1560499411, 1, 0, 0, '1', '1', '111', '1', '1', '1', '1', 1559664000, '400', '', '', 0, '', '', '', '', '1560499411', '', '', 0, 2),
(196, 1560499489, 1560499489, -1, 0, 0, '1', '1', '1', '1', '1', '1', '5', 1559145600, '0', '', '', 0, '', '', '', '', '1560499489', '', '', 0, 2),
(197, 1560569078, 1560569078, -1, 0, 0, '1', '1', '1', '1', '1', '1', '5', 1560441600, '0', '1', '', 0, '', '', '', '', '1560569078', '', '', 0, 1),
(198, 1560589798, 1560589798, 1, 0, 0, '1159', '1', '1', '1', '1', '1', '585456', 0, '1', '1', '', 0, '', '', '', '', '1560589798', '', '', 0, 1),
(199, 1560590219, 1560590219, -1, 0, 0, '1', '1', '1', '1', '1', '1', '5', 1559577600, '-2700', '1', '', 0, '', '', '', '', '1560590219', '', '', 0, 1),
(200, 1560590251, 1560590251, -1, 0, 0, '1', '1', '1', '1', '1', '1', '5', 1558972800, '0', '2', '', 0, '', '', '', '', '1560590251', '', '', 0, 1),
(203, 1560592732, 1560592732, -1, 0, 0, '1159-5AA', '1', '1', '1', '1', '1', '永馨', 1560355200, '0', '1', '', 0, '', '', '', '', '1560592732', '', '', 0, 1),
(204, 1560592845, 1560592845, -1, 0, 0, '1159-5AA', '1', '1', '1', '1', '1', '永馨', 1559923200, '-2000', '1', '', 0, '', '', '', '', '1560592845', '', '', 0, 1),
(210, 1561290032, 1561290032, -1, 0, 0, 'CVM-17-16-1', '1', '1', '1', '1', '1', '老師', 1561392000, '0', '4', '', 0, '', '', '', '', '1561290032', '', '', 0, 2),
(211, 1561316629, 1561316629, -1, 0, 0, '1', '1', '1', '1', '1', '1', '5', 1560268800, '0', '2', '', 0, '', '', '', '80', '1561316629', '', '', 0, 1),
(212, 1561316647, 1561316647, -1, 0, 0, '1', '1', '1', '1', '1', '1', '5', 1559664000, '0', '2', '', 0, '', '', '', '80', '1561316647', '', '', 0, 1),
(213, 1561357278, 1561357278, -1, 0, 0, '1', '1', '1', '1', '1', '1', '5', 1560873600, '0', '2', '', 0, '', '', '', '50', '1561357278', '', '', 0, 1),
(214, 1561360586, 1561360586, -1, 0, 0, '1', '1', '1', '1', '1', '1', '5', 1559577600, '0', '1', '', 0, '', '', '', '3000', '1561360586', '', '', 0, 1),
(215, 1561360829, 1561360829, -1, 0, 0, 'CVM-17-16-1', '1', '1', '1', '1', '1', '老師', 1561392000, '0', '1', '', 0, '', '', '', '', '1561360829', '', '', 0, 1),
(216, 1561360876, 1561360876, -1, 0, 0, '1600', '1600', '35', '35', '35', '35', '35', 1561392000, '0', '1', '', 0, '', '', '', '100', '1561360876', '', '', 0, 1),
(217, 1561361091, 1561361091, 1, 0, 0, '1', '1', '1', '1', '1', '1', '5', 1558972800, '20', '1', '', 0, '', '', '', '', '1561361091', '', '', 0, 1),
(218, 1561361125, 1561361125, 1, 0, 0, 'CVM-17-16-1', '1', '1', '1', '1', '1', '老師', 1560268800, '50', '2', '', 0, '', '', '', '50', '1561361125', '', '', 0, 1),
(219, 1561361207, 1561361207, 1, 0, 0, '1600', '1600', '35', '35', '35', '35', '35', 1560355200, '100', '1', '', 0, '', '', '', '100', '1561361207', '', '', 0, 1),
(221, 1561361229, 1561361229, -1, 0, 0, '1159-5AA', '1', '1', '1', '1', '1', '永馨', 1561305600, '0', '1', '', 0, '', '', '', '', '1561361229', '', '', 0, 1),
(222, 1561361351, 1561361351, -1, 0, 0, '1159-5AA', '1', '1', '1', '1', '1', '永馨', 1559750400, '0', '1', '', 0, '', '', '', '100', '1561361351', '', '', 0, 1),
(223, 1561361353, 1561361353, -1, 0, 0, '1159-5AA', '1', '1', '1', '1', '1', '永馨', 1561305600, '0', '1', '', 0, '', '', '', '100', '1561361353', '', '', 0, 1),
(224, 1561361945, 1561361945, -1, 0, 0, '1159-5AA', '1', '1', '1', '1', '1', '永馨', 1561305600, '0', '1', '', 0, '', '', '', '100', '1561361945', '', '', 0, 1),
(226, 1561619379, 1561619379, 1, 0, 0, '12', '21', '', '', '', '', '', 1561651200, '12', '1', '', 0, '', '', '', '', '1561619379', '', '', 0, 1),
(227, 1561620369, 1561620369, 1, 0, 0, '444444', '444444', '', '', '', '', '', 1561651200, '8591', '1', '', 0, '', '', '', '', '1561620369', '', '', 0, 1),
(228, 1561620515, 1561620515, 1, 0, 0, '8591', '8591', '', '', '', '', '', 1561651200, '8591', '1', '', 0, '', '', '', '', '1561620515', '', '', 0, 1),
(229, 1561620566, 1561620566, 1, 0, 0, '88855', '88855', '', '', '', '', '', 1561651200, '880000', '1', '', 0, '', '', '', '', '1561620566', '', '', 0, 1),
(230, 1561620924, 1561620924, 1, 0, 0, '88855', '88855', '', '', '', '', '', 1561737600, '500', '1', '', 0, '', '', '', '500', '1561620924', '', '', 0, 1),
(231, 1561620954, 1561620954, 1, 0, 0, '88855', '88855', '', '', '', '', '', 1561737600, '8355', '1', '', 0, '', '', '', '8355', '1561620954', '', '', 0, 1);

-- --------------------------------------------------------

--
-- 資料表結構 `onliine_business_data`
--

CREATE TABLE `onliine_business_data` (
  `onbuda_sn` int(10) UNSIGNED NOT NULL COMMENT 'sn',
  `onbuda_add_date` int(10) UNSIGNED NOT NULL DEFAULT '0',
  `onbuda_mod_date` int(10) UNSIGNED NOT NULL DEFAULT '0',
  `onbuda_status` tinyint(3) NOT NULL DEFAULT '1',
  `onbuda_part_no` varchar(64) CHARACTER SET utf8 NOT NULL DEFAULT '' COMMENT '品號',
  `onbuda_part_name` varchar(64) CHARACTER SET utf8 NOT NULL DEFAULT '' COMMENT '品名',
  `onbuda_date` int(10) NOT NULL DEFAULT '0' COMMENT '預計出貨日期',
  `onbuda_quantity` varchar(64) CHARACTER SET utf8 NOT NULL DEFAULT '0' COMMENT '預計出貨數量',
  `onbuda_size` int(10) NOT NULL COMMENT '預計出貨尺寸',
  `onbuda_client` varchar(64) CHARACTER SET utf8 NOT NULL DEFAULT '' COMMENT '客戶',
  `onbuda_year` int(10) NOT NULL DEFAULT '0' COMMENT '年',
  `onbuda_day` int(10) NOT NULL DEFAULT '0' COMMENT '月'
) ENGINE=InnoDB DEFAULT CHARSET=latin1;

--
-- 資料表的匯出資料 `onliine_business_data`
--

INSERT INTO `onliine_business_data` (`onbuda_sn`, `onbuda_add_date`, `onbuda_mod_date`, `onbuda_status`, `onbuda_part_no`, `onbuda_part_name`, `onbuda_date`, `onbuda_quantity`, `onbuda_size`, `onbuda_client`, `onbuda_year`, `onbuda_day`) VALUES
(7, 1558877511, 1558877511, 1, 'PA2', 'Pink Girl 粉紅女孩', 1559232000, '1500', 2, 'TEST', 2019, 5),
(8, 1558877532, 1558877532, 1, 'PP-0052', 'Snow Elf(小白)', 1559750400, '2000', 1, 'TEST2', 2019, 6),
(9, 1558877511, 1558877511, 1, 'PA2', 'Pink Girl 粉紅女孩', 1559232000, '1500', 2, 'TEST', 2019, 6),
(10, 1558877511, 1558877511, 1, 'PA2', 'Pink Girl 粉紅女孩', 1559232000, '1500', 2, 'TEST', 2019, 7),
(11, 1558877511, 1558877511, 1, 'PA2', 'Pink Girl 粉紅女孩', 1559232000, '1500', 2, 'TEST', 2019, 5);

-- --------------------------------------------------------

--
-- 資料表結構 `onliine_firstplant_data`
--

CREATE TABLE `onliine_firstplant_data` (
  `onfp_sn` int(11) NOT NULL,
  `onfp_add_date` int(11) NOT NULL,
  `onfp_status` tinyint(3) NOT NULL DEFAULT '1',
  `onfp_part_no` int(11) NOT NULL COMMENT '品號',
  `onfp_plant_date` int(11) NOT NULL,
  `jsuser_sn` int(11) NOT NULL,
  `onfp_plant_amount` int(11) NOT NULL
) ENGINE=InnoDB DEFAULT CHARSET=latin1;

--
-- 資料表的匯出資料 `onliine_firstplant_data`
--

INSERT INTO `onliine_firstplant_data` (`onfp_sn`, `onfp_add_date`, `onfp_status`, `onfp_part_no`, `onfp_plant_date`, `jsuser_sn`, `onfp_plant_amount`) VALUES
(1, 1561620369, 1, 0, 1561651200, 0, 8591),
(2, 1561620515, 1, 0, 1561651200, 0, 8591),
(3, 1561620566, 1, 88855, 1561651200, 0, 888855);

-- --------------------------------------------------------

--
-- 資料表結構 `onliine_product_data`
--

CREATE TABLE `onliine_product_data` (
  `onproduct_sn` int(10) UNSIGNED NOT NULL COMMENT '產品編號',
  `onproduct_add_date` int(10) UNSIGNED NOT NULL DEFAULT '0' COMMENT '建立日期',
  `onproduct_date` int(10) UNSIGNED NOT NULL DEFAULT '0' COMMENT '修改日期',
  `onproduct_status` tinyint(3) NOT NULL DEFAULT '1' COMMENT '狀態 1 啟用 0 刪除',
  `jsuser_sn` int(10) UNSIGNED NOT NULL DEFAULT '0' COMMENT '編輯人員',
  `onproduct_isbought` int(11) NOT NULL COMMENT '0:自種苗 1:外購苗',
  `onproduct_part_no` varchar(64) CHARACTER SET utf8 NOT NULL DEFAULT '' COMMENT '品號',
  `onproduct_part_name` varchar(64) CHARACTER SET utf8 NOT NULL DEFAULT '' COMMENT '品名',
  `onproduct_color` varchar(64) CHARACTER SET utf8 NOT NULL DEFAULT '' COMMENT '花色',
  `onproduct_size` varchar(64) CHARACTER SET utf8 NOT NULL DEFAULT '' COMMENT '花徑',
  `onproduct_height` varchar(64) CHARACTER SET utf8 NOT NULL DEFAULT '' COMMENT '高度',
  `onproduct_pot_size` varchar(64) CHARACTER SET utf8 NOT NULL DEFAULT '' COMMENT '適合開花盆徑',
  `onproduct_supplier` varchar(64) CHARACTER SET utf8 NOT NULL DEFAULT '' COMMENT '供應商',
  `onproduct_growing` int(11) NOT NULL,
  `onproduct_plant_st` int(10) NOT NULL COMMENT '1:苗 2:瓶苗',
  `onproduct_pic_url` varchar(256) CHARACTER SET utf8 DEFAULT NULL COMMENT '照片路徑'
) ENGINE=InnoDB DEFAULT CHARSET=latin1;

--
-- 資料表的匯出資料 `onliine_product_data`
--

INSERT INTO `onliine_product_data` (`onproduct_sn`, `onproduct_add_date`, `onproduct_date`, `onproduct_status`, `jsuser_sn`, `onproduct_isbought`, `onproduct_part_no`, `onproduct_part_name`, `onproduct_color`, `onproduct_size`, `onproduct_height`, `onproduct_pot_size`, `onproduct_supplier`, `onproduct_growing`, `onproduct_plant_st`, `onproduct_pic_url`) VALUES
(1, 1541030400, 1541030400, 1, 0, 0, 'PA2', 'Pink Girl 粉紅女孩', 'Pink 粉紅色', '3.7 cm', '15-20 cm', '6 cm pot (1.7 inch pot)', '線上植物', 2, 1, './images/upload/d07a266eb7f98c0bc538f723268ff582.jpg'),
(2, 1551894817, 1551894817, 1, 0, 0, 'PP-0052', 'Snow Elf(小白)', 'whith', '4.5cm', '15-20cm', '6 cm pot/ 1.7inch pot', '線上植物', 1, 1, './images/upload/d5dc69bc08dc5a25853fbc920c9a85dc.png'),
(14, 1558984033, 1558984033, 1, 0, 0, 'JJ-32-2', 'JJ-32-2', 'JJ-32-2', '2', '100', '1', '1', 4, 1, NULL),
(15, 1559004963, 1559004963, 1, 0, 0, 'V3', '天發', '天發', '天發', '天發', '天發', '天發', 1, 1, NULL),
(17, 1559005287, 1559005287, 1, 0, 0, '1159', '老師', '老師', '老師', '老師', '老師', '永馨', 1, 1, NULL),
(18, 1559006087, 1559006087, 1, 0, 0, 'JJ-32-1', '1', '1', '1', '1', '1', '老師', 4, 2, NULL),
(19, 1559006206, 1559006206, 1, 0, 0, 'CVM-72-7-2', '1', '1', '1', '1', '1', '老師', 4, 1, NULL),
(20, 1559006301, 1559006301, 1, 0, 0, 'CVM-8-1', '1', '1', '1', '1', '1', '老師', 4, 1, NULL),
(21, 1559006344, 1559006344, 1, 0, 0, 'CVM-62-7', '1', '1', '1', '1', '1', '老師', 4, 1, NULL),
(22, 1559006388, 1559006388, 1, 0, 0, 'JJ-73-1', '1', '1', '1', '1', '1', '老師', 4, 1, NULL),
(23, 1559006439, 1559006439, 1, 0, 0, 'CVM-17-16-1', '1', '1', '1', '1', '1', '老師', 4, 2, NULL),
(24, 1559006548, 1559006548, 1, 0, 0, 'CVM-17-16-2', '1', '1', '1', '1', '1', '老師', 4, 1, NULL),
(25, 1559006589, 1559006589, 1, 0, 0, 'CVM-6-7-2', '1', '1', '1', '1', '1', '老師', 1, 1, NULL),
(26, 1559006835, 1559006835, 1, 0, 0, 'JK27B', '1', '1', '1', '1', '1', '老師', 4, 1, NULL),
(27, 1559006895, 1559006895, 1, 0, 0, 'J36-15', '1', '1', '1', '1', '1', '老師', 4, 1, NULL),
(28, 1559007177, 1559007177, 1, 0, 0, 'CVM-17-16-1', '1', '1', '1', '1', '1', '老師', 1, 2, NULL),
(29, 1559007225, 1559007225, 1, 0, 0, 'JK27B', '1', '1', '1', '1', '1', '老師', 4, 1, NULL),
(30, 1559007306, 1559007306, 1, 0, 0, 'JK27B', '1', '1', '1', '1', '1', '老師', 4, 1, NULL),
(31, 1559007449, 1559007449, 1, 0, 0, 'JK27B', '1', '1', '1', '1', '1', '老師', 4, 1, NULL),
(32, 1559007538, 1559007538, 1, 0, 0, 'J36-15B', '1', '1', '1', '1', '1', '老師', 4, 1, NULL),
(33, 1559007599, 1559007599, 1, 0, 0, 'CR-16-2', '1', '1', '1', '1', '1', '老師', 1, 1, NULL),
(34, 1559007718, 1559007718, 1, 0, 0, 'CVM-56-14-1', '1', '1', '1', '1', '1', '老師', 4, 1, NULL),
(35, 1559010635, 1559010635, 1, 0, 0, 'CVMA-10-16-1', '1', '1', '1', '1', '1', '老師', 4, 1, NULL),
(36, 1559010717, 1559010717, 1, 0, 0, 'CVM-10-16-2', '1', '1', '1', '1', '1', '老師', 4, 1, NULL),
(37, 1559010769, 1559010769, 1, 0, 0, 'CVM-10-16-3', '1', '1', '1', '1', '1', '老師', 4, 1, NULL),
(38, 1559010813, 1559010813, 1, 0, 0, 'CVM-43-14B', '1', '1', '1', '1', '1', '老師', 4, 1, NULL),
(39, 1559010850, 1559010850, 1, 0, 0, 'JC-11', '1', '1', '1', '1', '1', '老師', 4, 1, NULL),
(40, 1559010905, 1559010905, 1, 0, 0, 'FS119', '1', '1', '1', '1', '1', '老師', 4, 2, NULL),
(41, 1559011097, 1559011097, 1, 0, 0, 'HL16', '1', '1', '1', '1', '1', '老師', 4, 2, NULL),
(42, 1559011161, 1559011161, 1, 0, 0, 'Lee 1184', '1', '1', '1', '1', '1', '1', 1, 1, NULL),
(43, 1559011254, 1559011254, 1, 0, 0, 'Lee1184', '1', '1', '1', '1', '1', '老師', 1, 1, NULL),
(44, 1559011293, 1559011293, 1, 0, 0, 'Lee1019', '1', '1', '1', '1', '1', '老師', 1, 1, NULL),
(45, 1559011334, 1559011334, 1, 0, 0, 'Lee1019-7', '1', '1', '1', '1', '1', '老師', 1, 1, NULL),
(46, 1559011408, 1559011408, 1, 0, 0, 'Lee1019-8', '1', '1', '1', '1', '1', '老師', 1, 1, NULL),
(47, 1559011466, 1559011466, 1, 0, 0, 'Lee1019-AA', '1', '1', '1', '1', '1', '老師', 1, 1, NULL),
(48, 1559011531, 1559011531, 1, 0, 0, 'Lee1019-1613', '1', '1', '1', '1', '1', '老師', 1, 1, NULL),
(49, 1559011571, 1559011571, 1, 0, 0, 'JJ-60', '1', '1', '1', '1', '1', '1', 4, 2, NULL),
(50, 1559011615, 1559011615, 1, 0, 0, 'JJ-73-2', '1', '1', '1', '1', '1', '老師', 4, 2, NULL),
(51, 1559011655, 1559011655, 1, 0, 0, 'JJ-73-3', '1', '1', '1', '1', '1', '老師', 4, 1, NULL),
(52, 1559011698, 1559011698, 1, 0, 0, 'JK-30', '1', '1', '1', '1', '1', '老師', 4, 1, NULL),
(53, 1559011784, 1559011784, 1, 0, 0, 'CVM-72-7-4', '1', '1', '1', '1', '1', '老師', 4, 1, NULL),
(54, 1559011820, 1559011820, 1, 0, 0, 'JN-10B', '1', '1', '1', '1', '1', '老師', 4, 1, NULL),
(55, 1559011858, 1559011858, 1, 0, 0, 'JK-34', '1', '1', '1', '1', '1', '老師', 4, 1, NULL),
(56, 1559011920, 1559011920, 1, 0, 0, 'JJ-60', '1', '1', '1', '1', '1', '老師', 4, 2, NULL),
(57, 1559012823, 1559012823, 1, 0, 0, 'CVM-66-14B', '1', '1', '1', '1', '1', '老師', 4, 1, NULL),
(58, 1559012886, 1559012886, 1, 0, 0, 'CVM-56-14B', '1', '1', '1', '1', '1', '老師', 4, 2, NULL),
(59, 1559012941, 1559012941, 1, 0, 0, 'JN-15', '1', '1', '1', '1', '1', '老師', 4, 1, NULL),
(60, 1559012975, 1559012975, 1, 0, 0, 'CVM-51-14B', '1', '1', '1', '1', '1', '老師', 4, 1, NULL),
(61, 1559013012, 1559013012, 1, 0, 0, 'CVM-69-7-4', '1', '1', '1', '1', '1', '老師', 4, 1, NULL),
(62, 1559013054, 1559013054, 1, 0, 0, 'CVM-69-7-5', '1', '1', '1', '1', '1', '老師', 4, 1, NULL),
(63, 1559013121, 1559013121, 1, 0, 0, 'CVM-69-7-6', '1', '1', '1', '1', '1', '老師', 4, 1, NULL),
(64, 1559013178, 1559013178, 1, 0, 0, 'CVM-65-15B', '1', '1', '1', '1', '1', '老師', 4, 1, NULL),
(65, 1559013233, 1559013233, 1, 0, 0, 'JK-47', '1', '1', '1', '1', '1', '老師', 4, 1, NULL),
(66, 1559013341, 1559013341, 1, 0, 0, 'CVM-7-3', '1', '1', '1', '1', '1', '老師', 4, 1, NULL),
(67, 1559013506, 1559013506, 1, 0, 0, 'CVM-10-5', '1', '1', '1', '1', '1', '老師', 4, 1, NULL),
(68, 1559013555, 1559013555, 1, 0, 0, 'JK-26B', '1', '1', '1', '1', '1', '老師', 4, 1, NULL),
(69, 1559013599, 1559013599, 1, 0, 0, 'JJ-62-5', '1', '1', '1', '1', '1', '老師', 4, 1, NULL),
(70, 1559013628, 1559013628, 1, 0, 0, 'JJ-62-4', '1', '1', '1', '1', '1', '老師', 4, 1, NULL),
(71, 1559013659, 1559013659, 1, 0, 0, 'CVM-16', '1', '1', '1', '1', '1', '老師', 4, 1, NULL),
(72, 1559013719, 1559013719, 1, 0, 0, 'JJ-32-1', '1', '1', '1', '1', '1', '老師', 4, 2, NULL),
(73, 1559013794, 1559013794, 1, 0, 0, 'JK-25B', '1', '1', '1', '1', '1', '老師', 4, 1, NULL),
(74, 1559013839, 1559013839, 1, 0, 0, 'V3', '1', '1', '1', '1', '1', '老師', 4, 1, NULL),
(75, 1559014008, 1559014008, 1, 0, 0, '水1159-5B', '1', '1', '1', '1', '1', '老師', 1, 1, NULL),
(76, 1559014058, 1559014058, 1, 0, 0, '水1159-5B', '1', '1', '1', '1', '1', '老師', 1, 1, NULL),
(77, 1559014152, 1559014152, 1, 0, 0, 'KC70256', '1', '1', '1', '1', '1', 'KC70256', 2, 1, NULL),
(78, 1559014209, 1559014209, 1, 0, 0, 'KC3490-2', '1', '1', '1', '1', '1', '天發', 2, 1, NULL),
(79, 1560494061, 1560494061, 1, 0, 0, '1600', '1600', '35', '35', '35', '35', '35', 1, 1, NULL),
(80, 1560589798, 1560589798, 1, 0, 0, '1159', '1', '1', '1', '1', '1', '585456', 1, 1, NULL),
(81, 1560745222, 1560745222, 1, 0, 0, '1159', '21', '21', '21', '21', '21', '12', 1, 1, NULL),
(82, 1560842072, 1560842072, 1, 0, 0, '1159', '1', '1', '1', '1', '1', '1', 1, 1, NULL),
(86, 1561620369, 1561620369, 1, 0, 0, '444444', '444444', '', '', '', '', '', 1, 1, NULL),
(87, 1561620515, 1561620515, 1, 0, 0, '8591', '8591', '', '', '', '', '', 1, 1, NULL),
(88, 1561620566, 1561620566, 1, 0, 0, '88855', '88855', '', '', '', '', '', 1, 1, NULL);

-- --------------------------------------------------------

--
-- 資料表結構 `online_change_basin`
--

CREATE TABLE `online_change_basin` (
  `onchba_sn` int(10) UNSIGNED NOT NULL COMMENT 'sn',
  `onchba_add_date` int(10) NOT NULL DEFAULT '0' COMMENT '新增日期',
  `onchba_mod_date` int(10) NOT NULL DEFAULT '0' COMMENT '修改日期',
  `onchba_status` tinyint(3) NOT NULL DEFAULT '1' COMMENT '狀態',
  `jsuser_sn` int(10) UNSIGNED NOT NULL DEFAULT '0' COMMENT '使用者',
  `onchba_size` varchar(64) CHARACTER SET utf8 NOT NULL COMMENT '尺寸',
  `onchba_cycle` varchar(64) CHARACTER SET utf8 NOT NULL COMMENT '週期(月)'
) ENGINE=InnoDB DEFAULT CHARSET=latin1;

--
-- 資料表的匯出資料 `online_change_basin`
--

INSERT INTO `online_change_basin` (`onchba_sn`, `onchba_add_date`, `onchba_mod_date`, `onchba_status`, `jsuser_sn`, `onchba_size`, `onchba_cycle`) VALUES
(1, 0, 0, 1, 0, '1.7', '6'),
(2, 0, 0, 1, 0, '2.5', '4'),
(3, 0, 0, 1, 0, '2.8', '6'),
(4, 0, 0, 1, 0, '3.0', '6'),
(5, 0, 0, 1, 0, '3.5', '6'),
(6, 0, 0, 1, 0, '3.6', '6'),
(7, 0, 0, 1, 0, '其他', '4');

-- --------------------------------------------------------

--
-- 資料表結構 `online_cost_data`
--

CREATE TABLE `online_cost_data` (
  `oncoda_sn` int(10) UNSIGNED NOT NULL,
  `oncoda_add_date` int(10) UNSIGNED NOT NULL DEFAULT '0',
  `oncoda_mod_date` int(10) UNSIGNED NOT NULL DEFAULT '0',
  `oncoda_status` tinyint(3) NOT NULL DEFAULT '1',
  `oncoda_soft` varchar(64) CHARACTER SET utf8 NOT NULL DEFAULT '' COMMENT '軟杯',
  `oncoda_grass` varchar(64) CHARACTER SET utf8 NOT NULL DEFAULT '' COMMENT '水草',
  `oncoda_labor` varchar(64) CHARACTER SET utf8 NOT NULL DEFAULT '' COMMENT '工費',
  `oncoda_water` varchar(64) CHARACTER SET utf8 NOT NULL DEFAULT '' COMMENT '水費',
  `oncoda_electricity` varchar(64) CHARACTER SET utf8 NOT NULL DEFAULT '' COMMENT '電費'
) ENGINE=InnoDB DEFAULT CHARSET=latin1;

--
-- 資料表的匯出資料 `online_cost_data`
--

INSERT INTO `online_cost_data` (`oncoda_sn`, `oncoda_add_date`, `oncoda_mod_date`, `oncoda_status`, `oncoda_soft`, `oncoda_grass`, `oncoda_labor`, `oncoda_water`, `oncoda_electricity`) VALUES
(1, 0, 0, 1, '20', '30', '40', '200', '1000');

-- --------------------------------------------------------

--
-- 資料表結構 `online_elimination_data`
--

CREATE TABLE `online_elimination_data` (
  `onelda_sn` int(10) UNSIGNED NOT NULL,
  `onelda_add_date` int(10) UNSIGNED NOT NULL DEFAULT '0',
  `onelda_mod_date` int(10) UNSIGNED NOT NULL DEFAULT '0',
  `onelda_status` tinyint(3) NOT NULL DEFAULT '1' COMMENT '狀態 1 啟用 0 刪除	',
  `onelda_reason` varchar(64) CHARACTER SET utf8 NOT NULL DEFAULT '' COMMENT '汰除原因',
  `onelda_quantity` varchar(64) CHARACTER SET utf8 NOT NULL DEFAULT '' COMMENT '汰除數量',
  `jsuser_sn` int(10) UNSIGNED DEFAULT '0' COMMENT '人員',
  `onadd_sn` int(10) UNSIGNED NOT NULL,
  `onadd_part_no` varchar(64) CHARACTER SET utf8 NOT NULL DEFAULT '',
  `onadd_part_name` varchar(64) CHARACTER SET utf8 NOT NULL DEFAULT ''
) ENGINE=InnoDB DEFAULT CHARSET=latin1;

--
-- 資料表的匯出資料 `online_elimination_data`
--

INSERT INTO `online_elimination_data` (`onelda_sn`, `onelda_add_date`, `onelda_mod_date`, `onelda_status`, `onelda_reason`, `onelda_quantity`, `jsuser_sn`, `onadd_sn`, `onadd_part_no`, `onadd_part_name`) VALUES
(6, 1551422890, 1551422890, 1, '1', '100', 0, 9, 'PA2', 'Pink Girl 粉紅女孩'),
(7, 1551424820, 1551424820, 1, '2', '500', 0, 9, 'PA2', 'Pink Girl 粉紅女孩'),
(8, 1551427063, 1551427063, 1, '3', '400', 0, 9, 'PA2', 'Pink Girl 粉紅女孩'),
(9, 1551503886, 1551503886, 1, '1', '1000', 0, 9, 'PA2', 'Pink Girl 粉紅女孩'),
(10, 1551505155, 1551505155, 1, '3', '1000', 0, 9, 'PA2', 'Pink Girl 粉紅女孩'),
(11, 1551509470, 1551509470, 1, '2', '1000', 0, 9, 'PA2', 'Pink Girl 粉紅女孩'),
(12, 1551510126, 1551510126, 1, '1', '1000', 0, 10, 'PP-0052', 'Snow Elf(小白)'),
(13, 1551079914, 1551079914, 1, '3', '1000', 0, 9, 'PA2', 'Pink Girl 粉紅女孩'),
(14, 1551512279, 1551512279, 1, '1', '1000', 0, 9, 'PA2', 'Pink Girl 粉紅女孩'),
(15, 1551512849, 1551512849, 1, '3', '1000', 0, 9, 'PA2', 'Pink Girl 粉紅女孩'),
(16, 1551079914, 1551079914, 1, '1', '1000', 0, 9, 'PA2', 'Pink Girl 粉紅女孩'),
(17, 1551580144, 1551580144, 1, '3', '1000', 0, 9, 'PA2', 'Pink Girl 粉紅女孩'),
(18, 1551689847, 1551689847, 1, '1', '1000', 0, 14, 'MS4', 'Alma  愛瑪'),
(19, 1558798824, 1558798824, 1, '1', '5', 0, 46, 'Test', 'Test'),
(20, 1558858652, 1558858652, 1, '1', '1', 0, 46, 'Test', 'Test'),
(21, 1558984113, 1558984113, 1, '4', '563', 0, 51, 'JJ-32-2', 'JJ-32-2'),
(22, 1559005370, 1559005370, 1, '1', '2', 0, 55, '1159', '老師'),
(23, 1559006974, 1559006974, 1, '1', '777', 0, 61, 'CVM-17-16-1', '1'),
(24, 1559006995, 1559006995, 1, '1', '1522', 0, 65, 'J36-15', '1'),
(25, 1559007003, 1559007003, 1, '1', '1433', 0, 64, 'JK27B', '1'),
(26, 1559007257, 1559007257, 1, '1', '1433', 0, 67, 'JK27B', '1'),
(27, 1559007389, 1559007389, 1, '1', '1433', 0, 68, 'JK27B', '1'),
(28, 1559011217, 1559011217, 1, '1', '16038', 0, 80, 'Lee 1184', '1'),
(29, 1559011884, 1559011884, 1, '1', '1559', 0, 87, 'JJ-60', '1'),
(30, 1559020917, 1559020917, 1, '1', '2', 0, 119, 'MS4', 'Alma  愛瑪'),
(31, 1559295921, 1559295921, 1, '3', '380', 0, 164, 'CVM-56-14B', '1'),
(32, 1559803844, 1559803844, 1, '1', '100', 0, 172, 'CVM-69-7-1', '1'),
(33, 1560149300, 1560149300, 1, '1', '10', 0, 175, '1159-5AA', '1'),
(34, 1560494105, 1560494105, 1, '3', '8000', 0, 192, '1600', '1600'),
(35, 1560496269, 1560496269, 1, '4', '200', 0, 191, '1159', '老師'),
(36, 1560592876, 1560592876, 1, '1', '3000', 0, 203, '1159-5AA', '1'),
(37, 1560841967, 1560841967, 1, '1', '50000', 0, 204, '1159-5AA', '1'),
(38, 1561360392, 1561360392, 1, '1', '100', 0, 199, '1', '1'),
(39, 1561601143, 1561601143, 1, '1', '20', 0, 220, '1', '1'),
(40, 1561601150, 1561601150, 1, '2', '20', 0, 220, '1', '1');

-- --------------------------------------------------------

--
-- 資料表結構 `online_shipment_data`
--

CREATE TABLE `online_shipment_data` (
  `onshda_sn` int(10) UNSIGNED NOT NULL,
  `onshda_add_date` int(10) UNSIGNED NOT NULL DEFAULT '0',
  `onshda_mod_date` int(10) UNSIGNED NOT NULL DEFAULT '0',
  `onshda_status` tinyint(3) NOT NULL DEFAULT '1',
  `onshda_client` varchar(64) CHARACTER SET utf8 NOT NULL DEFAULT '' COMMENT '客戶',
  `onshda_quantity` varchar(64) CHARACTER SET utf8 NOT NULL DEFAULT '' COMMENT '出貨數量',
  `onadd_sn` int(10) UNSIGNED NOT NULL COMMENT '編號',
  `onadd_part_no` varchar(64) CHARACTER SET utf8 NOT NULL DEFAULT '' COMMENT '品號',
  `onadd_part_name` varchar(64) CHARACTER SET utf8 NOT NULL DEFAULT '' COMMENT '品名',
  `jsuser_sn` int(10) UNSIGNED NOT NULL DEFAULT '0'
) ENGINE=InnoDB DEFAULT CHARSET=latin1;

--
-- 資料表的匯出資料 `online_shipment_data`
--

INSERT INTO `online_shipment_data` (`onshda_sn`, `onshda_add_date`, `onshda_mod_date`, `onshda_status`, `onshda_client`, `onshda_quantity`, `onadd_sn`, `onadd_part_no`, `onadd_part_name`, `jsuser_sn`) VALUES
(2, 1551422966, 1551422966, 1, 'GG', '100', 2, 'PP-0052', 'Snow Elf(小白)', 0),
(3, 1551427086, 1551427086, 1, 'GG', '8000', 9, 'PA2', 'Pink Girl 粉紅女孩', 0),
(4, 1551079914, 1551079914, 1, 'online', '50', 9, 'PA2', 'Pink Girl 粉紅女孩', 0),
(5, 1551079914, 1551079914, 1, 'GG', '10', 14, 'MS4', 'Alma  愛瑪', 0),
(6, 1558858658, 1558858658, 1, 'G', '2', 46, 'Test', 'Test', 0),
(7, 1559005437, 1559005437, 1, '鮮明', '1600', 55, '1159', '老師', 0),
(8, 1559014245, 1559014245, 1, '天發', '1273', 115, 'KC70256', '1', 0),
(9, 1559032047, 1559032047, 1, '老師', '100', 164, 'CVM-56-14B', '1', 0),
(10, 1559628857, 1559628857, 1, '老師', '850', 167, 'CVMA-2-8', '1', 0),
(11, 1559628994, 1559628994, 1, '老師', '790', 169, 'CVM-69-7-7', '1', 0),
(12, 1559629184, 1559629184, 1, '老師', '810', 170, 'JJ-73-2', '1', 0),
(13, 1559803208, 1559803208, 1, '123', '6000', 112, 'V3', '1', 0),
(14, 1560149681, 1560149681, 1, '123', '510', 178, '1159-5AA', '1', 0),
(15, 1560592866, 1560592866, 1, '213123', '5000', 203, '1159-5AA', '1', 0),
(16, 1561316577, 1561316577, 1, '22', '200', 200, '1', '1', 0),
(17, 1561316600, 1561316600, 1, '1', '200', 200, '1', '1', 0),
(18, 1561360373, 1561360373, 1, 'test', '50', 213, '1', '1', 0),
(19, 1561360564, 1561360564, 1, '21', '30', 212, '1', '1', 0),
(20, 1561360573, 1561360573, 1, '54', '400', 197, '1', '1', 0),
(21, 1561360653, 1561360653, 1, '老師', '3000', 214, '1', '1', 0),
(22, 1561360753, 1561360753, 1, '450', 'Test', 193, '1159-5AA', '2', 0),
(23, 1561360771, 1561360771, 1, 'TEST', '500', 193, '1159-5AA', '2', 0),
(24, 1561360814, 1561360814, 1, 'TEST', '800', 192, '1600', '1600', 0),
(25, 1561361084, 1561361084, 1, '5', '50', 210, 'CVM-17-16-1', '1', 0),
(26, 1561601122, 1561601122, 1, '2121', '100', 222, '1159-5AA', '1', 0),
(27, 1561601130, 1561601130, 1, '2121', '50', 220, '1', '1', 0);

-- --------------------------------------------------------

--
-- 資料表結構 `online_space`
--

CREATE TABLE `online_space` (
  `onsp_sn` int(11) NOT NULL,
  `onsp_space` int(11) NOT NULL
) ENGINE=InnoDB DEFAULT CHARSET=latin1;

--
-- 資料表的匯出資料 `online_space`
--

INSERT INTO `online_space` (`onsp_sn`, `onsp_space`) VALUES
(1, 500000);

--
-- 已匯出資料表的索引
--

--
-- 資料表索引 `js_config`
--
ALTER TABLE `js_config`
  ADD UNIQUE KEY `jsc_key` (`jsc_key`);

--
-- 資料表索引 `js_history`
--
ALTER TABLE `js_history`
  ADD PRIMARY KEY (`jshist_sn`);

--
-- 資料表索引 `js_mail`
--
ALTER TABLE `js_mail`
  ADD PRIMARY KEY (`jsmail_sn`);

--
-- 資料表索引 `js_online`
--
ALTER TABLE `js_online`
  ADD PRIMARY KEY (`jsol_sn`),
  ADD UNIQUE KEY `jsuser_sn` (`jsuser_sn`,`jsol_end`);

--
-- 資料表索引 `js_user`
--
ALTER TABLE `js_user`
  ADD PRIMARY KEY (`jsuser_sn`),
  ADD UNIQUE KEY `jsuser_sn` (`jsuser_sn`),
  ADD UNIQUE KEY `jsuser_account` (`jsuser_account`);

--
-- 資料表索引 `onliine_add_data`
--
ALTER TABLE `onliine_add_data`
  ADD PRIMARY KEY (`onadd_sn`);

--
-- 資料表索引 `onliine_business_data`
--
ALTER TABLE `onliine_business_data`
  ADD PRIMARY KEY (`onbuda_sn`);

--
-- 資料表索引 `onliine_firstplant_data`
--
ALTER TABLE `onliine_firstplant_data`
  ADD PRIMARY KEY (`onfp_sn`);

--
-- 資料表索引 `onliine_product_data`
--
ALTER TABLE `onliine_product_data`
  ADD PRIMARY KEY (`onproduct_sn`),
  ADD UNIQUE KEY `onproduct_sn` (`onproduct_sn`);

--
-- 資料表索引 `online_change_basin`
--
ALTER TABLE `online_change_basin`
  ADD PRIMARY KEY (`onchba_sn`);

--
-- 資料表索引 `online_cost_data`
--
ALTER TABLE `online_cost_data`
  ADD PRIMARY KEY (`oncoda_sn`);

--
-- 資料表索引 `online_elimination_data`
--
ALTER TABLE `online_elimination_data`
  ADD PRIMARY KEY (`onelda_sn`);

--
-- 資料表索引 `online_shipment_data`
--
ALTER TABLE `online_shipment_data`
  ADD PRIMARY KEY (`onshda_sn`);

--
-- 資料表索引 `online_space`
--
ALTER TABLE `online_space`
  ADD PRIMARY KEY (`onsp_sn`);

--
-- 在匯出的資料表使用 AUTO_INCREMENT
--

--
-- 使用資料表 AUTO_INCREMENT `js_history`
--
ALTER TABLE `js_history`
  MODIFY `jshist_sn` int(10) UNSIGNED NOT NULL AUTO_INCREMENT, AUTO_INCREMENT=1366;

--
-- 使用資料表 AUTO_INCREMENT `js_mail`
--
ALTER TABLE `js_mail`
  MODIFY `jsmail_sn` int(10) UNSIGNED NOT NULL AUTO_INCREMENT;

--
-- 使用資料表 AUTO_INCREMENT `js_online`
--
ALTER TABLE `js_online`
  MODIFY `jsol_sn` int(11) NOT NULL AUTO_INCREMENT, AUTO_INCREMENT=3281;

--
-- 使用資料表 AUTO_INCREMENT `js_user`
--
ALTER TABLE `js_user`
  MODIFY `jsuser_sn` int(10) UNSIGNED NOT NULL AUTO_INCREMENT, AUTO_INCREMENT=1013;

--
-- 使用資料表 AUTO_INCREMENT `onliine_add_data`
--
ALTER TABLE `onliine_add_data`
  MODIFY `onadd_sn` int(10) UNSIGNED NOT NULL AUTO_INCREMENT COMMENT '產品編號', AUTO_INCREMENT=232;

--
-- 使用資料表 AUTO_INCREMENT `onliine_business_data`
--
ALTER TABLE `onliine_business_data`
  MODIFY `onbuda_sn` int(10) UNSIGNED NOT NULL AUTO_INCREMENT COMMENT 'sn', AUTO_INCREMENT=12;

--
-- 使用資料表 AUTO_INCREMENT `onliine_firstplant_data`
--
ALTER TABLE `onliine_firstplant_data`
  MODIFY `onfp_sn` int(11) NOT NULL AUTO_INCREMENT, AUTO_INCREMENT=4;

--
-- 使用資料表 AUTO_INCREMENT `onliine_product_data`
--
ALTER TABLE `onliine_product_data`
  MODIFY `onproduct_sn` int(10) UNSIGNED NOT NULL AUTO_INCREMENT COMMENT '產品編號', AUTO_INCREMENT=89;

--
-- 使用資料表 AUTO_INCREMENT `online_change_basin`
--
ALTER TABLE `online_change_basin`
  MODIFY `onchba_sn` int(10) UNSIGNED NOT NULL AUTO_INCREMENT COMMENT 'sn', AUTO_INCREMENT=8;

--
-- 使用資料表 AUTO_INCREMENT `online_cost_data`
--
ALTER TABLE `online_cost_data`
  MODIFY `oncoda_sn` int(10) UNSIGNED NOT NULL AUTO_INCREMENT, AUTO_INCREMENT=2;

--
-- 使用資料表 AUTO_INCREMENT `online_elimination_data`
--
ALTER TABLE `online_elimination_data`
  MODIFY `onelda_sn` int(10) UNSIGNED NOT NULL AUTO_INCREMENT, AUTO_INCREMENT=41;

--
-- 使用資料表 AUTO_INCREMENT `online_shipment_data`
--
ALTER TABLE `online_shipment_data`
  MODIFY `onshda_sn` int(10) UNSIGNED NOT NULL AUTO_INCREMENT, AUTO_INCREMENT=28;

--
-- 使用資料表 AUTO_INCREMENT `online_space`
--
ALTER TABLE `online_space`
  MODIFY `onsp_sn` int(11) NOT NULL AUTO_INCREMENT, AUTO_INCREMENT=2;
COMMIT;

/*!40101 SET CHARACTER_SET_CLIENT=@OLD_CHARACTER_SET_CLIENT */;
/*!40101 SET CHARACTER_SET_RESULTS=@OLD_CHARACTER_SET_RESULTS */;
/*!40101 SET COLLATION_CONNECTION=@OLD_COLLATION_CONNECTION */;
