-- phpMyAdmin SQL Dump
-- version 4.8.5
-- https://www.phpmyadmin.net/
--
-- 主機： 127.0.0.1
-- 產生時間： 2020-03-05 00:28:58
-- 伺服器版本： 10.1.38-MariaDB
-- PHP 版本： 5.6.40

SET SQL_MODE = "NO_AUTO_VALUE_ON_ZERO";
SET AUTOCOMMIT = 0;
START TRANSACTION;
SET time_zone = "+00:00";


/*!40101 SET @OLD_CHARACTER_SET_CLIENT=@@CHARACTER_SET_CLIENT */;
/*!40101 SET @OLD_CHARACTER_SET_RESULTS=@@CHARACTER_SET_RESULTS */;
/*!40101 SET @OLD_COLLATION_CONNECTION=@@COLLATION_CONNECTION */;
/*!40101 SET NAMES utf8mb4 */;

--
-- 資料庫： `onlineweb_sql`
--

-- --------------------------------------------------------

--
-- 資料表結構 `js_config`
--

CREATE TABLE `js_config` (
  `jsc_key` varchar(128) NOT NULL,
  `jsc_value` text
) ENGINE=MyISAM DEFAULT CHARSET=utf8;

--
-- 傾印資料表的資料 `js_config`
--

INSERT INTO `js_config` (`jsc_key`, `jsc_value`) VALUES
('ld_sys_need_signoff', '1');

-- --------------------------------------------------------

--
-- 資料表結構 `js_history`
--

CREATE TABLE `js_history` (
  `jshist_sn` int(10) UNSIGNED NOT NULL,
  `jshist_add_date` int(10) UNSIGNED NOT NULL DEFAULT '0',
  `jshist_sys_type` tinyint(3) UNSIGNED NOT NULL DEFAULT '0' COMMENT '0: sys, 1:device',
  `jshist_sys_type_desc` varchar(50) DEFAULT '',
  `jshist_user` int(10) UNSIGNED NOT NULL DEFAULT '0' COMMENT '0: sys, >0: user sn',
  `jshist_op_type` tinyint(3) UNSIGNED NOT NULL DEFAULT '0' COMMENT '0: otrers, 1:add, 2:update, 3:delete, 4:backend login',
  `jshist_op_desc` text,
  `jshist_ip` varchar(16) DEFAULT '',
  `jsft_sn` int(10) UNSIGNED NOT NULL DEFAULT '1' COMMENT 'js_foctory.jsft_sn'
) ENGINE=MyISAM DEFAULT CHARSET=utf8;

--
-- 傾印資料表的資料 `js_history`
--

INSERT INTO `js_history` (`jshist_sn`, `jshist_add_date`, `jshist_sys_type`, `jshist_sys_type_desc`, `jshist_user`, `jshist_op_type`, `jshist_op_desc`, `jshist_ip`, `jsft_sn`) VALUES
(1, 1563335620, 0, '後臺登入', 1, 4, '登入帳號: 1234, IP: 220.130.228.90', '220.130.228.90', 1),
(2, 1563341460, 0, '後臺登入', 1, 4, '登入帳號: 1234, IP: 220.130.228.90', '220.130.228.90', 1),
(3, 1563342126, 0, '後臺登入', 1, 4, '登入帳號: 1234, IP: 220.130.228.90', '220.130.228.90', 1),
(4, 1563342854, 0, '後臺登入', 1, 4, '登入帳號: 1234, IP: 42.75.81.110', '42.75.81.110', 1),
(5, 1563343550, 0, '後臺登入', 1, 4, '登入帳號: 20130, IP: 220.130.228.90', '220.130.228.90', 1),
(6, 1563343862, 0, '後臺登入', 1, 4, '登入帳號: 20130, IP: 42.77.47.28', '42.77.47.28', 1),
(7, 1563343864, 0, '後臺登入', 1, 4, '登入帳號: 20130, IP: 42.77.47.28', '42.77.47.28', 1),
(8, 1563344056, 0, '後臺登入', 1, 4, '登入帳號: 20130, IP: 42.77.47.28', '42.77.47.28', 1),
(9, 1563357836, 0, '後臺登入', 1, 4, '登入帳號: 20130, IP: 223.138.109.155', '223.138.109.155', 1),
(10, 1563517778, 0, '後臺登入', 1, 4, '登入帳號: 20130, IP: 223.138.52.47', '223.138.52.47', 1),
(11, 1563518418, 0, '後臺登入', 1, 4, '登入帳號: 20130, IP: 223.138.52.47', '223.138.52.47', 1),
(12, 1563519058, 0, '後臺登入', 1, 4, '登入帳號: 20130, IP: 220.130.228.90', '220.130.228.90', 1),
(13, 1563520798, 0, '後臺登入', 1, 4, '登入帳號: 20130, IP: 220.130.228.90', '220.130.228.90', 1),
(14, 1563528394, 0, '後臺登入', 1, 4, '登入帳號: 20130, IP: 220.130.228.90', '220.130.228.90', 1),
(15, 1563528459, 0, '後臺登入', 1, 4, '登入帳號: 20130, IP: 220.130.228.90', '220.130.228.90', 1),
(16, 1563528522, 0, '後臺登入', 1, 4, '登入帳號: 20130, IP: 220.130.228.90', '220.130.228.90', 1),
(17, 1563590403, 0, '後臺登入', 1, 4, '登入帳號: 20130, IP: 140.112.125.206', '140.112.125.206', 1),
(18, 1563764333, 0, '後臺登入', 1, 4, '登入帳號: 20130, IP: 42.77.78.30', '42.77.78.30', 1),
(19, 1563788107, 0, '後臺登入', 1, 4, '登入帳號: 20130, IP: 42.77.78.30', '42.77.78.30', 1),
(20, 1563947410, 0, '後臺登入', 1, 4, '登入帳號: 20130, IP: 223.139.149.87', '223.139.149.87', 1),
(21, 1564724566, 0, '後臺登入', 1, 4, '登入帳號: 20130, IP: 101.136.100.135', '101.136.100.135', 1),
(22, 1564797796, 0, '後臺登入', 1, 4, '登入帳號: 20130, IP: 101.136.223.111', '101.136.223.111', 1),
(23, 1564798266, 0, '後臺登入', 1, 4, '登入帳號: 20130, IP: 101.136.223.111', '101.136.223.111', 1),
(24, 1564887267, 0, '後臺登入', 1, 4, '登入帳號: 20130, IP: 42.75.132.220', '42.75.132.220', 1),
(25, 1565142163, 0, '後臺登入', 1, 4, '登入帳號: 20130, IP: 220.130.228.90', '220.130.228.90', 1),
(26, 1565145475, 0, '後臺登入', 1, 4, '登入帳號: 20130, IP: 220.130.228.90', '220.130.228.90', 1),
(27, 1565227094, 0, '後臺登入', 1, 4, '登入帳號: 20130, IP: 101.137.172.49', '101.137.172.49', 1),
(28, 1565314114, 0, '後臺登入', 1, 4, '登入帳號: 20130, IP: 101.136.221.52', '101.136.221.52', 1),
(29, 1565338350, 0, '後臺登入', 1, 4, '登入帳號: 20130, IP: 220.130.228.90', '220.130.228.90', 1),
(30, 1565342742, 0, '後臺登入', 1, 4, '登入帳號: 20130, IP: 220.130.228.90', '220.130.228.90', 1),
(31, 1565343043, 0, '後臺登入', 1, 4, '登入帳號: 20130, IP: 220.130.228.90', '220.130.228.90', 1),
(32, 1565343250, 0, '後臺登入', 1, 4, '登入帳號: 20130, IP: 220.130.228.90', '220.130.228.90', 1),
(33, 1565579649, 0, '後臺登入', 1, 4, '登入帳號: 20130, IP: 220.130.228.90', '220.130.228.90', 1),
(34, 1565580190, 0, '後臺登入', 1, 4, '登入帳號: 20130, IP: 42.77.41.125', '42.77.41.125', 1),
(35, 1565941127, 0, '後臺登入', 1, 4, '登入帳號: 20130, IP: 220.130.228.90', '220.130.228.90', 1),
(36, 1565941233, 0, '後臺登入', 1, 4, '登入帳號: 20130, IP: 220.130.228.90', '220.130.228.90', 1),
(37, 1565941520, 0, '後臺登入', 1, 4, '登入帳號: 20130, IP: 220.130.228.90', '220.130.228.90', 1),
(38, 1565941592, 0, '後臺登入', 1, 4, '登入帳號: 20130, IP: 220.130.228.90', '220.130.228.90', 1),
(39, 1565941825, 0, '後臺登入', 1, 4, '登入帳號: 20130, IP: 220.130.228.90', '220.130.228.90', 1),
(40, 1566005021, 0, '後臺登入', 1, 4, '登入帳號: 20130, IP: 106.105.211.217', '106.105.211.217', 1),
(41, 1566111815, 0, '後臺登入', 1, 4, '登入帳號: 20130, IP: 106.105.211.217', '106.105.211.217', 1),
(42, 1566180765, 0, '後臺登入', 1, 4, '登入帳號: 20130, IP: 220.130.228.90', '220.130.228.90', 1),
(43, 1566201639, 0, '後臺登入', 1, 4, '登入帳號: 20130, IP: 220.130.228.90', '220.130.228.90', 1),
(44, 1566267919, 0, '後臺登入', 1, 4, '登入帳號: 20130, IP: 106.105.211.217', '106.105.211.217', 1),
(45, 1566364156, 0, '後臺登入', 1, 4, '登入帳號: 20130, IP: 106.105.211.217', '106.105.211.217', 1),
(46, 1566887555, 0, '後臺登入', 1, 4, '登入帳號: 20130, IP: 220.130.228.90', '220.130.228.90', 1),
(47, 1566890026, 0, '後臺登入', 1, 4, '登入帳號: 20130, IP: 220.130.228.90', '220.130.228.90', 1),
(48, 1566890027, 0, '後臺登入', 1, 4, '登入帳號: 20130, IP: 220.130.228.90', '220.130.228.90', 1),
(49, 1566890894, 0, '後臺登入', 1, 4, '登入帳號: 20130, IP: 223.139.31.4', '223.139.31.4', 1),
(50, 1566910190, 0, '後臺登入', 1, 4, '登入帳號: 20130, IP: 118.232.131.210', '118.232.131.210', 1),
(51, 1566910225, 0, '後臺登入', 1, 4, '登入帳號: 20130, IP: 118.232.131.210', '118.232.131.210', 1),
(52, 1566910492, 0, '後臺登入', 1, 4, '登入帳號: 20130, IP: 118.232.131.210', '118.232.131.210', 1),
(53, 1566950454, 0, '後臺登入', 1, 4, '登入帳號: 20130, IP: 106.105.211.217', '106.105.211.217', 1),
(54, 1566956455, 0, '後臺登入', 1, 4, '登入帳號: 20130, IP: 106.105.211.217', '106.105.211.217', 1),
(55, 1566961476, 0, '後臺登入', 1, 4, '登入帳號: 20130, IP: 106.105.211.217', '106.105.211.217', 1),
(56, 1566961744, 0, '後臺登入', 1, 4, '登入帳號: 20130, IP: 220.130.228.90', '220.130.228.90', 1),
(57, 1566964138, 0, '後臺登入', 1, 4, '登入帳號: 20130, IP: 220.130.228.90', '220.130.228.90', 1),
(58, 1566994725, 0, '後臺登入', 1, 4, '登入帳號: 20130, IP: 118.232.131.210', '118.232.131.210', 1),
(59, 1566997779, 0, '後臺登入', 1, 4, '登入帳號: 20130, IP: 118.232.131.210', '118.232.131.210', 1),
(60, 1567158142, 0, '後臺登入', 1, 4, '登入帳號: 20130, IP: 220.130.228.90', '220.130.228.90', 1),
(61, 1567158278, 0, '後臺登入', 1, 4, '登入帳號: 20130, IP: 220.130.228.90', '220.130.228.90', 1),
(62, 1567159063, 0, '後臺登入', 1, 4, '登入帳號: 20130, IP: 220.130.228.90', '220.130.228.90', 1),
(63, 1567159560, 0, '後臺登入', 1, 4, '登入帳號: 20130, IP: 220.130.228.90', '220.130.228.90', 1),
(64, 1567209853, 0, '後臺登入', 1, 4, '登入帳號: 20130, IP: 106.105.211.217', '106.105.211.217', 1),
(65, 1567210456, 0, '後臺登入', 1, 4, '登入帳號: 20130, IP: 106.105.211.217', '106.105.211.217', 1),
(66, 1567213059, 0, '後臺登入', 1, 4, '登入帳號: 20130, IP: 106.105.211.217', '106.105.211.217', 1),
(67, 1567213334, 0, '後臺登入', 1, 4, '登入帳號: 20130, IP: 106.105.211.217', '106.105.211.217', 1),
(68, 1567214177, 0, '後臺登入', 1, 4, '登入帳號: 20130, IP: 42.75.56.174', '42.75.56.174', 1),
(69, 1567215564, 0, '後臺登入', 1, 4, '登入帳號: 20130, IP: 42.75.56.174', '42.75.56.174', 1),
(70, 1567216836, 0, '後臺登入', 1, 4, '登入帳號: 20130, IP: 42.75.56.174', '42.75.56.174', 1),
(71, 1567221169, 0, '後臺登入', 1, 4, '登入帳號: 20130, IP: 106.105.211.217', '106.105.211.217', 1),
(72, 1567412243, 0, '後臺登入', 1, 4, '登入帳號: 20130, IP: 106.105.211.217', '106.105.211.217', 1),
(73, 1567412243, 0, '後臺登入', 1, 4, '登入帳號: 20130, IP: 106.105.211.217', '106.105.211.217', 1),
(74, 1567413186, 0, '後臺登入', 1, 4, '登入帳號: 20130, IP: 220.130.228.90', '220.130.228.90', 1),
(75, 1567415432, 0, '後臺登入', 1, 4, '登入帳號: 20130, IP: 106.105.211.217', '106.105.211.217', 1),
(76, 1567474692, 0, '後臺登入', 1, 4, '登入帳號: 20130, IP: 106.105.211.217', '106.105.211.217', 1),
(77, 1567475035, 0, '後臺登入', 1, 4, '登入帳號: 20130, IP: 220.130.228.90', '220.130.228.90', 1),
(78, 1567475353, 0, '後臺登入', 1, 4, '登入帳號: 20130, IP: 106.105.211.217', '106.105.211.217', 1),
(79, 1567476445, 0, '後臺登入', 1, 4, '登入帳號: 20130, IP: 106.105.211.217', '106.105.211.217', 1),
(80, 1567478179, 0, '後臺登入', 1, 4, '登入帳號: 20130, IP: 106.105.211.217', '106.105.211.217', 1),
(81, 1567478595, 0, '後臺登入', 1, 4, '登入帳號: 20130, IP: 106.105.211.217', '106.105.211.217', 1),
(82, 1567487164, 0, '後臺登入', 1, 4, '登入帳號: 20130, IP: 106.105.211.217', '106.105.211.217', 1),
(83, 1567488968, 0, '後臺登入', 1, 4, '登入帳號: 20130, IP: 106.105.211.217', '106.105.211.217', 1),
(84, 1567489461, 0, '後臺登入', 1, 4, '登入帳號: 20130, IP: 106.105.211.217', '106.105.211.217', 1),
(85, 1567489605, 0, '後臺登入', 1, 4, '登入帳號: 20130, IP: 106.105.211.217', '106.105.211.217', 1),
(86, 1567489772, 0, '後臺登入', 1, 4, '登入帳號: 20130, IP: 106.105.211.217', '106.105.211.217', 1),
(87, 1567490354, 0, '後臺登入', 1, 4, '登入帳號: 20130, IP: 106.105.211.217', '106.105.211.217', 1),
(88, 1567490591, 0, '後臺登入', 1, 4, '登入帳號: 20130, IP: 106.105.211.217', '106.105.211.217', 1),
(89, 1567491003, 0, '後臺登入', 1, 4, '登入帳號: 20130, IP: 220.130.228.90', '220.130.228.90', 1),
(90, 1567498950, 0, '後臺登入', 1, 4, '登入帳號: 20130, IP: 106.105.211.217', '106.105.211.217', 1),
(91, 1567498960, 0, '後臺登入', 1, 4, '登入帳號: 20130, IP: 106.105.211.217', '106.105.211.217', 1),
(92, 1567498968, 0, '後臺登入', 1, 4, '登入帳號: 20130, IP: 106.105.211.217', '106.105.211.217', 1),
(93, 1567498968, 0, '後臺登入', 1, 4, '登入帳號: 20130, IP: 106.105.211.217', '106.105.211.217', 1),
(94, 1567499271, 0, '後臺登入', 1, 4, '登入帳號: 20130, IP: 106.105.211.217', '106.105.211.217', 1),
(95, 1567501413, 0, '後臺登入', 1, 4, '登入帳號: 20130, IP: 220.130.228.90', '220.130.228.90', 1),
(96, 1567501454, 0, '後臺登入', 1, 4, '登入帳號: 20130, IP: 106.105.211.217', '106.105.211.217', 1),
(97, 1567501516, 0, '後臺登入', 1, 4, '登入帳號: 20130, IP: 106.105.211.217', '106.105.211.217', 1),
(98, 1567501529, 0, '後臺登入', 1, 4, '登入帳號: 20130, IP: 106.105.211.217', '106.105.211.217', 1),
(99, 1567501564, 0, '後臺登入', 1, 4, '登入帳號: 20130, IP: 106.105.211.217', '106.105.211.217', 1),
(100, 1567560357, 0, '後臺登入', 1, 4, '登入帳號: 20130, IP: 106.105.211.217', '106.105.211.217', 1),
(101, 1567578688, 0, '後臺登入', 1, 4, '登入帳號: 20130, IP: 106.105.211.217', '106.105.211.217', 1),
(102, 1567585610, 0, '後臺登入', 1, 4, '登入帳號: 20130, IP: 106.105.211.217', '106.105.211.217', 1),
(103, 1567585986, 0, '後臺登入', 1, 4, '登入帳號: 20130, IP: 220.130.228.90', '220.130.228.90', 1),
(104, 1567587840, 0, '後臺登入', 1, 4, '登入帳號: 20130, IP: 220.130.228.90', '220.130.228.90', 1),
(105, 1567588121, 0, '後臺登入', 1, 4, '登入帳號: 20130, IP: 106.105.211.217', '106.105.211.217', 1),
(106, 1567588411, 0, '後臺登入', 1, 4, '登入帳號: 20130, IP: 106.105.211.217', '106.105.211.217', 1),
(107, 1567588800, 0, '後臺登入', 1, 4, '登入帳號: 20130, IP: 106.105.211.217', '106.105.211.217', 1),
(108, 1567589165, 0, '後臺登入', 1, 4, '登入帳號: 20130, IP: 106.105.211.217', '106.105.211.217', 1),
(109, 1567738231, 0, '後臺登入', 1, 4, '登入帳號: 20130, IP: 106.105.211.217', '106.105.211.217', 1),
(110, 1567842496, 0, '後臺登入', 1, 4, '登入帳號: 20130, IP: 106.105.211.217', '106.105.211.217', 1),
(111, 1567925537, 0, '後臺登入', 1, 4, '登入帳號: 20130, IP: 106.105.211.217', '106.105.211.217', 1),
(112, 1567995796, 0, '後臺登入', 1, 4, '登入帳號: 20130, IP: 220.130.228.90', '220.130.228.90', 1),
(113, 1567995946, 0, '後臺登入', 1, 4, '登入帳號: 20130, IP: 101.137.95.74', '101.137.95.74', 1),
(114, 1567996049, 0, '後臺登入', 1, 4, '登入帳號: 20130, IP: 106.105.211.217', '106.105.211.217', 1),
(115, 1568169920, 0, '後臺登入', 1, 4, '登入帳號: 20130, IP: 106.105.211.217', '106.105.211.217', 1),
(116, 1568253956, 0, '後臺登入', 1, 4, '登入帳號: 20130, IP: 101.136.179.148', '101.136.179.148', 1),
(117, 1568429652, 0, '後臺登入', 1, 4, '登入帳號: 20130, IP: 106.105.211.217', '106.105.211.217', 1),
(118, 1568448656, 0, '後臺登入', 1, 4, '登入帳號: 20130, IP: 106.105.211.217', '106.105.211.217', 1),
(119, 1568450456, 0, '後臺登入', 1, 4, '登入帳號: 20130, IP: 106.105.211.217', '106.105.211.217', 1),
(120, 1568510785, 0, '後臺登入', 1, 4, '登入帳號: 20130, IP: 106.105.211.217', '106.105.211.217', 1),
(121, 1568513065, 0, '後臺登入', 1, 4, '登入帳號: 20130, IP: 106.105.211.217', '106.105.211.217', 1),
(122, 1568603766, 0, '後臺登入', 1, 4, '登入帳號: 20130, IP: 106.105.211.217', '106.105.211.217', 1),
(123, 1568623753, 0, '後臺登入', 1, 4, '登入帳號: 20130, IP: 220.130.228.90', '220.130.228.90', 1),
(124, 1568710956, 0, '後臺登入', 1, 4, '登入帳號: 20130, IP: 106.105.211.217', '106.105.211.217', 1),
(125, 1568732274, 0, '後臺登入', 1, 4, '登入帳號: 20130, IP: 58.114.103.195', '58.114.103.195', 1),
(126, 1568776268, 0, '後臺登入', 1, 4, '登入帳號: 20130, IP: 220.130.228.90', '220.130.228.90', 1),
(127, 1568796808, 0, '後臺登入', 1, 4, '登入帳號: 20130, IP: 106.105.211.217', '106.105.211.217', 1),
(128, 1568883736, 0, '後臺登入', 1, 4, '登入帳號: 20130, IP: 106.105.211.217', '106.105.211.217', 1),
(129, 1568955988, 0, '後臺登入', 1, 4, '登入帳號: 20130, IP: 106.105.211.217', '106.105.211.217', 1),
(130, 1569132007, 0, '後臺登入', 1, 4, '登入帳號: 20130, IP: 60.245.65.133', '60.245.65.133', 1),
(131, 1569161620, 0, '後臺登入', 1, 4, '登入帳號: 20130, IP: 122.121.97.75', '122.121.97.75', 1),
(132, 1569312722, 0, '後臺登入', 1, 4, '登入帳號: 20130, IP: 220.130.228.90', '220.130.228.90', 1),
(133, 1569317091, 0, '後臺登入', 1, 4, '登入帳號: 20130, IP: 220.130.228.90', '220.130.228.90', 1),
(134, 1569388210, 0, '後臺登入', 1, 4, '登入帳號: 20130, IP: 220.130.228.90', '220.130.228.90', 1),
(135, 1569388211, 0, '後臺登入', 1, 4, '登入帳號: 20130, IP: 220.130.228.90', '220.130.228.90', 1),
(136, 1569401249, 0, '後臺登入', 1, 4, '登入帳號: 20130, IP: 106.105.211.217', '106.105.211.217', 1),
(137, 1569897806, 0, '後臺登入', 1, 4, '登入帳號: 20130, IP: 106.105.211.217', '106.105.211.217', 1),
(138, 1569897810, 0, '後臺登入', 1, 4, '登入帳號: 20130, IP: 106.105.211.217', '106.105.211.217', 1),
(139, 1569919652, 0, '後臺登入', 1, 4, '登入帳號: 20130, IP: 106.105.211.217', '106.105.211.217', 1),
(140, 1570327608, 0, '後臺登入', 1, 4, '登入帳號: 20130, IP: 106.105.211.217', '106.105.211.217', 1),
(141, 1571097919, 0, '後臺登入', 1, 4, '登入帳號: 20130, IP: 106.105.211.217', '106.105.211.217', 1),
(142, 1571538908, 0, '後臺登入', 1, 4, '登入帳號: 20130, IP: 106.105.211.217', '106.105.211.217', 1),
(143, 1571992193, 0, '後臺登入', 1, 4, '登入帳號: 20130, IP: 106.105.211.217', '106.105.211.217', 1),
(144, 1572051343, 0, '後臺登入', 1, 4, '登入帳號: 20130, IP: 42.75.9.248', '42.75.9.248', 1),
(145, 1572054137, 0, '後臺登入', 1, 4, '登入帳號: 20130, IP: 150.117.115.214', '150.117.115.214', 1),
(146, 1572060917, 0, '後臺登入', 1, 4, '登入帳號: 20130, IP: 42.75.9.248', '42.75.9.248', 1),
(147, 1572071290, 0, '後臺登入', 1, 4, '登入帳號: 20130, IP: 106.105.211.217', '106.105.211.217', 1),
(148, 1572395707, 0, '後臺登入', 1, 4, '登入帳號: 20130, IP: 220.130.228.90', '220.130.228.90', 1),
(149, 1572395742, 0, '後臺登入', 1, 4, '登入帳號: 20130, IP: 220.130.228.90', '220.130.228.90', 1),
(150, 1572419170, 0, '後臺登入', 1, 4, '登入帳號: 20130, IP: 106.105.211.217', '106.105.211.217', 1),
(151, 1572566075, 0, '後臺登入', 1, 4, '登入帳號: 20130, IP: 106.105.211.217', '106.105.211.217', 1),
(152, 1572600633, 0, '後臺登入', 1, 4, '登入帳號: 20130, IP: 220.130.228.90', '220.130.228.90', 1),
(153, 1572609147, 0, '後臺登入', 1, 4, '登入帳號: 20130, IP: 223.137.210.85', '223.137.210.85', 1),
(154, 1572609147, 0, '後臺登入', 1, 4, '登入帳號: 20130, IP: 223.137.210.85', '223.137.210.85', 1),
(155, 1572613199, 0, '後臺登入', 1, 4, '登入帳號: 20130, IP: 150.117.115.214', '150.117.115.214', 1),
(156, 1572613978, 0, '後臺登入', 1, 4, '登入帳號: 20130, IP: 223.137.210.85', '223.137.210.85', 1),
(157, 1572613979, 0, '後臺登入', 1, 4, '登入帳號: 20130, IP: 122.121.63.207', '122.121.63.207', 1),
(158, 1572935822, 0, '後臺登入', 1, 4, '登入帳號: 20130, IP: 106.105.211.217', '106.105.211.217', 1),
(159, 1573174497, 0, '後臺登入', 1, 4, '登入帳號: 20130, IP: 220.130.228.90', '220.130.228.90', 1),
(160, 1573174859, 0, '後臺登入', 1, 4, '登入帳號: 20130, IP: 111.82.16.55', '111.82.16.55', 1),
(161, 1573178182, 0, '後臺登入', 1, 4, '登入帳號: 20130, IP: 192.168.13.113', '192.168.13.113', 1),
(162, 1573178596, 0, '後臺登入', 1, 4, '登入帳號: 20130, IP: 192.168.13.113', '192.168.13.113', 1),
(163, 1574327955, 0, '後臺登入', 1, 4, '登入帳號: 20130, IP: 192.168.13.113', '192.168.13.113', 1),
(164, 1575601024, 0, '後臺登入', 1, 4, '登入帳號: 20130, IP: 192.168.13.113', '192.168.13.113', 1),
(165, 1575695680, 0, '後臺登入', 1, 4, '登入帳號: 20130, IP: 192.168.13.113', '192.168.13.113', 1),
(166, 1576807966, 0, '後臺登入', 1, 4, '登入帳號: 20130, IP: 192.168.13.113', '192.168.13.113', 1),
(167, 1577929578, 0, '後臺登入', 1, 4, '登入帳號: 20130, IP: 192.168.13.113', '192.168.13.113', 1),
(168, 1577929580, 0, '後臺登入', 1, 4, '登入帳號: 20130, IP: 192.168.13.113', '192.168.13.113', 1),
(169, 1577955278, 0, '後臺登入', 1, 4, '登入帳號: 20130, IP: 192.168.13.113', '192.168.13.113', 1),
(170, 1578017252, 0, '後臺登入', 1, 4, '登入帳號: 20130, IP: 192.168.13.18', '192.168.13.18', 1),
(171, 1578034651, 0, '後臺登入', 1, 4, '登入帳號: 20130, IP: 192.168.13.113', '192.168.13.113', 1),
(172, 1579222650, 0, '後臺登入', 1, 4, '登入帳號: 20130, IP: 192.168.13.113', '192.168.13.113', 1),
(173, 1579224497, 0, '後臺登入', 2, 4, '登入帳號: 201300, IP: 192.168.13.113', '192.168.13.113', 1),
(174, 1579226712, 0, '後臺登入', 3, 4, '登入帳號: 201303, IP: 192.168.13.113', '192.168.13.113', 1),
(175, 1579227415, 0, '後臺登入', 2, 4, '登入帳號: 201300, IP: 192.168.13.113', '192.168.13.113', 1),
(176, 1579227556, 0, '後臺登入', 2, 4, '登入帳號: 201300, IP: 192.168.13.113', '192.168.13.113', 1),
(177, 1579228931, 0, '後臺登入', 3, 4, '登入帳號: 201303, IP: 192.168.13.113', '192.168.13.113', 1),
(178, 1579228943, 0, '後臺登入', 2, 4, '登入帳號: 201300, IP: 192.168.13.113', '192.168.13.113', 1),
(179, 1579229676, 0, '後臺登入', 3, 4, '登入帳號: 201303, IP: 192.168.13.113', '192.168.13.113', 1),
(180, 1579229692, 0, '後臺登入', 2, 4, '登入帳號: 201300, IP: 192.168.13.113', '192.168.13.113', 1),
(181, 1579229758, 0, '後臺登入', 2, 4, '登入帳號: 201300, IP: 192.168.13.113', '192.168.13.113', 1),
(182, 1579245878, 0, '後臺登入', 2, 4, '登入帳號: 201300, IP: 192.168.13.113', '192.168.13.113', 1),
(183, 1579245937, 0, '後臺登入', 2, 4, '登入帳號: 201300, IP: 192.168.13.113', '192.168.13.113', 1),
(184, 1579510759, 0, '後臺登入', 1, 4, '登入帳號: 20130, IP: 192.168.13.113', '192.168.13.113', 1),
(185, 1579679039, 0, '後臺登入', 1, 4, '登入帳號: 20130, IP: ::1', '::1', 1),
(186, 1579679048, 0, '後臺登入', 1, 4, '登入帳號: 20130, IP: 192.168.13.113', '192.168.13.113', 1),
(187, 1581665210, 0, '後臺登入', 1, 4, '登入帳號: 20130, IP: 192.168.13.113', '192.168.13.113', 1),
(188, 1581665562, 0, '後臺登入', 1, 4, '登入帳號: 20130, IP: 192.168.13.113', '192.168.13.113', 1),
(189, 1582182959, 0, '後臺登入', 1, 4, '登入帳號: 20130, IP: 192.168.13.113', '192.168.13.113', 1),
(190, 1582183258, 0, '後臺登入', 1, 4, '登入帳號: 20130, IP: 192.168.13.113', '192.168.13.113', 1),
(191, 1582183370, 0, '後臺登入', 1, 4, '登入帳號: 20130, IP: 192.168.13.113', '192.168.13.113', 1),
(192, 1582183455, 0, '後臺登入', 1, 4, '登入帳號: 20130, IP: 192.168.13.113', '192.168.13.113', 1),
(193, 1582246682, 0, '後臺登入', 1, 4, '登入帳號: 20130, IP: 192.168.13.71', '192.168.13.71', 1),
(194, 1582250157, 0, '後臺登入', 1, 4, '登入帳號: 20130, IP: 192.168.13.54', '192.168.13.54', 1),
(195, 1582271799, 0, '後臺登入', 1, 4, '登入帳號: 20130, IP: 192.168.13.83', '192.168.13.83', 1),
(196, 1582283605, 0, '後臺登入', 1, 4, '登入帳號: 20130, IP: 192.168.13.83', '192.168.13.83', 1),
(197, 1582766673, 0, '後臺登入', 1, 4, '登入帳號: 20130, IP: 192.168.13.113', '192.168.13.113', 1),
(198, 1583298413, 0, '後臺登入', 1, 4, '登入帳號: 20130, IP: 192.168.13.113', '192.168.13.113', 1),
(199, 1583304992, 0, '後臺登入', 1, 4, '登入帳號: 20130, IP: 192.168.13.113', '192.168.13.113', 1),
(200, 1583305839, 0, '後臺登入', 1, 4, '登入帳號: 20130, IP: 192.168.13.113', '192.168.13.113', 1),
(201, 1583306836, 0, '後臺登入', 1, 4, '登入帳號: 20130, IP: 192.168.13.113', '192.168.13.113', 1),
(202, 1583307184, 0, '後臺登入', 1, 4, '登入帳號: 20130, IP: 192.168.13.113', '192.168.13.113', 1),
(203, 1583308978, 0, '後臺登入', 1, 4, '登入帳號: 20130, IP: 192.168.13.113', '192.168.13.113', 1),
(204, 1583311669, 0, '後臺登入', 1, 4, '登入帳號: 20130, IP: 192.168.13.83', '192.168.13.83', 1);

-- --------------------------------------------------------

--
-- 資料表結構 `js_mail`
--

CREATE TABLE `js_mail` (
  `jsmail_sn` int(10) UNSIGNED NOT NULL,
  `jsmail_add_date` int(10) UNSIGNED NOT NULL DEFAULT '0',
  `jsmail_status` tinyint(3) NOT NULL DEFAULT '1' COMMENT '-1 刪除 1: 啟用 2:關閉',
  `jsmail_subject` varchar(512) DEFAULT '',
  `jsmail_content` longtext,
  `jsmail_files` text,
  `jsmail_mail_to` varchar(1024) NOT NULL,
  `jsmail_send_date` int(10) UNSIGNED NOT NULL DEFAULT '0',
  `jsmail_send_result` char(1) NOT NULL DEFAULT 'X' COMMENT 'X: Not send, P: Processing, O: OK, E: Error',
  `jsmail_send_desc` varchar(1024) DEFAULT ''
) ENGINE=MyISAM DEFAULT CHARSET=utf8;

-- --------------------------------------------------------

--
-- 資料表結構 `js_online`
--

CREATE TABLE `js_online` (
  `jsol_sn` int(11) NOT NULL,
  `jsuser_sn` int(10) NOT NULL,
  `jsol_start` int(10) NOT NULL COMMENT '開始時間',
  `jsol_end` int(10) NOT NULL COMMENT '結束時間',
  `jsol_count` int(11) NOT NULL COMMENT '時間統計'
) ENGINE=InnoDB DEFAULT CHARSET=utf8 COMMENT='在線時間';

--
-- 傾印資料表的資料 `js_online`
--

INSERT INTO `js_online` (`jsol_sn`, `jsuser_sn`, `jsol_start`, `jsol_end`, `jsol_count`) VALUES
(75, 1, 1508736125, 1508736524, 399),
(76, 1006, 1508736132, 1508736352, 220),
(106, 1, 1508738761, 1508738947, 186),
(107, 1, 1508739021, 1508739223, 202),
(108, 1, 1508740403, 1508740883, 480),
(110, 1, 1508741230, 1508741862, 632),
(113, 1, 1508741912, 1508742480, 568),
(114, 1, 1508742511, 1508742773, 262),
(115, 1, 1508742862, 1508743049, 187),
(116, 1, 1508743114, 1508743344, 230),
(117, 1007, 1508743145, 1508743333, 188),
(119, 1008, 1508743155, 1508743340, 185),
(121, 1, 1508744552, 1508744767, 215),
(122, 1, 1508825575, 1508825755, 180),
(123, 1, 1508831788, 1508832187, 399),
(124, 1, 1508834778, 1508834958, 180),
(125, 1, 1508838527, 1508838714, 187),
(126, 1, 1508838753, 1508838933, 180),
(127, 1, 1508839013, 1508839486, 473),
(128, 1, 1508839609, 1508839928, 319),
(129, 1, 1508840734, 1508840914, 180),
(130, 1, 1508841051, 1508841238, 187),
(131, 1, 1508841492, 1508841844, 352),
(133, 1, 1508841993, 1508842173, 180),
(134, 1, 1508842174, 1508843089, 915),
(135, 1, 1508894600, 1508895012, 412),
(136, 1, 1508895135, 1508895360, 225),
(137, 1, 1508895703, 1508896093, 390),
(138, 1, 1508896146, 1508896706, 560),
(139, 1, 1508896717, 1508896897, 180),
(140, 1, 1508896952, 1508897357, 405),
(141, 1, 1508899638, 1508900129, 491),
(143, 1, 1508900566, 1508901169, 603),
(145, 1, 1508901362, 1508901572, 210),
(146, 1, 1508902393, 1508902584, 191),
(147, 1, 1508903559, 1508903889, 330),
(148, 1, 1508903925, 1508904148, 223),
(150, 1, 1508907127, 1508907340, 213),
(151, 1, 1508911748, 1508911974, 226),
(152, 1, 1508912006, 1508912262, 256),
(153, 1, 1508912349, 1508912531, 182),
(154, 1, 1508913255, 1508913435, 180),
(155, 1, 1508913632, 1508913812, 180),
(156, 1, 1508914563, 1508914775, 212),
(159, 1, 1509506042, 1509506222, 180),
(160, 1, 1509506238, 1509506857, 619),
(161, 1, 1509686048, 1509686230, 182),
(162, 1, 1510205779, 1510205959, 180),
(163, 1, 1510206097, 1510206277, 180),
(164, 1, 1510207892, 1510208157, 265),
(165, 1, 1510208295, 1510208597, 302),
(167, 125, 1510731742, 1510731922, 180),
(168, 1, 1510731746, 1510732144, 398),
(169, 1, 1510732169, 1510732459, 290),
(170, 1, 1510732706, 1510733101, 395),
(171, 1, 1510733315, 1510734102, 787),
(172, 1, 1510734120, 1510734328, 208),
(173, 1, 1510734398, 1510734594, 196),
(174, 1, 1510735282, 1510735465, 183),
(175, 1, 1510735479, 1510735661, 182),
(176, 1, 1510815293, 1510815473, 180),
(177, 1, 1510904512, 1510904700, 188),
(178, 1, 1511175446, 1511175775, 329),
(180, 1, 1511945012, 1511945208, 196),
(181, 1, 1511945606, 1511945881, 275),
(182, 1008, 1511945628, 1511945808, 180),
(183, 1, 1511946511, 1511946841, 330),
(184, 1, 1511946914, 1511947100, 186),
(186, 1, 1512008451, 1512008636, 185),
(187, 1, 1512031553, 1512031741, 188),
(188, 1, 1512031757, 1512032103, 346),
(189, 1, 1512032294, 1512032505, 211),
(190, 1, 1512032837, 1512033262, 425),
(195, 1, 1512033435, 1512034284, 849),
(209, 1, 1512115408, 1512115610, 202),
(211, 1, 1512461065, 1512461736, 671),
(213, 1, 1512465735, 1512465929, 194),
(214, 1, 1512466280, 1512466562, 282),
(215, 1, 1512521150, 1512521330, 180),
(216, 1, 1512607568, 1512607748, 180),
(217, 1, 1512637863, 1512638190, 327),
(218, 1, 1512694473, 1512695454, 981),
(227, 1, 1512695606, 1512697860, 2254),
(260, 1, 1512698236, 1512698416, 180),
(261, 1, 1512698706, 1512698886, 180),
(262, 1, 1512699149, 1512699329, 180),
(263, 1, 1512700560, 1512700740, 180),
(264, 1, 1512700995, 1512701267, 272),
(265, 1, 1512702127, 1512702370, 243),
(266, 1, 1512702407, 1512702873, 466),
(267, 1, 1512702972, 1512703152, 180),
(268, 1, 1512703962, 1512704142, 180),
(269, 1, 1512704612, 1512704839, 227),
(270, 1, 1512704924, 1512705275, 351),
(271, 1, 1512705411, 1512705792, 381),
(272, 1, 1512709797, 1512711121, 1324),
(281, 1, 1512711183, 1512711855, 672),
(289, 1, 1512712033, 1512712344, 311),
(291, 1, 1512713287, 1512713467, 180),
(293, 1, 1512713844, 1512714031, 187),
(294, 1, 1512714145, 1512715980, 1835),
(296, 1009, 1512714663, 1512714853, 190),
(299, 1009, 1512715150, 1512715964, 814),
(300, 1, 1512716154, 1512716334, 180),
(301, 1, 1512955847, 1512956784, 937),
(302, 1, 1512957057, 1512957584, 527),
(303, 1, 1512959885, 1512960065, 180),
(304, 1, 1512960086, 1512960292, 206),
(305, 1, 1512960293, 1512960894, 601),
(306, 1, 1512960912, 1512961113, 201),
(307, 1, 1512962231, 1512962411, 180),
(308, 1, 1512962761, 1512963061, 300),
(309, 1, 1512963065, 1512963260, 195),
(310, 1, 1512975558, 1512975871, 313),
(311, 1, 1512976238, 1512976999, 761),
(336, 1, 1512977423, 1512977676, 253),
(337, 1, 1513047485, 1513047777, 292),
(341, 1, 1513058887, 1513059603, 716),
(342, 1, 1513059632, 1513060689, 1057),
(343, 1, 1513060765, 1513061512, 747),
(344, 1, 1513061557, 1513063666, 2109),
(345, 1, 1513063726, 1513064078, 352),
(346, 125, 1513129663, 1513129843, 180),
(347, 1, 1513129674, 1513130843, 1169),
(349, 1, 1513131770, 1513132119, 349),
(350, 1, 1513132812, 1513134105, 1293),
(351, 1, 1513134111, 1513134498, 387),
(352, 1007, 1513134214, 1513134398, 184),
(353, 1, 1513134629, 1513134812, 183),
(354, 1, 1513134831, 1513135570, 739),
(355, 1, 1513135624, 1513135804, 180),
(356, 1, 1513136365, 1513136961, 596),
(361, 1, 1513137058, 1513137529, 471),
(365, 1, 1513141557, 1513142927, 1370),
(371, 1, 1513148235, 1513148417, 182),
(372, 1, 1513150049, 1513150486, 437),
(373, 1, 1513150499, 1513150766, 267),
(374, 1, 1513151256, 1513152804, 1548),
(375, 1, 1513154429, 1513157268, 2839),
(378, 1, 1513157590, 1513158431, 841),
(379, 1, 1513158615, 1513158806, 191),
(380, 1, 1513163424, 1513163978, 554),
(382, 1, 1513232214, 1513232394, 180),
(383, 1, 1513233329, 1513233865, 536),
(388, 1, 1513234002, 1513234182, 180),
(389, 1, 1513234193, 1513234637, 444),
(413, 1, 1513234885, 1513235065, 180),
(414, 1, 1513235072, 1513235516, 444),
(415, 1, 1513235610, 1513236120, 510),
(423, 1, 1513236163, 1513237209, 1046),
(440, 1, 1513237446, 1513238308, 862),
(462, 1, 1513238470, 1513239307, 837),
(482, 1, 1513241653, 1513241833, 180),
(485, 1, 1513242306, 1513242486, 180),
(486, 1, 1513297088, 1513297268, 180),
(487, 1, 1513316462, 1513316678, 216),
(488, 1006, 1513316585, 1513316771, 186),
(490, 1006, 1513316781, 1513317309, 528),
(493, 1, 1513316955, 1513317135, 180),
(501, 1006, 1513317392, 1513319330, 1938),
(564, 1006, 1513319645, 1513322373, 2728),
(655, 1006, 1513322521, 1513322701, 180),
(656, 1006, 1513323448, 1513323853, 405),
(668, 1006, 1513324786, 1513324977, 191),
(671, 1006, 1513327628, 1513328197, 569),
(688, 1006, 1513328876, 1513329056, 180),
(689, 1, 1513333368, 1513334114, 746),
(690, 164, 1513333503, 1513333683, 180),
(694, 1, 1513334152, 1513335486, 1334),
(696, 1006, 1513556656, 1513560306, 3650),
(754, 1, 1513557749, 1513558601, 852),
(826, 1, 1513558659, 1513559463, 804),
(901, 1, 1513559480, 1513560288, 808),
(951, 1006, 1513560344, 1513560524, 180),
(952, 1, 1513560552, 1513560927, 375),
(955, 1, 1513561028, 1513561382, 354),
(956, 1006, 1513561572, 1513561755, 183),
(958, 1, 1513562820, 1513563548, 728),
(961, 1006, 1513563476, 1513563774, 298),
(962, 1006, 1513563883, 1513564594, 711),
(963, 1, 1513564144, 1513564487, 343),
(965, 1006, 1513564714, 1513565653, 939),
(967, 1, 1513564743, 1513564936, 193),
(976, 1, 1513565571, 1513565751, 180),
(977, 1, 1513566909, 1513567312, 403),
(978, 164, 1513566958, 1513567138, 180),
(979, 1, 1513571815, 1513572158, 343),
(994, 1, 1513573336, 1513573631, 295),
(995, 1, 1513575573, 1513576358, 785),
(1010, 1, 1513576800, 1513577062, 262),
(1011, 1, 1513577081, 1513577664, 583),
(1012, 1, 1513580035, 1513580215, 180),
(1013, 1, 1513580414, 1513580638, 224),
(1015, 1, 1513580726, 1513580906, 180),
(1016, 1, 1513581036, 1513581359, 323),
(1017, 1, 1513581512, 1513582066, 554),
(1018, 1, 1513582098, 1513582278, 180),
(1019, 1, 1513582775, 1513582955, 180),
(1020, 1, 1513584220, 1513584400, 180),
(1021, 1, 1513584590, 1513584800, 210),
(1022, 1006, 1513587806, 1513588229, 423),
(1024, 1, 1513589663, 1513589843, 180),
(1025, 164, 1513589693, 1513589875, 182),
(1026, 1, 1513591063, 1513591250, 187),
(1027, 1009, 1513591285, 1513591549, 264),
(1028, 1, 1513591329, 1513591554, 225),
(1029, 1, 1513593521, 1513593708, 187),
(1030, 1009, 1513593759, 1513593939, 180),
(1031, 1, 1513594139, 1513594945, 806),
(1032, 1009, 1513594154, 1513594416, 262),
(1033, 1009, 1513594573, 1513595159, 586),
(1034, 1, 1513595050, 1513595230, 180),
(1035, 1009, 1513595169, 1513595490, 321),
(1036, 1, 1513595337, 1513596172, 835),
(1037, 1009, 1513595702, 1513596325, 623),
(1038, 1, 1513596174, 1513596451, 277),
(1039, 1, 1513596478, 1513596658, 180),
(1040, 1009, 1513596503, 1513598041, 1538),
(1041, 1, 1513596698, 1513596878, 180),
(1042, 1, 1513596882, 1513597732, 850),
(1043, 1, 1513597873, 1513598053, 180),
(1044, 1009, 1513598054, 1513598670, 616),
(1045, 1, 1513598173, 1513598353, 180),
(1046, 1, 1513598380, 1513599824, 1444),
(1047, 1009, 1513598693, 1513600160, 1467),
(1048, 1009, 1513600171, 1513601089, 918),
(1049, 1, 1513600290, 1513601394, 1104),
(1050, 1009, 1513601284, 1513601881, 597),
(1051, 1, 1513601577, 1513601757, 180),
(1052, 1, 1513604792, 1513604972, 180),
(1053, 1, 1513605123, 1513606088, 965),
(1054, 1, 1513606095, 1513606275, 180),
(1055, 1, 1513606296, 1513607408, 1112),
(1056, 1, 1513607433, 1513608067, 634),
(1057, 1, 1513608278, 1513608722, 444),
(1058, 1, 1513608811, 1513608991, 180),
(1059, 1, 1513609016, 1513609244, 228),
(1060, 1, 1513609298, 1513609562, 264),
(1061, 1, 1513610080, 1513610522, 442),
(1062, 1, 1513610715, 1513610895, 180),
(1063, 1, 1513611011, 1513611191, 180),
(1064, 1, 1513611401, 1513611796, 395),
(1065, 1006, 1513644145, 1513644996, 851),
(1066, 1, 1513644271, 1513644466, 195),
(1084, 1006, 1513645659, 1513645839, 180),
(1085, 1006, 1513645938, 1513646232, 294),
(1086, 1, 1513646111, 1513646415, 304),
(1087, 1009, 1513646746, 1513646977, 231),
(1088, 1, 1513647553, 1513647745, 192),
(1089, 1009, 1513651347, 1513651549, 202),
(1091, 1006, 1513662335, 1513662808, 473),
(1093, 1006, 1513663169, 1513663349, 180),
(1094, 1009, 1513663389, 1513663786, 397),
(1095, 1009, 1513664314, 1513664498, 184),
(1096, 1009, 1513664609, 1513664833, 224),
(1097, 1006, 1513664954, 1513665384, 430),
(1098, 1, 1513671073, 1513671253, 180),
(1099, 1009, 1513672120, 1513672300, 180),
(1100, 1, 1513734410, 1513734811, 401),
(1101, 1, 1513736185, 1513736381, 196),
(1102, 1, 1513736536, 1513736716, 180),
(1103, 1, 1513738937, 1513739166, 229),
(1104, 1, 1513739731, 1513740269, 538),
(1105, 1, 1513740892, 1513741173, 281),
(1106, 1, 1513746324, 1513746504, 180),
(1107, 1, 1513747264, 1513747444, 180),
(1108, 1, 1513747470, 1513748441, 971),
(1109, 1, 1513856796, 1513857145, 349),
(1110, 1, 1513857213, 1513857393, 180),
(1111, 164, 1513904558, 1513904738, 180),
(1112, 1, 1514530523, 1514531558, 1035),
(1113, 1, 1514531689, 1514531869, 180),
(1114, 1, 1514858393, 1514858629, 236),
(1115, 1047, 1514859469, 1514859649, 180),
(1116, 1, 1514859474, 1514859692, 218),
(1117, 1, 1514885883, 1514886081, 198),
(1118, 1, 1514896550, 1514896733, 183),
(1119, 1, 1515031222, 1515031408, 186),
(1120, 1, 1515392850, 1515393163, 313),
(1121, 125, 1515399626, 1515399806, 180),
(1122, 1, 1515399629, 1515399812, 183),
(1123, 1, 1515553157, 1515553342, 185),
(1124, 1, 1517279951, 1517280278, 327),
(1130, 1010, 1517464090, 1517464276, 186),
(1131, 1010, 1517464707, 1517464887, 180),
(1132, 1010, 1517477442, 1517477622, 180),
(1133, 1, 1517988250, 1517988734, 484),
(1134, 1, 1517988892, 1517989072, 180),
(1135, 1, 1517989617, 1517989948, 331),
(1136, 1, 1517991247, 1517991908, 661),
(1137, 1, 1518413537, 1518414415, 878),
(1138, 1, 1518414586, 1518414767, 181),
(1139, 1, 1518415086, 1518415972, 886),
(1140, 1, 1518416074, 1518416446, 372),
(1141, 1, 1518416732, 1518416926, 194),
(1154, 165, 1518421934, 1518422114, 180),
(1155, 1, 1518421937, 1518422261, 324),
(1156, 1, 1518422673, 1518423291, 618),
(1159, 1, 1519623090, 1519623273, 183),
(1160, 1, 1519624933, 1519625116, 183),
(1161, 1, 1519625126, 1519625455, 329),
(1162, 1, 1519625745, 1519626104, 359),
(1163, 1, 1519626111, 1519626940, 829),
(1164, 1, 1519627007, 1519627606, 599),
(1165, 1, 1519628081, 1519628294, 213),
(1167, 1, 1519628832, 1519629609, 777),
(1176, 1, 1519630090, 1519630696, 606),
(1180, 1006, 1519630502, 1519630688, 186),
(1181, 1, 1519630746, 1519630938, 192),
(1184, 1, 1519630970, 1519631171, 201),
(1187, 1, 1519631220, 1519632113, 893),
(1191, 1, 1519632207, 1519632678, 471),
(1195, 1, 1519632812, 1519633287, 475),
(1196, 1, 1519633372, 1519634759, 1387),
(1205, 1, 1519634793, 1519635383, 590),
(1206, 1, 1519698073, 1519698456, 383),
(1207, 1, 1519698658, 1519699638, 980),
(1209, 1006, 1519699027, 1519699223, 196),
(1211, 1, 1519699653, 1519699914, 261),
(1212, 1, 1519700738, 1519700918, 180),
(1213, 1, 1519700999, 1519701186, 187),
(1214, 1, 1519962961, 1519963162, 201),
(1215, 1, 1519981001, 1519981181, 180),
(1216, 1, 1520572526, 1520573456, 930),
(1226, 1, 1520573467, 1520573750, 283),
(1229, 1, 1520573960, 1520574484, 524),
(1234, 1, 1520582132, 1520582312, 180),
(1235, 1, 1520835619, 1520835799, 180),
(1236, 1, 1520836253, 1520836433, 180),
(1237, 1, 1525411310, 1525411623, 313),
(1238, 1, 1525679144, 1525679400, 256),
(1239, 1, 1525680408, 1525680803, 395),
(1241, 1, 1525680834, 1525681014, 180),
(1242, 1, 1525681021, 1525681754, 733),
(1243, 1, 1525683060, 1525683291, 231),
(1244, 1, 1525683313, 1525683991, 678),
(1245, 1, 1525684076, 1525684256, 180),
(1246, 1, 1525684298, 1525684478, 180),
(1247, 1, 1525684748, 1525684941, 193),
(1248, 1, 1525759789, 1525760403, 614),
(1249, 1, 1525760655, 1525760835, 180),
(1250, 1, 1525761148, 1525761328, 180),
(1251, 1, 1525761461, 1525761741, 280),
(1252, 1, 1525761748, 1525761965, 217),
(1253, 1, 1525762025, 1525762633, 608),
(1254, 1, 1525763214, 1525763696, 482),
(1255, 1, 1525763864, 1525764047, 183),
(1256, 1, 1526004522, 1526004702, 180),
(1257, 1, 1526005329, 1526005728, 399),
(1258, 1, 1526005839, 1526006401, 562),
(1259, 1, 1526259850, 1526260033, 183),
(1260, 1, 1526262209, 1526262389, 180),
(1261, 1, 1526286029, 1526286634, 605),
(1262, 1, 1526441276, 1526441551, 275),
(1263, 1, 1526626811, 1526627197, 386),
(1264, 1, 1526873968, 1526874148, 180),
(1265, 1, 1526874378, 1526874566, 188),
(1266, 1, 1526880517, 1526880697, 180),
(1267, 1, 1526884010, 1526884419, 409),
(1269, 1, 1526884529, 1526884911, 382),
(1271, 1, 1526885600, 1526886153, 553),
(1272, 1, 1526886219, 1526886406, 187),
(1273, 1, 1526886436, 1526886640, 204),
(1274, 1, 1526979000, 1526979190, 190),
(1275, 1, 1526979254, 1526979438, 184),
(1276, 1, 1526980417, 1526980626, 209),
(1277, 1008, 1527584986, 1527585166, 180),
(1278, 1, 1527585016, 1527585215, 199),
(1279, 171, 1528683508, 1528683688, 180),
(1280, 1, 1528683510, 1528683904, 394),
(1283, 1, 1528695660, 1528696133, 473),
(1286, 1, 1529478928, 1529479108, 180),
(1287, 1, 1529483512, 1529483749, 237),
(1288, 1, 1529483804, 1529484063, 259),
(1289, 1, 1529484445, 1529484625, 180),
(1290, 165, 1529910451, 1529910659, 208),
(1291, 1, 1529910479, 1529910702, 223),
(1296, 1, 1529910794, 1529911078, 284),
(1298, 1, 1530249032, 1530249314, 282),
(1299, 1, 1530249366, 1530249649, 283),
(1300, 1, 1530254044, 1530254601, 557),
(1301, 1, 1530254657, 1530255324, 667),
(1302, 1, 1530258191, 1530258375, 184),
(1303, 1, 1530258403, 1530258920, 517),
(1305, 1, 1530260218, 1530260618, 400),
(1307, 1, 1530260933, 1530261548, 615),
(1309, 1, 1530261580, 1530262088, 508),
(1310, 1, 1530262741, 1530262921, 180),
(1311, 1, 1530263313, 1530263596, 283),
(1312, 1, 1530499966, 1530500148, 182),
(1313, 1, 1532401205, 1532401391, 186),
(1314, 1, 1532402215, 1532402560, 345),
(1318, 1, 1532402564, 1532402953, 389),
(1323, 1, 1532403470, 1532404160, 690),
(1324, 1, 1532404284, 1532404524, 240),
(1326, 1, 1532404567, 1532404747, 180),
(1327, 1, 1532404771, 1532404972, 201),
(1329, 1, 1532408867, 1532409047, 180),
(1330, 1, 1532409713, 1532410041, 328),
(1331, 1, 1532410158, 1532410562, 404),
(1335, 1, 1532410702, 1532411037, 335),
(1339, 1, 1532411061, 1532411241, 180),
(1340, 1, 1532411312, 1532411621, 309),
(1341, 1, 1532411800, 1532412038, 238),
(1342, 1, 1532412936, 1532413514, 578),
(1345, 1, 1532414282, 1532414530, 248),
(1346, 1006, 1532414284, 1532414500, 216),
(1347, 1005, 1532414322, 1532414513, 191),
(1348, 1008, 1532414335, 1532414525, 190),
(1349, 1, 1532415557, 1532416084, 527),
(1352, 1, 1532416297, 1532416771, 474),
(1353, 1, 1532417049, 1532417409, 360),
(1354, 1, 1532417489, 1532418553, 1064),
(1367, 1, 1532419587, 1532419767, 180),
(1368, 1, 1532420385, 1532420687, 302),
(1369, 1, 1532420884, 1532421230, 346),
(1370, 1, 1532421331, 1532421685, 354),
(1371, 1, 1532509009, 1532509197, 188),
(1372, 1, 1532515343, 1532515526, 183),
(1373, 1, 1532518361, 1532518541, 180),
(1374, 1, 1532519755, 1532520210, 455),
(1375, 1, 1532520244, 1532520457, 213),
(1376, 1, 1532520989, 1532521179, 190),
(1377, 1, 1532521195, 1532521791, 596),
(1380, 1, 1532522015, 1532522730, 715),
(1382, 1, 1532522806, 1532523272, 466),
(1384, 1, 1532523315, 1532524153, 838),
(1385, 1, 1532524203, 1532524510, 307),
(1386, 1, 1532568136, 1532568316, 180),
(1387, 1, 1532592465, 1532592900, 435),
(1389, 1, 1532593319, 1532593527, 208),
(1390, 1, 1532593532, 1532593761, 229),
(1393, 1, 1532603595, 1532603780, 185),
(1396, 1, 1532605929, 1532606380, 451),
(1402, 1, 1532606420, 1532608081, 1661),
(1442, 1, 1532608237, 1532608769, 532),
(1444, 1, 1532609228, 1532609879, 651),
(1446, 1, 1532610121, 1532610460, 339),
(1447, 1, 1532612995, 1532614690, 1695),
(1458, 1, 1532614870, 1532615154, 284),
(1460, 1, 1532615254, 1532615662, 408),
(1461, 1, 1532660485, 1532660665, 180),
(1462, 1, 1532661299, 1532661672, 373),
(1463, 1, 1532661914, 1532662094, 180),
(1464, 1, 1532662337, 1532662520, 183),
(1465, 1, 1532662756, 1532662977, 221),
(1468, 1, 1532663066, 1532663515, 449),
(1470, 1, 1532663994, 1532664187, 193),
(1471, 1, 1532668155, 1532668335, 180),
(1472, 1, 1532668424, 1532668657, 233),
(1476, 1, 1532670423, 1532671299, 876),
(1480, 1, 1532674667, 1532674851, 184),
(1483, 1, 1532674866, 1532675300, 434),
(1484, 1, 1533016738, 1533016918, 180),
(1485, 1, 1533017115, 1533017295, 180),
(1486, 1, 1533017488, 1533017683, 195),
(1487, 1, 1533024712, 1533025020, 308),
(1491, 1, 1533025324, 1533025569, 245),
(1493, 1, 1533025630, 1533025923, 293),
(1495, 1, 1533025981, 1533026399, 418),
(1496, 1, 1533026734, 1533026984, 250),
(1498, 1, 1533173761, 1533173941, 180),
(1500, 1, 1533175724, 1533176006, 282),
(1506, 1, 1533177371, 1533177618, 247),
(1507, 173, 1533179133, 1533179313, 180),
(1508, 1, 1533179142, 1533179390, 248),
(1510, 1, 1533182202, 1533182385, 183),
(1513, 1, 1533189895, 1533190178, 283),
(1514, 1, 1533190965, 1533191225, 260),
(1515, 1, 1533191329, 1533191816, 487),
(1520, 1, 1533192387, 1533192813, 426),
(1524, 1, 1533192895, 1533193718, 823),
(1539, 1, 1533193850, 1533194125, 275),
(1544, 1, 1533194600, 1533194981, 381),
(1546, 1, 1533196499, 1533196679, 180),
(1547, 1, 1533197483, 1533198308, 825),
(1549, 1, 1533532304, 1533532484, 180),
(1550, 1059, 1533631393, 1533631573, 180),
(1551, 1, 1533631424, 1533631671, 247),
(1553, 1, 1534410019, 1534410204, 185),
(1554, 1, 1534410647, 1534410898, 251),
(1555, 1, 1534411203, 1534411452, 249),
(1556, 1, 1534411825, 1534412005, 180),
(1557, 1, 1534420952, 1534421132, 180),
(1558, 165, 1534931135, 1534931315, 180),
(1559, 1, 1534931175, 1534931766, 591),
(1562, 1, 1535004030, 1535004212, 182),
(1563, 1, 1535004244, 1535004425, 181),
(1564, 1, 1535004517, 1535005023, 506),
(1566, 1, 1535022847, 1535023229, 382),
(1567, 1, 1535023337, 1535023534, 197),
(1569, 1, 1535803508, 1535804066, 558),
(1570, 1, 1535804226, 1535804737, 511),
(1571, 1, 1539326775, 1539326962, 187),
(1572, 1, 1543974274, 1543974454, 180),
(1573, 1, 1543974498, 1543974754, 256),
(1578, 1, 1543975617, 1543975804, 187),
(1579, 1, 1545616536, 1545616926, 390),
(1581, 1, 1545616975, 1545617157, 182),
(1582, 1, 1545617288, 1545618057, 769),
(1583, 1, 1545634706, 1545634943, 237),
(1584, 1, 1545635984, 1545636164, 180),
(1585, 1, 1545636258, 1545636438, 180),
(1586, 1, 1545637631, 1545638107, 476),
(1587, 1, 1545638415, 1545638596, 181),
(1588, 1, 1545638980, 1545639299, 319),
(1589, 1, 1545639501, 1545639681, 180),
(1590, 1, 1545640617, 1545640802, 185),
(1591, 1, 1545704130, 1545704316, 186),
(1592, 1, 1545704393, 1545704574, 181),
(1593, 1, 1545705047, 1545705451, 404),
(1594, 1, 1545706586, 1545706766, 180),
(1595, 1, 1547709690, 1547710401, 711),
(1596, 1, 1547813788, 1547813968, 180),
(1597, 1, 1547816432, 1547816618, 186),
(1598, 1, 1548032062, 1548032245, 183),
(1599, 1, 1548050926, 1548051106, 180),
(1600, 1, 1548052287, 1548052538, 251),
(1604, 1, 1548052559, 1548053637, 1078),
(1608, 1, 1548054272, 1548054751, 479),
(1609, 1, 1548054914, 1548055637, 723),
(1610, 1, 1548056526, 1548056708, 182),
(1611, 1, 1548058667, 1548058859, 192),
(1612, 1, 1548059329, 1548059523, 194),
(1613, 1, 1548059557, 1548059787, 230),
(1615, 1, 1548059977, 1548060262, 285),
(1616, 1, 1548060421, 1548060609, 188),
(1617, 1, 1548061460, 1548061873, 413),
(1618, 1, 1548061955, 1548063231, 1276),
(1622, 1, 1548063248, 1548063722, 474),
(1628, 1, 1548065959, 1548066157, 198),
(1629, 1, 1548066472, 1548066655, 183),
(1630, 1, 1548066776, 1548067101, 325),
(1631, 1, 1548067619, 1548068552, 933),
(1634, 1, 1548068874, 1548069134, 260),
(1635, 1, 1548069424, 1548069627, 203),
(1637, 1, 1548069686, 1548069887, 201),
(1638, 1, 1548070221, 1548070418, 197),
(1639, 1, 1548070609, 1548070796, 187),
(1643, 1, 1548070865, 1548071844, 979),
(1652, 1, 1548071933, 1548072172, 239),
(1653, 1, 1548123755, 1548123935, 180),
(1654, 1, 1548124089, 1548124367, 278),
(1655, 1, 1548136084, 1548136271, 187),
(1656, 1, 1548139059, 1548139366, 307),
(1659, 1, 1548140043, 1548140383, 340),
(1660, 1, 1548142017, 1548142197, 180),
(1661, 1, 1548145094, 1548145296, 202),
(1662, 1, 1548150434, 1548150618, 184),
(1663, 1, 1548153775, 1548154132, 357),
(1664, 1, 1548154148, 1548154549, 401),
(1669, 1, 1548154779, 1548154974, 195),
(1672, 1, 1548155122, 1548155499, 377),
(1673, 1, 1548155771, 1548157005, 1234),
(1692, 1, 1548157036, 1548158009, 973),
(1697, 1, 1548158252, 1548158789, 537),
(1698, 1, 1548158861, 1548159041, 180),
(1699, 1, 1548159123, 1548160903, 1780),
(1701, 1, 1548161053, 1548161238, 185),
(1703, 1, 1548161855, 1548162035, 180),
(1704, 1, 1548230647, 1548230877, 230),
(1705, 1, 1548230899, 1548231667, 768),
(1706, 1, 1548232042, 1548232794, 752),
(1707, 1, 1548232887, 1548233145, 258),
(1709, 1, 1548233160, 1548234328, 1168),
(1712, 1, 1548234706, 1548235743, 1037),
(1733, 1, 1548235772, 1548236038, 266),
(1738, 1, 1548242293, 1548242474, 181),
(1739, 1, 1548242882, 1548243073, 191),
(1740, 1, 1548243145, 1548244299, 1154),
(1751, 1, 1548244301, 1548244973, 672),
(1757, 1, 1548245055, 1548245632, 577),
(1763, 1, 1548245682, 1548245960, 278),
(1765, 1, 1548246459, 1548246705, 246),
(1766, 1, 1548246886, 1548247079, 193),
(1767, 1, 1548290924, 1548291104, 180),
(1768, 1, 1548310273, 1548310468, 195),
(1769, 1, 1548310608, 1548310814, 206),
(1770, 1, 1548310910, 1548311537, 627),
(1773, 1, 1548311590, 1548311813, 223),
(1775, 1, 1548312753, 1548313105, 352),
(1777, 1, 1548315268, 1548316770, 1502),
(1817, 1, 1548317206, 1548317410, 204),
(1820, 1, 1548317441, 1548317773, 332),
(1821, 1, 1548319921, 1548320102, 181),
(1822, 1, 1548320245, 1548320963, 718),
(1823, 1, 1548321048, 1548321264, 216),
(1824, 1, 1548321293, 1548321482, 189),
(1832, 1, 1548321641, 1548321859, 218),
(1833, 1, 1548323470, 1548323650, 180),
(1834, 1, 1548326249, 1548326712, 463),
(1836, 1, 1548326869, 1548328028, 1159),
(1838, 1, 1548328192, 1548328651, 459),
(1839, 1, 1548328838, 1548329079, 241),
(1840, 1, 1548329084, 1548329414, 330),
(1841, 1, 1548329567, 1548330798, 1231),
(1842, 1, 1548331079, 1548331496, 417),
(1843, 1, 1548334149, 1548335067, 918),
(1844, 1, 1548376569, 1548376749, 180),
(1845, 1, 1548377898, 1548378078, 180),
(1846, 1, 1548378984, 1548379209, 225),
(1847, 1, 1548379667, 1548379847, 180),
(1848, 1, 1548380810, 1548380990, 180),
(1849, 1, 1548381015, 1548381216, 201),
(1850, 1, 1548381607, 1548381978, 371),
(1853, 1, 1548382154, 1548382944, 790),
(1872, 1, 1548383431, 1548383630, 199),
(1879, 1, 1548383722, 1548384117, 395),
(1884, 1, 1548384172, 1548384421, 249),
(1889, 1, 1548384452, 1548385268, 816),
(1901, 1, 1548385403, 1548385712, 309),
(1902, 1, 1548385741, 1548386581, 840),
(1911, 1, 1548386604, 1548387079, 475),
(1912, 1, 1548387147, 1548389132, 1985),
(1931, 1, 1548394158, 1548394508, 350),
(1933, 1, 1548394622, 1548394990, 368),
(1934, 1, 1548395033, 1548395229, 196),
(1935, 1, 1548395553, 1548395960, 407),
(1936, 1, 1548396574, 1548397242, 668),
(1943, 1, 1548397988, 1548398769, 781),
(1951, 1, 1548399400, 1548399698, 298),
(1952, 1, 1548399850, 1548400726, 876),
(1961, 1, 1548402475, 1548402753, 278),
(1974, 1, 1548402814, 1548402994, 180),
(1975, 1, 1548403274, 1548403529, 255),
(1979, 1, 1548635689, 1548635967, 278),
(1980, 1, 1548636308, 1548637001, 693),
(1984, 1, 1548637311, 1548637584, 273),
(1985, 1, 1548637683, 1548638017, 334),
(1989, 1, 1548638347, 1548638734, 387),
(1992, 1, 1548638825, 1548639160, 335),
(1996, 1, 1548639229, 1548639482, 253),
(2005, 1, 1548639568, 1548640202, 634),
(2011, 1, 1548640553, 1548640893, 340),
(2017, 1, 1548640939, 1548641833, 894),
(2027, 1, 1548641992, 1548642396, 404),
(2028, 1, 1548642423, 1548642716, 293),
(2030, 1, 1548642882, 1548644392, 1510),
(2042, 1, 1548644517, 1548644897, 380),
(2045, 1, 1548644942, 1548645499, 557),
(2051, 1, 1548646009, 1548646899, 890),
(2060, 1, 1548646919, 1548648079, 1160),
(2070, 1, 1548651999, 1548652252, 253),
(2072, 1, 1548652285, 1548654016, 1731),
(2106, 1, 1548654125, 1548655012, 887),
(2115, 1, 1548655327, 1548655569, 242),
(2116, 1, 1548655641, 1548655979, 338),
(2119, 1, 1548656148, 1548660369, 4221),
(2144, 1, 1548660394, 1548660744, 350),
(2145, 1, 1548660802, 1548661293, 491),
(2149, 1, 1548661387, 1548661567, 180),
(2150, 1, 1548661577, 1548662575, 998),
(2169, 1, 1548662621, 1548663587, 966),
(2173, 1, 1548663630, 1548667779, 4149),
(2201, 1, 1548667847, 1548668178, 331),
(2202, 1, 1548721944, 1548722129, 185),
(2203, 1, 1548722734, 1548722967, 233),
(2204, 1, 1548723409, 1548724856, 1447),
(2209, 1, 1548725832, 1548726055, 223),
(2210, 1, 1548726072, 1548726273, 201),
(2211, 1, 1548726275, 1548726462, 187),
(2212, 1, 1548732079, 1548732516, 437),
(2213, 1, 1548732902, 1548733757, 855),
(2216, 1, 1548733807, 1548733987, 180),
(2217, 1, 1548738501, 1548738681, 180),
(2218, 1, 1548739637, 1548740133, 496),
(2221, 1, 1548740303, 1548740961, 658),
(2223, 1, 1548742618, 1548742835, 217),
(2224, 1, 1548743638, 1548743823, 185),
(2226, 1, 1548743877, 1548744093, 216),
(2242, 1, 1548744220, 1548744541, 321),
(2243, 1, 1548745367, 1548745638, 271),
(2244, 1, 1548745867, 1548746155, 288),
(2245, 1, 1548747194, 1548747575, 381),
(2246, 1, 1548748815, 1548749743, 928),
(2250, 1, 1548750015, 1548750762, 747),
(2253, 1, 1548750797, 1548751162, 365),
(2254, 1, 1548751272, 1548751549, 277),
(2255, 1, 1548752794, 1548753356, 562),
(2265, 1, 1548756033, 1548756215, 182),
(2266, 1, 1548760514, 1548760808, 294),
(2268, 1, 1548761188, 1548762191, 1003),
(2273, 1, 1548762392, 1548763065, 673),
(2275, 1, 1548763074, 1548764050, 976),
(2281, 1, 1548764496, 1548765226, 730),
(2288, 1, 1548766238, 1548766811, 573),
(2293, 1, 1548766902, 1548767199, 297),
(2294, 1, 1548767557, 1548769162, 1605),
(2312, 1, 1548769859, 1548770045, 186),
(2313, 1, 1548809024, 1548809210, 186),
(2314, 1, 1548809495, 1548809811, 316),
(2315, 1, 1548810174, 1548810354, 180),
(2316, 1, 1548810525, 1548810999, 474),
(2317, 1, 1548811366, 1548811746, 380),
(2318, 1, 1548811754, 1548812515, 761),
(2319, 1, 1548812740, 1548813713, 973),
(2323, 1, 1548814013, 1548814274, 261),
(2324, 1, 1548814285, 1548815498, 1213),
(2325, 1, 1548815611, 1548815968, 357),
(2326, 1, 1548816017, 1548816902, 885),
(2327, 1, 1548816903, 1548817455, 552),
(2328, 1, 1548818025, 1548818216, 191),
(2329, 1, 1548818393, 1548818705, 312),
(2330, 1, 1548818988, 1548819170, 182),
(2331, 1, 1548819189, 1548820358, 1169),
(2332, 1, 1548820410, 1548821011, 601),
(2333, 1, 1548824544, 1548824724, 180),
(2334, 1, 1548824817, 1548825078, 261),
(2335, 1, 1548825100, 1548825546, 446),
(2336, 1, 1548826160, 1548826560, 400),
(2337, 1, 1548827037, 1548827427, 390),
(2338, 1, 1548827436, 1548827661, 225),
(2339, 1, 1548828186, 1548828366, 180),
(2340, 1, 1548828693, 1548828873, 180),
(2341, 1, 1548828936, 1548829573, 637),
(2342, 1, 1548829611, 1548829801, 190),
(2343, 1, 1548830166, 1548830346, 180),
(2344, 1, 1548830652, 1548832523, 1871),
(2358, 1, 1548834547, 1548835000, 453),
(2371, 1, 1548837556, 1548837786, 230),
(2372, 1, 1548837805, 1548837994, 189),
(2373, 1, 1548838205, 1548838518, 313),
(2374, 1, 1548838777, 1548839471, 694),
(2376, 1008, 1548838910, 1548839786, 876),
(2383, 1, 1548839485, 1548840163, 678),
(2386, 1, 1548840325, 1548840562, 237),
(2387, 1, 1548844111, 1548844302, 191),
(2388, 1, 1548844372, 1548844558, 186),
(2389, 1, 1548845073, 1548845308, 235),
(2391, 1, 1548845888, 1548846329, 441),
(2406, 1, 1548847799, 1548848116, 317),
(2409, 1, 1548894960, 1548895186, 226),
(2410, 1, 1548899265, 1548899508, 243),
(2412, 1, 1548919884, 1548920153, 269),
(2413, 1, 1548923211, 1548923507, 296),
(2414, 1, 1548923581, 1548923764, 183),
(2415, 1, 1549007807, 1549007992, 185),
(2416, 1, 1549074940, 1549075128, 188),
(2417, 1, 1549078153, 1549078637, 484),
(2418, 1, 1549078740, 1549079069, 329),
(2419, 1, 1550983526, 1550983815, 289),
(2420, 1, 1550983866, 1550984051, 185),
(2421, 1, 1550984711, 1550985791, 1080),
(2422, 1, 1550986417, 1550986597, 180),
(2423, 1, 1550987099, 1550987362, 263),
(2424, 1, 1550988192, 1550988372, 180),
(2425, 1, 1550988390, 1550989410, 1020),
(2428, 1, 1550989461, 1550990900, 1439),
(2429, 1, 1550990919, 1550991450, 531),
(2430, 1, 1550991502, 1550991937, 435),
(2432, 1, 1550991969, 1550992656, 687),
(2437, 1, 1550992707, 1550992887, 180),
(2438, 1, 1550993047, 1550993877, 830),
(2440, 1, 1550993883, 1550995244, 1361),
(2446, 1, 1550995341, 1550996250, 909),
(2450, 1, 1551062578, 1551062758, 180),
(2451, 1, 1551063466, 1551063933, 467),
(2452, 1, 1551064502, 1551064996, 494),
(2453, 1, 1551065158, 1551066167, 1009),
(2456, 1, 1551066893, 1551067073, 180),
(2457, 1, 1551068496, 1551068766, 270),
(2458, 1, 1551069181, 1551069998, 817),
(2459, 1, 1551070351, 1551070531, 180),
(2460, 1, 1551071034, 1551071645, 611),
(2461, 1, 1551074675, 1551075726, 1051),
(2472, 1, 1551075984, 1551076180, 196),
(2475, 1, 1551076322, 1551076822, 500),
(2476, 1, 1551077103, 1551079179, 2076),
(2477, 1, 1551079456, 1551079654, 198),
(2478, 1, 1551080399, 1551081027, 628),
(2479, 1, 1551081357, 1551081736, 379),
(2480, 1, 1551082027, 1551082477, 450),
(2481, 1, 1551082491, 1551082875, 384),
(2482, 1, 1551083081, 1551083281, 200),
(2483, 1, 1551083467, 1551083647, 180),
(2484, 1, 1551083734, 1551084282, 548),
(2485, 1008, 1551083888, 1551084068, 180),
(2486, 1, 1551084439, 1551085440, 1001),
(2487, 1, 1551086644, 1551086863, 219),
(2488, 1, 1551098152, 1551098332, 180),
(2489, 1, 1551098413, 1551099022, 609),
(2490, 1, 1551099115, 1551099295, 180),
(2491, 1, 1551099315, 1551099531, 216),
(2492, 1, 1551099645, 1551099825, 180),
(2493, 1, 1551100275, 1551100574, 299),
(2494, 1, 1551166460, 1551166640, 180),
(2495, 1, 1551173089, 1551173462, 373),
(2496, 1, 1551173590, 1551174112, 522),
(2497, 1, 1551174326, 1551174506, 180),
(2498, 1, 1551181543, 1551182069, 526),
(2499, 1, 1551182564, 1551182751, 187),
(2500, 1, 1551182812, 1551183010, 198),
(2501, 1, 1551183284, 1551183516, 232),
(2502, 1, 1551183566, 1551184132, 566),
(2503, 1, 1551229479, 1551229765, 286),
(2504, 1, 1551231135, 1551231321, 186),
(2505, 1, 1551246234, 1551246576, 342),
(2506, 1, 1551248032, 1551248215, 183),
(2507, 1, 1551254669, 1551254849, 180),
(2508, 1, 1551276928, 1551277374, 446),
(2509, 1, 1551316429, 1551316778, 349),
(2510, 1, 1551318705, 1551318981, 276),
(2511, 1, 1551318988, 1551319241, 253),
(2512, 1, 1551319243, 1551319577, 334),
(2513, 1, 1551319635, 1551319954, 319),
(2514, 1, 1551319957, 1551320137, 180),
(2515, 1, 1551320193, 1551320549, 356),
(2516, 1, 1551320697, 1551320957, 260),
(2517, 1, 1551321129, 1551321334, 205),
(2518, 1, 1551322306, 1551322768, 462),
(2519, 1, 1551322989, 1551323231, 242),
(2520, 1, 1551346632, 1551346857, 225),
(2521, 1, 1551347191, 1551347380, 189),
(2522, 1, 1551358227, 1551358414, 187),
(2523, 1, 1551362279, 1551362583, 304),
(2524, 1, 1551366509, 1551366689, 180),
(2525, 1, 1551370105, 1551370295, 190),
(2526, 1, 1551370365, 1551370822, 457),
(2527, 1, 1551370927, 1551371512, 585),
(2528, 1, 1551371598, 1551372633, 1035),
(2529, 1, 1551372761, 1551372961, 200),
(2530, 1, 1551372964, 1551373195, 231),
(2531, 1, 1551373265, 1551373554, 289),
(2532, 1, 1551374209, 1551374453, 244),
(2533, 1, 1551374480, 1551374757, 277),
(2534, 1, 1551374796, 1551375935, 1139),
(2535, 1, 1551376066, 1551376764, 698),
(2536, 1, 1551401213, 1551401410, 197),
(2537, 1, 1551401420, 1551401600, 180),
(2538, 1, 1551401680, 1551401873, 193),
(2539, 1, 1551401973, 1551402169, 196),
(2540, 1, 1551402320, 1551402777, 457),
(2541, 1, 1551402844, 1551403328, 484),
(2542, 1, 1551403442, 1551403889, 447),
(2543, 1, 1551403986, 1551405133, 1147),
(2549, 1, 1551405189, 1551405400, 211),
(2551, 1, 1551405458, 1551405818, 360),
(2552, 1, 1551406153, 1551407137, 984),
(2558, 1, 1551407384, 1551409243, 1859),
(2560, 1, 1551409425, 1551409610, 185),
(2562, 1, 1551409640, 1551410145, 505),
(2563, 1, 1551410296, 1551410554, 258),
(2564, 1, 1551410837, 1551411561, 724),
(2565, 1, 1551412407, 1551412760, 353),
(2566, 1, 1551412920, 1551413206, 286),
(2567, 1, 1551414097, 1551414825, 728),
(2568, 1, 1551414950, 1551415254, 304),
(2569, 1, 1551415322, 1551415998, 676),
(2570, 1, 1551417907, 1551418221, 314),
(2571, 1, 1551418337, 1551418836, 499),
(2572, 1, 1551418847, 1551419178, 331),
(2573, 1, 1551419425, 1551419880, 455),
(2574, 1, 1551420117, 1551420422, 305),
(2575, 1, 1551420442, 1551420635, 193),
(2576, 1, 1551420892, 1551421163, 271),
(2577, 1, 1551422016, 1551422457, 441),
(2578, 1, 1551422883, 1551424317, 1434),
(2580, 1, 1551424429, 1551424613, 184),
(2581, 1, 1551424778, 1551426071, 1293),
(2583, 1, 1551427044, 1551427310, 266),
(2584, 1, 1551427468, 1551427688, 220),
(2585, 1, 1551427934, 1551428218, 284),
(2586, 1, 1551428727, 1551428946, 219),
(2587, 1, 1551428956, 1551429136, 180),
(2588, 1, 1551429166, 1551429346, 180),
(2589, 1, 1551429419, 1551430308, 889),
(2590, 1, 1551440814, 1551441395, 581),
(2591, 1, 1551441404, 1551441637, 233),
(2592, 1, 1551441698, 1551441978, 280),
(2593, 1, 1551442197, 1551442526, 329),
(2594, 1, 1551442695, 1551443649, 954),
(2595, 1, 1551443715, 1551444911, 1196),
(2597, 1, 1551446963, 1551447189, 226),
(2598, 1, 1551447450, 1551448219, 769),
(2599, 1, 1551448334, 1551448608, 274),
(2601, 1, 1551448976, 1551449708, 732),
(2602, 1, 1551449847, 1551450069, 222),
(2603, 1, 1551452693, 1551453387, 694),
(2604, 1, 1551453453, 1551453795, 342),
(2605, 1, 1551458399, 1551458608, 209),
(2606, 1, 1551495386, 1551495787, 401),
(2607, 1, 1551495811, 1551496163, 352),
(2608, 1, 1551503775, 1551504575, 800),
(2609, 1, 1551504980, 1551505650, 670),
(2610, 1, 1551509377, 1551509665, 288),
(2611, 1, 1551509694, 1551510308, 614),
(2612, 1, 1551511269, 1551511628, 359),
(2613, 1, 1551511711, 1551511901, 190),
(2614, 1, 1551511945, 1551512737, 792),
(2615, 1, 1551512739, 1551513330, 591),
(2616, 1, 1551576058, 1551576530, 472),
(2617, 1, 1551576571, 1551576799, 228),
(2618, 1, 1551576846, 1551577026, 180),
(2619, 1, 1551577348, 1551577530, 182),
(2620, 1, 1551577547, 1551577735, 188),
(2621, 1, 1551578341, 1551578521, 180),
(2622, 1, 1551579328, 1551579706, 378),
(2623, 1, 1551579926, 1551580518, 592),
(2624, 1, 1551580532, 1551580795, 263),
(2625, 1, 1551609632, 1551609812, 180),
(2626, 1, 1551610293, 1551610653, 360),
(2627, 1, 1551614281, 1551614822, 541),
(2628, 1, 1551615192, 1551615374, 182),
(2629, 1, 1551617918, 1551618098, 180),
(2630, 1, 1551618256, 1551618436, 180),
(2631, 1, 1551619820, 1551620344, 524),
(2632, 1, 1551659443, 1551659821, 378),
(2633, 1, 1551660288, 1551660794, 506),
(2634, 1, 1551661205, 1551661553, 348),
(2635, 1, 1551661758, 1551662074, 316),
(2636, 1, 1551662664, 1551662863, 199),
(2637, 1, 1551663450, 1551663743, 293),
(2639, 1, 1551663789, 1551663985, 196),
(2640, 1, 1551664303, 1551664847, 544),
(2644, 1, 1551664984, 1551665518, 534),
(2645, 1, 1551666610, 1551666973, 363),
(2646, 1, 1551667008, 1551667447, 439),
(2647, 1, 1551668749, 1551669119, 370),
(2648, 1, 1551669392, 1551669651, 259),
(2649, 1, 1551669707, 1551670219, 512),
(2650, 1, 1551670322, 1551670502, 180),
(2651, 1, 1551670561, 1551671053, 492),
(2654, 1, 1551671504, 1551672269, 765),
(2655, 1, 1551676500, 1551677129, 629),
(2656, 1, 1551677185, 1551677423, 238),
(2657, 1, 1551677552, 1551678053, 501),
(2658, 1, 1551678102, 1551678622, 520),
(2659, 1, 1551678720, 1551679114, 394),
(2660, 1, 1551679323, 1551679841, 518),
(2661, 1, 1551681313, 1551681601, 288),
(2662, 1, 1551682478, 1551682658, 180),
(2663, 1, 1551682739, 1551683992, 1253),
(2667, 1, 1551684060, 1551684891, 831),
(2668, 1, 1551684981, 1551685204, 223),
(2669, 1, 1551685216, 1551685504, 288),
(2670, 1, 1551687615, 1551687795, 180),
(2671, 1, 1551688182, 1551688732, 550),
(2672, 1, 1551688972, 1551690941, 1969),
(2673, 1, 1551691007, 1551691410, 403),
(2674, 1, 1551691467, 1551691856, 389),
(2675, 1, 1551755468, 1551755648, 180),
(2676, 1, 1551765176, 1551765432, 256),
(2677, 1, 1551765465, 1551765645, 180),
(2678, 1, 1551765744, 1551765953, 209),
(2679, 1, 1551767932, 1551768212, 280),
(2680, 1, 1551769010, 1551769190, 180),
(2681, 1, 1551769217, 1551769485, 268),
(2682, 1, 1551769732, 1551770207, 475),
(2683, 1, 1551770271, 1551770619, 348),
(2684, 1, 1551770827, 1551771007, 180),
(2685, 1, 1551771016, 1551771196, 180),
(2686, 1, 1551771312, 1551772053, 741),
(2688, 1, 1551772203, 1551772651, 448),
(2689, 1, 1551772705, 1551773316, 611),
(2691, 1, 1551773971, 1551774345, 374),
(2692, 1, 1551774437, 1551774747, 310),
(2693, 1, 1551776272, 1551776575, 303),
(2694, 1, 1551776648, 1551776929, 281),
(2695, 1, 1551777291, 1551777587, 296),
(2696, 1, 1551777656, 1551778563, 907),
(2697, 1, 1551782274, 1551782496, 222),
(2698, 1, 1551782617, 1551783293, 676),
(2700, 1, 1551784392, 1551784579, 187),
(2701, 1, 1551786556, 1551787202, 646),
(2702, 1, 1551787218, 1551787398, 180),
(2703, 1, 1551787509, 1551788044, 535),
(2704, 1, 1551788075, 1551788255, 180),
(2705, 1, 1551788399, 1551788619, 220),
(2706, 1, 1551788690, 1551789327, 637),
(2707, 1, 1551789349, 1551789529, 180),
(2708, 1, 1551834306, 1551834486, 180),
(2709, 1, 1551834746, 1551835501, 755),
(2714, 1, 1551835510, 1551835690, 180),
(2715, 1, 1551835792, 1551835972, 180),
(2716, 1, 1551836768, 1551836948, 180),
(2717, 1, 1551836987, 1551837167, 180),
(2718, 1, 1551837872, 1551838506, 634),
(2719, 1, 1551838605, 1551839601, 996),
(2720, 1, 1551840046, 1551840226, 180),
(2722, 1, 1551840775, 1551842768, 1993),
(2725, 1, 1551842879, 1551843059, 180),
(2726, 1, 1551843131, 1551843739, 608),
(2727, 1, 1551843792, 1551844152, 360),
(2728, 1, 1551844173, 1551844583, 410),
(2730, 1, 1551846563, 1551846743, 180),
(2731, 1, 1551846750, 1551847061, 311),
(2732, 1, 1551847140, 1551847320, 180),
(2733, 1, 1551847528, 1551847708, 180),
(2734, 1, 1551847919, 1551848216, 297),
(2735, 1, 1551848410, 1551848615, 205),
(2736, 1, 1551848684, 1551849527, 843),
(2737, 1, 1551850813, 1551851047, 234),
(2738, 1, 1551851478, 1551851668, 190),
(2739, 1, 1551852091, 1551852271, 180),
(2740, 1, 1551852282, 1551852524, 242),
(2741, 1, 1551853504, 1551853954, 450),
(2742, 1, 1551854290, 1551855283, 993),
(2743, 1, 1551855328, 1551855613, 285),
(2744, 1, 1551857087, 1551857267, 180),
(2745, 1, 1551858297, 1551858593, 296),
(2746, 1, 1551859443, 1551859623, 180),
(2747, 1, 1551859788, 1551859968, 180),
(2748, 1, 1551860349, 1551861650, 1301),
(2749, 1, 1551861828, 1551862194, 366),
(2750, 1, 1551862235, 1551862596, 361),
(2751, 1, 1551862637, 1551862917, 280),
(2752, 1, 1551864126, 1551864404, 278),
(2753, 1, 1551869847, 1551870027, 180),
(2754, 1, 1551870445, 1551870899, 454),
(2755, 1, 1551873046, 1551873979, 933),
(2756, 1, 1551874032, 1551874871, 839),
(2757, 1, 1551875017, 1551875197, 180),
(2758, 1, 1551875346, 1551875608, 262),
(2759, 1, 1551875649, 1551876150, 501),
(2763, 1, 1551876207, 1551876423, 216),
(2764, 1, 1551876457, 1551877220, 763),
(2765, 1, 1551877506, 1551877686, 180),
(2766, 1, 1551877819, 1551877999, 180),
(2767, 1, 1551878191, 1551878697, 506),
(2768, 1, 1551879859, 1551880039, 180),
(2769, 1, 1551880140, 1551880324, 184),
(2770, 1, 1551881135, 1551882480, 1345),
(2771, 1, 1551882534, 1551883500, 966),
(2772, 1, 1551883625, 1551883808, 183),
(2773, 1, 1551884940, 1551885120, 180),
(2774, 1, 1551885142, 1551885452, 310),
(2775, 1, 1551885789, 1551886413, 624),
(2776, 1, 1551894363, 1551894749, 386),
(2777, 1, 1551894800, 1551895255, 455),
(2778, 1, 1551895377, 1551895620, 243),
(2779, 1, 1551895968, 1551896148, 180),
(2780, 1, 1551896207, 1551896816, 609),
(2781, 1, 1551896852, 1551899351, 2499),
(2782, 1, 1551899373, 1551899599, 226),
(2783, 1, 1551899619, 1551901571, 1952),
(2784, 1, 1551913484, 1551914220, 736),
(2785, 1008, 1551919246, 1551919426, 180),
(2786, 1, 1558320498, 1558320709, 211),
(2787, 1, 1558321557, 1558321748, 191),
(2788, 1, 1558705008, 1558705188, 180),
(2789, 1, 1558758077, 1558758321, 244),
(2790, 1, 1558762432, 1558762612, 180),
(2791, 1, 1558767109, 1558767569, 460),
(2792, 1, 1558767813, 1558768057, 244),
(2793, 1, 1558768068, 1558769190, 1122),
(2794, 1, 1558769426, 1558770052, 626),
(2795, 1, 1558770054, 1558770380, 326),
(2796, 1, 1558770448, 1558770660, 212),
(2797, 1, 1558770668, 1558771720, 1052),
(2801, 1, 1558771791, 1558772888, 1097),
(2805, 1, 1558772947, 1558777094, 4147),
(2807, 1, 1558777766, 1558778189, 423),
(2808, 1, 1558778334, 1558778612, 278),
(2809, 1, 1558778951, 1558779180, 229),
(2810, 1, 1558785499, 1558785863, 364),
(2811, 1, 1558785874, 1558787254, 1380),
(2826, 1, 1558787505, 1558788176, 671),
(2828, 1, 1558788240, 1558788797, 557),
(2830, 1, 1558789354, 1558789976, 622),
(2834, 1, 1558790046, 1558790713, 667),
(2837, 1, 1558791271, 1558793609, 2338),
(2842, 1, 1558793618, 1558793947, 329),
(2843, 1, 1558794082, 1558794498, 416),
(2847, 1, 1558794504, 1558794807, 303),
(2849, 1, 1558794841, 1558795190, 349),
(2852, 1, 1558795400, 1558795974, 574),
(2853, 1, 1558795976, 1558796282, 306),
(2854, 1, 1558796445, 1558796748, 303),
(2856, 1, 1558796872, 1558797106, 234),
(2857, 1, 1558797221, 1558798013, 792),
(2862, 1, 1558798080, 1558799614, 1534),
(2864, 1, 1558799986, 1558800994, 1008),
(2865, 1, 1558851188, 1558852067, 879),
(2866, 1, 1558853163, 1558854236, 1073),
(2867, 1, 1558854448, 1558854987, 539),
(2868, 1, 1558855071, 1558855317, 246),
(2869, 1, 1558855583, 1558855833, 250),
(2870, 1, 1558856744, 1558859451, 2707),
(2882, 1, 1558859511, 1558859886, 375),
(2883, 1, 1558859901, 1558861857, 1956),
(2885, 1, 1558865425, 1558865965, 540),
(2886, 1, 1558871615, 1558871835, 220),
(2887, 1, 1558871940, 1558873455, 1515),
(2897, 1, 1558873458, 1558875060, 1602),
(2901, 1, 1558875088, 1558875315, 227),
(2902, 1, 1558875385, 1558877411, 2026),
(2916, 1, 1558877417, 1558878598, 1181),
(2920, 1, 1558878610, 1558879648, 1038),
(2921, 1, 1558879751, 1558880866, 1115),
(2922, 1010, 1558950542, 1558950860, 318),
(2923, 1010, 1558950955, 1558951229, 274),
(2928, 1010, 1558951643, 1558951827, 184),
(2929, 1010, 1558951923, 1558952105, 182),
(2930, 1010, 1558952156, 1558952352, 196),
(2931, 1, 1558952176, 1558952356, 180),
(2932, 1, 1558956177, 1558956376, 199),
(2933, 1010, 1558983499, 1558984789, 1290),
(2934, 1010, 1559003041, 1559003245, 204),
(2935, 1010, 1559003609, 1559004058, 449),
(2936, 1010, 1559004407, 1559004589, 182),
(2937, 1010, 1559004726, 1559005784, 1058),
(2938, 1010, 1559005927, 1559006771, 844),
(2939, 1010, 1559006835, 1559007905, 1070),
(2940, 1010, 1559007991, 1559008174, 183),
(2941, 1010, 1559008614, 1559008794, 180),
(2942, 1010, 1559010555, 1559011086, 531),
(2943, 1010, 1559011097, 1559012107, 1010),
(2945, 1010, 1559012113, 1559012600, 487),
(2946, 1010, 1559012823, 1559014470, 1647),
(2947, 1010, 1559014504, 1559014729, 225),
(2948, 1010, 1559016158, 1559016615, 457),
(2949, 1010, 1559020179, 1559020485, 306),
(2950, 1010, 1559020766, 1559021129, 363),
(2951, 1010, 1559023171, 1559023351, 180),
(2952, 1010, 1559025727, 1559025911, 184),
(2953, 1010, 1559030042, 1559032333, 2291),
(2954, 1010, 1559033460, 1559033640, 180),
(2955, 1, 1559039550, 1559039746, 196),
(2956, 1, 1559100825, 1559101117, 292),
(2957, 1010, 1559279730, 1559279910, 180),
(2958, 1010, 1559292728, 1559292908, 180),
(2959, 1010, 1559293762, 1559295624, 1862),
(2960, 1010, 1559295773, 1559296174, 401),
(2961, 1010, 1559296302, 1559296500, 198),
(2962, 1010, 1559296898, 1559297078, 180),
(2963, 1010, 1559404059, 1559404774, 715),
(2965, 1010, 1559404893, 1559405076, 183),
(2966, 1010, 1559405124, 1559405442, 318),
(2967, 1010, 1559406072, 1559406252, 180),
(2968, 1010, 1559406318, 1559406498, 180),
(2969, 1010, 1559478083, 1559478263, 180),
(2970, 1010, 1559478814, 1559479122, 308),
(2971, 1010, 1559479464, 1559479947, 483),
(2972, 1010, 1559479964, 1559480217, 253),
(2973, 1010, 1559480228, 1559481787, 1559),
(2981, 1010, 1559518609, 1559518789, 180),
(2982, 1010, 1559522288, 1559522511, 223),
(2983, 1, 1559523631, 1559523819, 188),
(2984, 1, 1559526502, 1559527000, 498),
(2985, 1011, 1559529726, 1559530109, 383),
(2986, 1011, 1559530473, 1559530695, 222),
(2987, 1011, 1559530707, 1559530887, 180),
(2988, 1, 1559532820, 1559533011, 191),
(2989, 1, 1559533956, 1559534144, 188),
(2990, 1, 1559536314, 1559536774, 460),
(2991, 1, 1559536790, 1559537417, 627),
(2992, 1, 1559538223, 1559538537, 314),
(2993, 1, 1559538945, 1559539134, 189),
(2994, 1, 1559539219, 1559539410, 191),
(2995, 1, 1559539542, 1559539878, 336),
(2996, 1, 1559540413, 1559540661, 248),
(2997, 1, 1559540792, 1559540977, 185),
(2998, 1, 1559540997, 1559541182, 185),
(2999, 1, 1559541680, 1559541877, 197),
(3000, 1, 1559542107, 1559542298, 191),
(3001, 1, 1559545343, 1559545700, 357),
(3002, 1011, 1559547755, 1559547949, 194),
(3003, 1011, 1559549035, 1559549215, 180),
(3004, 1011, 1559549221, 1559549495, 274),
(3005, 1011, 1559550204, 1559550397, 193),
(3007, 1011, 1559553633, 1559554006, 373),
(3009, 1011, 1559554171, 1559554351, 180),
(3010, 1011, 1559554427, 1559555075, 648),
(3011, 1011, 1559555217, 1559555430, 213),
(3012, 1011, 1559556150, 1559556378, 228),
(3013, 1010, 1559571195, 1559571375, 180),
(3014, 1011, 1559613959, 1559614139, 180),
(3015, 1, 1559618320, 1559618500, 180),
(3016, 1011, 1559619294, 1559619478, 184),
(3017, 1011, 1559619583, 1559619842, 259),
(3018, 1011, 1559620138, 1559620727, 589),
(3019, 1011, 1559620807, 1559621168, 361),
(3020, 1011, 1559627599, 1559627779, 180),
(3021, 1011, 1559627928, 1559628179, 251),
(3022, 1010, 1559628330, 1559628617, 287),
(3023, 1010, 1559628637, 1559629392, 755),
(3026, 1011, 1559696468, 1559696791, 323),
(3027, 1011, 1559697024, 1559697204, 180),
(3028, 1011, 1559697608, 1559697788, 180),
(3029, 1011, 1559698985, 1559699303, 318),
(3030, 1011, 1559699306, 1559699827, 521),
(3031, 1011, 1559702051, 1559702315, 264),
(3032, 1011, 1559703236, 1559703423, 187),
(3033, 1011, 1559703951, 1559704232, 281),
(3034, 1011, 1559704405, 1559705039, 634),
(3035, 1011, 1559705224, 1559705409, 185),
(3036, 1011, 1559705702, 1559705941, 239),
(3037, 1011, 1559706038, 1559706358, 320),
(3038, 1011, 1559706509, 1559706907, 398),
(3039, 1011, 1559706933, 1559707135, 202),
(3040, 1011, 1559713031, 1559713388, 357),
(3041, 1011, 1559713523, 1559713789, 266),
(3042, 1011, 1559713862, 1559714048, 186),
(3043, 1011, 1559714677, 1559715443, 766),
(3044, 1011, 1559715449, 1559716393, 944),
(3045, 1011, 1559716705, 1559717270, 565),
(3046, 1011, 1559717281, 1559717545, 264),
(3047, 1011, 1559727334, 1559727573, 239),
(3048, 1011, 1559727613, 1559727817, 204),
(3049, 1011, 1559727970, 1559728190, 220),
(3050, 1011, 1559728485, 1559728820, 335),
(3051, 1011, 1559728907, 1559729104, 197),
(3052, 1011, 1559729255, 1559729475, 220),
(3053, 1011, 1559729834, 1559730018, 184),
(3054, 1011, 1559730041, 1559730271, 230),
(3055, 1012, 1559802252, 1559804265, 2013),
(3059, 1012, 1559804906, 1559805340, 434),
(3060, 1010, 1559815814, 1559815994, 180),
(3061, 1, 1560070617, 1560070930, 313),
(3062, 1012, 1560148165, 1560148734, 569),
(3064, 1012, 1560148943, 1560150082, 1139),
(3066, 1012, 1560150094, 1560150586, 492),
(3067, 1011, 1560151997, 1560152177, 180),
(3068, 1011, 1560153366, 1560154034, 668),
(3069, 1011, 1560154089, 1560154461, 372),
(3070, 1011, 1560154513, 1560154821, 308),
(3071, 1010, 1560229463, 1560229657, 194),
(3072, 1010, 1560229675, 1560230307, 632),
(3074, 1011, 1560231808, 1560231988, 180),
(3075, 1010, 1560232475, 1560232875, 400),
(3076, 1010, 1560234170, 1560235460, 1290),
(3077, 1010, 1560235640, 1560236777, 1137),
(3078, 1, 1560235946, 1560236147, 201),
(3079, 1010, 1560236877, 1560237213, 336),
(3080, 1010, 1560237279, 1560237921, 642),
(3081, 1012, 1560330561, 1560330769, 208),
(3082, 1, 1560400338, 1560400684, 346),
(3083, 1012, 1560472182, 1560472386, 204),
(3084, 1010, 1560493403, 1560493583, 180),
(3085, 1010, 1560493592, 1560494300, 708),
(3086, 1010, 1560495169, 1560495349, 180),
(3087, 1010, 1560495960, 1560496462, 502),
(3088, 1010, 1560497648, 1560497852, 204),
(3089, 1010, 1560497884, 1560498241, 357),
(3090, 1010, 1560498405, 1560498611, 206),
(3091, 1010, 1560499315, 1560499738, 423),
(3092, 1010, 1560499799, 1560499979, 180),
(3093, 1010, 1560501194, 1560501374, 180),
(3094, 1010, 1560567420, 1560567607, 187),
(3095, 1010, 1560568512, 1560568729, 217),
(3096, 1010, 1560568813, 1560569315, 502),
(3097, 1010, 1560569696, 1560570180, 484),
(3098, 1010, 1560570835, 1560571035, 200),
(3099, 1010, 1560571263, 1560571455, 192),
(3100, 1010, 1560589694, 1560590123, 429),
(3101, 1010, 1560590132, 1560590528, 396),
(3102, 1010, 1560590682, 1560591102, 420),
(3103, 1010, 1560591434, 1560591848, 414),
(3104, 1010, 1560591975, 1560592373, 398),
(3105, 1010, 1560592427, 1560593181, 754),
(3106, 1010, 1560593410, 1560594600, 1190),
(3107, 1010, 1560595380, 1560595779, 399),
(3108, 1010, 1560596261, 1560596448, 187),
(3109, 1010, 1560596455, 1560596635, 180),
(3110, 1010, 1560597420, 1560597830, 410),
(3111, 1010, 1560598320, 1560598579, 259),
(3112, 1010, 1560598823, 1560599013, 190),
(3113, 1010, 1560600107, 1560600910, 803),
(3114, 1010, 1560601017, 1560601238, 221),
(3115, 1010, 1560601880, 1560602060, 180),
(3116, 1010, 1560699630, 1560700076, 446),
(3117, 1010, 1560702968, 1560703151, 183),
(3118, 1010, 1560703173, 1560703358, 185),
(3119, 1010, 1560705487, 1560705667, 180),
(3120, 1010, 1560712430, 1560713056, 626),
(3121, 1010, 1560744998, 1560745464, 466),
(3122, 1010, 1560745591, 1560745914, 323),
(3123, 1010, 1560746564, 1560746756, 192),
(3124, 1, 1560764058, 1560764480, 422),
(3125, 1010, 1560820957, 1560821140, 183),
(3126, 1010, 1560841640, 1560841827, 187),
(3127, 1010, 1560841893, 1560842824, 931),
(3128, 1, 1560842915, 1560843099, 184),
(3129, 1, 1560920648, 1560920917, 269),
(3130, 1, 1560921038, 1560921401, 363),
(3131, 1, 1560992168, 1560992348, 180),
(3132, 1, 1560992617, 1560993015, 398),
(3133, 1010, 1560995055, 1560995251, 196),
(3134, 1010, 1560995716, 1560995900, 184),
(3135, 1010, 1560996219, 1560996643, 424),
(3136, 1010, 1560997229, 1560997442, 213),
(3137, 1, 1561108671, 1561109058, 387),
(3138, 1, 1561109179, 1561109597, 418),
(3139, 1, 1561109738, 1561110402, 664),
(3142, 1, 1561110575, 1561110780, 205),
(3144, 1, 1561183750, 1561183959, 209),
(3145, 1, 1561184728, 1561184919, 191),
(3146, 1, 1561186495, 1561186675, 180),
(3147, 1010, 1561189092, 1561190039, 947),
(3148, 1010, 1561190609, 1561191019, 410),
(3149, 1010, 1561191602, 1561192208, 606),
(3150, 1010, 1561192255, 1561192656, 401),
(3151, 1010, 1561192852, 1561193069, 217),
(3152, 1010, 1561193701, 1561193885, 184),
(3153, 1010, 1561194358, 1561194538, 180),
(3154, 1, 1561217051, 1561217233, 182);
INSERT INTO `js_online` (`jsol_sn`, `jsuser_sn`, `jsol_start`, `jsol_end`, `jsol_count`) VALUES
(3155, 1, 1561221423, 1561221603, 180),
(3156, 1, 1561222780, 1561223190, 410),
(3158, 1, 1561263979, 1561264284, 305),
(3164, 1, 1561266121, 1561266301, 180),
(3165, 1, 1561276408, 1561276588, 180),
(3166, 1, 1561277370, 1561277578, 208),
(3167, 1, 1561278037, 1561278224, 187),
(3168, 1, 1561278853, 1561279033, 180),
(3169, 1, 1561279389, 1561279631, 242),
(3170, 1, 1561289245, 1561289728, 483),
(3171, 1, 1561290017, 1561290219, 202),
(3172, 1, 1561290565, 1561290950, 385),
(3173, 1, 1561297779, 1561297965, 186),
(3174, 1010, 1561316475, 1561316849, 374),
(3175, 1010, 1561317506, 1561317700, 194),
(3176, 1010, 1561349174, 1561349360, 186),
(3177, 1, 1561357232, 1561357520, 288),
(3179, 1010, 1561358379, 1561358559, 180),
(3180, 1, 1561360346, 1561360657, 311),
(3181, 1010, 1561360537, 1561360834, 297),
(3182, 1, 1561360739, 1561361087, 348),
(3183, 1010, 1561360945, 1561361608, 663),
(3184, 1, 1561361176, 1561361534, 358),
(3185, 1, 1561361906, 1561362343, 437),
(3186, 1, 1561366006, 1561366188, 182),
(3187, 1010, 1561381321, 1561381501, 180),
(3188, 1010, 1561381717, 1561381897, 180),
(3189, 1010, 1561393782, 1561393962, 180),
(3190, 1010, 1561457950, 1561458130, 180),
(3191, 1010, 1561491352, 1561491532, 180),
(3192, 1010, 1561520434, 1561520614, 180),
(3193, 1, 1561532262, 1561532442, 180),
(3194, 1, 1561532915, 1561533097, 182),
(3195, 1, 1561534529, 1561534821, 292),
(3196, 1, 1561535054, 1561535334, 280),
(3197, 1, 1561540878, 1561541169, 291),
(3198, 1, 1561542137, 1561543231, 1094),
(3199, 1, 1561543232, 1561543796, 564),
(3200, 1, 1561560452, 1561560670, 218),
(3201, 1, 1561561810, 1561561990, 180),
(3202, 1, 1561562036, 1561562295, 259),
(3203, 1, 1561562321, 1561562501, 180),
(3204, 1, 1561562655, 1561562949, 294),
(3207, 1, 1561563020, 1561563781, 761),
(3208, 1, 1561568844, 1561569024, 180),
(3209, 1010, 1561601002, 1561601361, 359),
(3210, 1010, 1561611892, 1561612088, 196),
(3211, 1, 1561615465, 1561615758, 293),
(3214, 1, 1561615785, 1561615985, 200),
(3215, 1, 1561619372, 1561619565, 193),
(3217, 1, 1561620361, 1561621220, 859),
(3218, 1, 1561621501, 1561621803, 302),
(3219, 1, 1561621859, 1561622313, 454),
(3220, 1, 1561622758, 1561622960, 202),
(3221, 1, 1561622991, 1561625332, 2341),
(3279, 1, 1561625409, 1561625612, 203),
(3281, 1, 1561627881, 1561628070, 189),
(3282, 1, 1561628141, 1561628651, 510),
(3288, 1010, 1561681504, 1561681684, 180),
(3289, 1, 1561682098, 1561682278, 180),
(3290, 1010, 1561682201, 1561682392, 191),
(3291, 1010, 1561682680, 1561684280, 1600),
(3292, 1, 1561697062, 1561697496, 434),
(3294, 1, 1561701032, 1561701544, 512),
(3299, 1, 1561712746, 1561712927, 181),
(3301, 1, 1561713234, 1561713814, 580),
(3308, 1, 1561789536, 1561789721, 185),
(3309, 1, 1561886982, 1561887259, 277),
(3310, 1010, 1561887978, 1561888249, 271),
(3311, 1010, 1561891711, 1561891892, 181),
(3312, 1, 1561902701, 1561902881, 180),
(3313, 1010, 1561940309, 1561940530, 221),
(3315, 1010, 1561941331, 1561941516, 185),
(3316, 1010, 1561941569, 1561941771, 202),
(3317, 1010, 1561941862, 1561944860, 2998),
(3322, 1, 1561945374, 1561945554, 180),
(3323, 1010, 1561955521, 1561958066, 2545),
(3326, 1, 1561962454, 1561962634, 180),
(3327, 1010, 1561963574, 1561963754, 180),
(3328, 1, 1562118317, 1562118525, 208),
(3330, 1, 1562136741, 1562136948, 207),
(3332, 1, 1562141093, 1562141579, 486),
(3339, 1, 1562144446, 1562144696, 250),
(3340, 1, 1562145223, 1562145678, 455),
(3344, 1, 1562145878, 1562146193, 315),
(3345, 1, 1562162619, 1562162853, 234),
(3346, 1, 1562296526, 1562296888, 362),
(3347, 1, 1562297344, 1562297552, 208),
(3349, 1, 1562297653, 1562297978, 325),
(3350, 1, 1562299252, 1562299487, 235),
(3351, 1, 1562299520, 1562299702, 182),
(3352, 1, 1562301366, 1562302195, 829),
(3356, 1, 1562302216, 1562302427, 211),
(3359, 1, 1562303136, 1562303323, 187),
(3360, 1010, 1562305383, 1562305644, 261),
(3361, 1010, 1562306754, 1562307002, 248),
(3362, 1010, 1562310755, 1562311025, 270),
(3363, 1010, 1562311356, 1562311539, 183),
(3364, 1010, 1562311721, 1562312123, 402),
(3365, 1010, 1562314959, 1562315813, 854),
(3366, 1010, 1562315852, 1562316251, 399),
(3368, 1010, 1562316670, 1562316857, 187),
(3369, 1, 1562317979, 1562318257, 278),
(3374, 1, 1562563910, 1562564101, 191),
(3375, 1010, 1562842600, 1562842781, 181),
(3376, 1010, 1562850288, 1562850506, 218),
(3377, 1010, 1562850619, 1562850886, 267),
(3378, 1, 1563163158, 1563163338, 180),
(3379, 1, 1563183229, 1563183455, 226),
(3380, 1, 1563183675, 1563183877, 202),
(3381, 1, 1563253701, 1563254003, 302),
(3384, 1, 1563261684, 1563261894, 210),
(3385, 1, 1563323667, 1563323849, 182),
(3386, 1, 1563327602, 1563327850, 248),
(3389, 1, 1563328074, 1563328494, 420),
(3391, 1, 1563333671, 1563333869, 198),
(3392, 1, 1563333875, 1563334378, 503),
(3394, 1009, 1563334181, 1563334363, 182),
(3398, 1, 1563334760, 1563335806, 1046),
(3407, 1, 1563341460, 1563341829, 369),
(3408, 1, 1563341887, 1563342307, 420),
(3409, 1, 1563342348, 1563342619, 271),
(3411, 1, 1563342854, 1563343042, 188),
(3412, 1, 1563343550, 1563343734, 184),
(3413, 1, 1563343863, 1563344293, 430),
(3414, 1, 1563357837, 1563358027, 190),
(3415, 1, 1563517779, 1563518054, 275),
(3416, 1, 1563518422, 1563518617, 195),
(3417, 1, 1563519058, 1563519534, 476),
(3420, 1, 1563519585, 1563519802, 217),
(3421, 1, 1563520093, 1563520460, 367),
(3424, 1, 1563520798, 1563521030, 232),
(3425, 1, 1563528394, 1563528805, 411),
(3428, 1, 1563590403, 1563590585, 182),
(3429, 1, 1563590771, 1563590968, 197),
(3431, 1, 1563764334, 1563764598, 264),
(3432, 1, 1563788107, 1563788361, 254),
(3433, 1, 1563947413, 1563947596, 183),
(3434, 1, 1563949376, 1563949556, 180),
(3435, 1, 1564724566, 1564724771, 205),
(3436, 1, 1564725605, 1564725788, 183),
(3437, 1, 1564726026, 1564726560, 534),
(3441, 1, 1564728447, 1564728869, 422),
(3443, 1, 1564797796, 1564798026, 230),
(3444, 1, 1564798250, 1564798456, 206),
(3446, 1, 1564798599, 1564798817, 218),
(3447, 1, 1564798895, 1564799143, 248),
(3448, 1, 1564799230, 1564800071, 841),
(3452, 1, 1564800077, 1564800412, 335),
(3453, 1, 1564809674, 1564810109, 435),
(3456, 1, 1564810289, 1564810567, 278),
(3459, 1, 1564810855, 1564811408, 553),
(3460, 1, 1564811713, 1564812028, 315),
(3461, 1, 1564812166, 1564812411, 245),
(3462, 1, 1564812769, 1564813010, 241),
(3464, 1, 1564818896, 1564819076, 180),
(3465, 1, 1564819081, 1564820013, 932),
(3469, 1, 1564820061, 1564820243, 182),
(3470, 1, 1564820247, 1564821388, 1141),
(3476, 1, 1564821395, 1564821691, 296),
(3477, 1, 1564823148, 1564823333, 185),
(3478, 1, 1564823642, 1564823865, 223),
(3479, 1, 1564824002, 1564824296, 294),
(3480, 1, 1564887267, 1564887690, 423),
(3481, 1, 1564887967, 1564888170, 203),
(3482, 1, 1564889359, 1564889567, 208),
(3483, 1, 1565142163, 1565142421, 258),
(3484, 1, 1565145446, 1565145735, 289),
(3485, 1, 1565147801, 1565147981, 180),
(3486, 1, 1565149320, 1565149623, 303),
(3487, 1, 1565150489, 1565150848, 359),
(3488, 1, 1565227094, 1565227275, 181),
(3489, 1, 1565227511, 1565227853, 342),
(3490, 1, 1565227998, 1565228181, 183),
(3491, 1, 1565228285, 1565228467, 182),
(3492, 1, 1565228686, 1565228910, 224),
(3493, 1, 1565228960, 1565229657, 697),
(3494, 1, 1565229684, 1565230370, 686),
(3497, 1, 1565314114, 1565314352, 238),
(3498, 1, 1565338343, 1565338543, 200),
(3499, 1, 1565342742, 1565342931, 189),
(3501, 1, 1565343020, 1565343433, 413),
(3506, 1, 1565579643, 1565579840, 197),
(3507, 1, 1565579942, 1565580135, 193),
(3509, 1, 1565580190, 1565580444, 254),
(3510, 1, 1565941127, 1565941458, 331),
(3512, 1, 1565941523, 1565941802, 279),
(3513, 1, 1565941825, 1565942026, 201),
(3516, 1, 1566005022, 1566005280, 258),
(3517, 1, 1566029885, 1566030065, 180),
(3518, 1, 1566031056, 1566031288, 232),
(3519, 1, 1566031321, 1566031501, 180),
(3520, 1, 1566111815, 1566112001, 186),
(3521, 1, 1566113382, 1566113612, 230),
(3522, 1, 1566113803, 1566114012, 209),
(3523, 1, 1566180765, 1566180948, 183),
(3524, 1, 1566181713, 1566181893, 180),
(3525, 1, 1566182104, 1566182330, 226),
(3526, 1, 1566201639, 1566202033, 394),
(3528, 1, 1566202649, 1566202829, 180),
(3529, 1, 1566204399, 1566204582, 183),
(3530, 1, 1566204671, 1566204852, 181),
(3531, 1, 1566267919, 1566268101, 182),
(3532, 1, 1566364156, 1566364433, 277),
(3533, 1, 1566364695, 1566364876, 181),
(3534, 1, 1566887552, 1566887797, 245),
(3536, 1, 1566887875, 1566888461, 586),
(3538, 1, 1566888767, 1566888947, 180),
(3539, 1, 1566889078, 1566889601, 523),
(3542, 1, 1566890024, 1566890346, 322),
(3547, 1, 1566890506, 1566890694, 188),
(3548, 1, 1566890710, 1566890891, 181),
(3549, 1, 1566890894, 1566891088, 194),
(3550, 1, 1566910191, 1566911924, 1733),
(3552, 1, 1566950454, 1566950668, 214),
(3553, 1, 1566956455, 1566956636, 181),
(3554, 1, 1566961476, 1566962285, 809),
(3558, 1, 1566962327, 1566962513, 186),
(3559, 1, 1566964138, 1566964455, 317),
(3561, 1, 1566965850, 1566966082, 232),
(3562, 1, 1566994719, 1566996143, 1424),
(3568, 1, 1566996171, 1566996501, 330),
(3570, 1, 1566997779, 1566998012, 233),
(3571, 1, 1567157217, 1567157477, 260),
(3573, 1, 1567158134, 1567158613, 479),
(3578, 1, 1567159060, 1567159324, 264),
(3580, 1, 1567159439, 1567159769, 330),
(3585, 1, 1567209853, 1567210337, 484),
(3588, 1, 1567210449, 1567210904, 455),
(3594, 1, 1567210956, 1567211139, 183),
(3596, 1, 1567211176, 1567211390, 214),
(3598, 1, 1567211694, 1567211895, 201),
(3601, 1, 1567212026, 1567212505, 479),
(3602, 1, 1567212609, 1567212798, 189),
(3603, 1, 1567213059, 1567213616, 557),
(3610, 1, 1567213699, 1567214366, 667),
(3616, 1, 1567214734, 1567215466, 732),
(3622, 1, 1567215508, 1567215758, 250),
(3625, 1, 1567215813, 1567215993, 180),
(3627, 1, 1567216717, 1567217224, 507),
(3634, 1, 1567220341, 1567220535, 194),
(3637, 1, 1567221169, 1567221357, 188),
(3638, 1, 1567221505, 1567221687, 182),
(3639, 1, 1567221723, 1567221903, 180),
(3640, 1, 1567412243, 1567412589, 346),
(3643, 1, 1567412911, 1567413381, 470),
(3645, 1, 1567413385, 1567413618, 233),
(3647, 1, 1567413623, 1567413835, 212),
(3648, 1, 1567415042, 1567415222, 180),
(3649, 1, 1567415354, 1567415685, 331),
(3650, 1, 1567474692, 1567475347, 655),
(3651, 1, 1567475353, 1567475674, 321),
(3652, 1, 1567475800, 1567476027, 227),
(3653, 1, 1567476093, 1567477756, 1663),
(3655, 1, 1567477833, 1567480509, 2676),
(3659, 1, 1567480866, 1567481066, 200),
(3660, 1, 1567481159, 1567481903, 744),
(3662, 1, 1567482062, 1567482242, 180),
(3663, 1, 1567482682, 1567483068, 386),
(3667, 1, 1567483342, 1567483808, 466),
(3670, 1, 1567487137, 1567487355, 218),
(3672, 1, 1567487762, 1567487948, 186),
(3673, 1, 1567488027, 1567490031, 2004),
(3678, 1, 1567490354, 1567490576, 222),
(3679, 1, 1567490591, 1567491280, 689),
(3683, 1, 1567491960, 1567492395, 435),
(3684, 1, 1567497026, 1567497555, 529),
(3685, 1, 1567498960, 1567501951, 2991),
(3689, 1, 1567514520, 1567514706, 186),
(3690, 1, 1567560357, 1567561168, 811),
(3694, 1, 1567561518, 1567561840, 322),
(3696, 1, 1567562821, 1567563003, 182),
(3697, 1, 1567563033, 1567563341, 308),
(3698, 1, 1567563619, 1567563800, 181),
(3699, 1, 1567578688, 1567578878, 190),
(3700, 1, 1567578889, 1567579071, 182),
(3701, 1, 1567582705, 1567582916, 211),
(3703, 1, 1567583476, 1567584195, 719),
(3705, 1, 1567584276, 1567585847, 1571),
(3710, 1, 1567585877, 1567587165, 1288),
(3718, 1, 1567587228, 1567588713, 1485),
(3722, 1, 1567588803, 1567589388, 585),
(3725, 1, 1567589514, 1567589835, 321),
(3729, 1, 1567590305, 1567590490, 185),
(3730, 1, 1567738231, 1567738414, 183),
(3731, 1, 1567739167, 1567739353, 186),
(3732, 1, 1567739424, 1567739726, 302),
(3734, 1, 1567740775, 1567741583, 808),
(3742, 1, 1567741693, 1567741967, 274),
(3743, 1, 1567742456, 1567742645, 189),
(3744, 1, 1567746880, 1567747072, 192),
(3745, 1, 1567842496, 1567842905, 409),
(3747, 1, 1567843064, 1567843684, 620),
(3748, 1, 1567844790, 1567845212, 422),
(3749, 1, 1567925537, 1567925812, 275),
(3750, 1, 1567925867, 1567926051, 184),
(3751, 1, 1567926112, 1567926349, 237),
(3752, 1, 1567926873, 1567927057, 184),
(3753, 1, 1567927221, 1567927594, 373),
(3754, 1, 1567995796, 1567996560, 764),
(3755, 1, 1568009113, 1568009298, 185),
(3757, 1, 1568009980, 1568010160, 180),
(3758, 1, 1568010252, 1568010432, 180),
(3759, 1, 1568011080, 1568011261, 181),
(3760, 1, 1568013005, 1568013188, 183),
(3761, 1, 1568013340, 1568013783, 443),
(3762, 1, 1568014055, 1568014527, 472),
(3763, 1, 1568015292, 1568015473, 181),
(3764, 1, 1568015719, 1568015899, 180),
(3765, 1, 1568169921, 1568170265, 344),
(3766, 1, 1568171405, 1568171973, 568),
(3767, 1, 1568253944, 1568254211, 267),
(3768, 1, 1568272484, 1568272676, 192),
(3769, 1, 1568272961, 1568273141, 180),
(3770, 1, 1568274085, 1568274265, 180),
(3771, 1, 1568275980, 1568276169, 189),
(3772, 1, 1568276969, 1568277265, 296),
(3773, 1, 1568429652, 1568429834, 182),
(3774, 1, 1568437631, 1568437846, 215),
(3775, 1, 1568438557, 1568438770, 213),
(3776, 1, 1568444171, 1568444365, 194),
(3777, 1, 1568445218, 1568445593, 375),
(3778, 1, 1568448656, 1568450431, 1775),
(3784, 1, 1568450457, 1568451712, 1255),
(3788, 1, 1568451755, 1568452887, 1132),
(3791, 1, 1568510785, 1568511719, 934),
(3796, 1, 1568511952, 1568512834, 882),
(3797, 1, 1568513065, 1568513779, 714),
(3800, 1, 1568523925, 1568524387, 462),
(3802, 1, 1568524985, 1568525398, 413),
(3803, 1, 1568525403, 1568526109, 706),
(3805, 1, 1568526219, 1568526574, 355),
(3806, 1, 1568528474, 1568528847, 373),
(3807, 1, 1568528915, 1568530093, 1178),
(3809, 1, 1568530135, 1568530326, 191),
(3810, 1, 1568530510, 1568530693, 183),
(3811, 1, 1568530713, 1568531129, 416),
(3813, 1, 1568531155, 1568532000, 845),
(3814, 1, 1568532560, 1568534339, 1779),
(3833, 1, 1568534860, 1568535371, 511),
(3841, 1, 1568603766, 1568604211, 445),
(3842, 1, 1568604821, 1568605001, 180),
(3843, 1, 1568605009, 1568605203, 194),
(3844, 1, 1568610581, 1568611500, 919),
(3849, 1, 1568622877, 1568623404, 527),
(3850, 1, 1568623753, 1568623937, 184),
(3851, 1, 1568710956, 1568711150, 194),
(3852, 1, 1568732265, 1568732455, 190),
(3853, 1, 1568776262, 1568776451, 189),
(3855, 1, 1568796808, 1568796990, 182),
(3856, 1, 1568797196, 1568797382, 186),
(3857, 1, 1568797680, 1568798587, 907),
(3860, 1, 1568883736, 1568884260, 524),
(3861, 1, 1568884859, 1568885040, 181),
(3862, 1, 1568886044, 1568886301, 257),
(3863, 1, 1568955988, 1568956889, 901),
(3883, 1, 1569132007, 1569132190, 183),
(3884, 1, 1569161613, 1569161801, 188),
(3885, 1, 1569312722, 1569312904, 182),
(3886, 1, 1569314595, 1569314776, 181),
(3887, 1, 1569317092, 1569317273, 181),
(3888, 1, 1569388210, 1569388392, 182),
(3889, 1, 1569401157, 1569401471, 314),
(3890, 1, 1569401718, 1569402772, 1054),
(3903, 1, 1569897810, 1569898719, 909),
(3908, 1, 1569898770, 1569899196, 426),
(3912, 1, 1569919652, 1569920077, 425),
(3913, 1, 1569920792, 1569921740, 948),
(3917, 1, 1570327608, 1570327850, 242),
(3918, 1, 1570328200, 1570328433, 233),
(3919, 1, 1570338211, 1570339221, 1010),
(3922, 1, 1571097919, 1571098101, 182),
(3923, 1, 1571098484, 1571098854, 370),
(3924, 1, 1571099907, 1571100637, 730),
(3943, 1, 1571538909, 1571539166, 257),
(3944, 1, 1571539244, 1571539749, 505),
(3946, 1, 1571992194, 1571992580, 386),
(3947, 1, 1571993179, 1571993521, 342),
(3948, 1, 1572051343, 1572051820, 477),
(3950, 1, 1572054137, 1572054586, 449),
(3951, 1, 1572054868, 1572055131, 263),
(3952, 1, 1572060917, 1572061119, 202),
(3953, 1, 1572071290, 1572072405, 1115),
(3954, 1, 1572072664, 1572072923, 259),
(3956, 1, 1572074726, 1572074908, 182),
(3961, 1, 1572163936, 1572164116, 180),
(3962, 1, 1572395708, 1572395975, 267),
(3963, 1, 1572419170, 1572419352, 182),
(3964, 1, 1572419362, 1572420042, 680),
(3969, 1, 1572566075, 1572566532, 457),
(3973, 1, 1572567808, 1572568172, 364),
(3975, 1, 1572568349, 1572568688, 339),
(3977, 1, 1572568919, 1572569216, 297),
(3980, 1, 1572600633, 1572600898, 265),
(3982, 1, 1572609147, 1572609343, 196),
(3983, 1, 1572613199, 1572613462, 263),
(3984, 1, 1572613978, 1572614161, 183),
(3986, 1, 1572935822, 1572936822, 1000),
(3990, 1, 1573174498, 1573175051, 553),
(3991, 1008, 1573178179, 1573178359, 180),
(3992, 1, 1573178200, 1573178395, 195),
(3994, 1, 1573178596, 1573178882, 286),
(3998, 1, 1573179013, 1573179419, 406),
(4006, 1, 1573179913, 1573182409, 2496),
(4007, 1, 1574327951, 1574328601, 650),
(4008, 1, 1575601020, 1575601211, 191),
(4009, 1, 1575602178, 1575602880, 702),
(4011, 1, 1575602958, 1575603139, 181),
(4012, 1, 1575610243, 1575611562, 1319),
(4032, 1, 1575612174, 1575612671, 497),
(4041, 1, 1575612971, 1575616857, 3886),
(4055, 1, 1575616900, 1575617768, 868),
(4056, 1, 1575617788, 1575618073, 285),
(4057, 1, 1575618777, 1575618970, 193),
(4058, 1008, 1575621352, 1575621532, 180),
(4059, 1, 1575695680, 1575696122, 442),
(4060, 1, 1576807966, 1576808161, 195),
(4062, 1, 1576810924, 1576811277, 353),
(4063, 1, 1576811360, 1576812666, 1306),
(4065, 1, 1576818937, 1576819117, 180),
(4066, 1, 1576819891, 1576820130, 239),
(4067, 1, 1576820345, 1576820922, 577),
(4079, 1, 1576821017, 1576821198, 181),
(4080, 1, 1576821595, 1576822510, 915),
(4088, 1, 1576823352, 1576823813, 461),
(4092, 1, 1576824451, 1576824816, 365),
(4093, 1, 1576824849, 1576825029, 180),
(4094, 1, 1576825342, 1576826091, 749),
(4097, 1, 1576826098, 1576826603, 505),
(4098, 1, 1576826697, 1576828119, 1422),
(4100, 1, 1576828192, 1576829898, 1706),
(4101, 1, 1576829928, 1576831979, 2051),
(4102, 1, 1577929578, 1577930028, 450),
(4108, 1, 1577930353, 1577930670, 317),
(4111, 1, 1577930786, 1577931350, 564),
(4112, 4, 1577955275, 1577955455, 180),
(4113, 1, 1577955278, 1577955518, 240),
(4114, 1, 1577955651, 1577956018, 367),
(4117, 1, 1577956540, 1577956720, 180),
(4119, 1, 1578012803, 1578012983, 180),
(4120, 1, 1578013354, 1578015643, 2289),
(4148, 1, 1578015729, 1578015922, 193),
(4149, 1, 1578015983, 1578016275, 292),
(4150, 1, 1578016411, 1578016591, 180),
(4151, 1, 1578016631, 1578017547, 916),
(4153, 1, 1578017552, 1578017735, 183),
(4155, 1, 1578018464, 1578019971, 1507),
(4180, 1, 1578021949, 1578022148, 199),
(4184, 1, 1578022405, 1578022591, 186),
(4186, 1, 1578023638, 1578023856, 218),
(4188, 1, 1578024241, 1578024422, 181),
(4191, 1, 1578034651, 1578034899, 248),
(4192, 4, 1579222646, 1579222826, 180),
(4193, 1, 1579222650, 1579222957, 307),
(4194, 1, 1579222979, 1579223303, 324),
(4196, 1, 1579224193, 1579225477, 1284),
(4205, 2, 1579224497, 1579225481, 984),
(4224, 1, 1579226496, 1579227026, 530),
(4225, 2, 1579226498, 1579226889, 391),
(4230, 3, 1579226712, 1579227132, 420),
(4233, 3, 1579227164, 1579227348, 184),
(4234, 3, 1579227397, 1579227592, 195),
(4238, 2, 1579227415, 1579228098, 683),
(4253, 2, 1579228683, 1579230028, 1345),
(4260, 1, 1579228875, 1579229093, 218),
(4264, 3, 1579228931, 1579229120, 189),
(4282, 3, 1579229676, 1579229868, 192),
(4298, 2, 1579230140, 1579230494, 354),
(4305, 1, 1579230322, 1579230553, 231),
(4310, 1, 1579231481, 1579232684, 1203),
(4311, 1, 1579237391, 1579238405, 1014),
(4314, 1, 1579239416, 1579240452, 1036),
(4315, 1, 1579240711, 1579241095, 384),
(4316, 1, 1579241526, 1579242836, 1310),
(4318, 1, 1579242876, 1579246224, 3348),
(4324, 2, 1579245878, 1579246128, 250),
(4328, 4, 1579499864, 1579500044, 180),
(4329, 4, 1579510755, 1579510935, 180),
(4330, 1, 1579510759, 1579511023, 264),
(4337, 1, 1579679048, 1579679233, 185),
(4338, 4, 1580344869, 1580345049, 180),
(4339, 2, 1581665205, 1581665385, 180),
(4340, 1, 1581665210, 1581666652, 1442),
(4357, 1, 1581666663, 1581667601, 938),
(4380, 1, 1581667769, 1581668295, 526),
(4381, 1, 1581668300, 1581668903, 603),
(4388, 1, 1581668998, 1581669991, 993),
(4395, 1, 1581670052, 1581670477, 425),
(4409, 1, 1581671090, 1581671271, 181),
(4410, 1, 1581731154, 1581731335, 181),
(4411, 1, 1581734379, 1581734676, 297),
(4412, 1, 1581734906, 1581735163, 257),
(4413, 1, 1581735417, 1581735690, 273),
(4414, 1, 1581735731, 1581736657, 926),
(4415, 1, 1581736719, 1581737722, 1003),
(4416, 1, 1582182917, 1582183196, 279),
(4417, 1, 1582183258, 1582183873, 615),
(4419, 1, 1582183884, 1582187426, 3542),
(4470, 1, 1582187877, 1582189373, 1496),
(4491, 1, 1582189411, 1582190495, 1084),
(4526, 1, 1582246683, 1582247193, 510),
(4530, 1, 1582247207, 1582249329, 2122),
(4587, 1, 1582249434, 1582249640, 206),
(4589, 1, 1582250157, 1582250725, 568),
(4592, 1, 1582250735, 1582252329, 1594),
(4630, 1, 1582252335, 1582254274, 1939),
(4647, 1, 1582261784, 1582262853, 1069),
(4649, 1, 1582262885, 1582263171, 286),
(4650, 1, 1582263369, 1582264386, 1017),
(4653, 1, 1582265298, 1582265544, 246),
(4654, 1, 1582265935, 1582266421, 486),
(4655, 1, 1595312663, 1595313492, 829),
(4656, 1, 1582266954, 1582268230, 1276),
(4681, 1, 1595314470, 1595314837, 367),
(4682, 1, 1582268279, 1582268863, 584),
(4698, 1, 1582268896, 1582270013, 1117),
(4729, 1, 1582270106, 1582270742, 636),
(4737, 1, 1582270815, 1582271127, 312),
(4738, 1, 1582271615, 1582273480, 1865),
(4783, 1, 1582273546, 1582273988, 442),
(4791, 1, 1582275107, 1582275338, 231),
(4793, 1, 1582275345, 1582276017, 672),
(4805, 1, 1582276121, 1582276888, 767),
(4826, 1, 1582281144, 1582282604, 1460),
(4849, 1, 1582283594, 1582284513, 919),
(4882, 1, 1582284617, 1582284807, 190),
(4883, 1, 1582284872, 1582285579, 707),
(4904, 1, 1582285626, 1582285958, 332),
(4909, 1, 1582286039, 1582286911, 872),
(4957, 1, 1582288250, 1582289352, 1102),
(4966, 1, 1582289363, 1582289759, 396),
(4969, 1, 1582289953, 1582290625, 672),
(4970, 1, 1582290647, 1582290949, 302),
(4971, 1, 1582291062, 1582291613, 551),
(4975, 1, 1582291945, 1582292578, 633),
(4997, 1, 1582292611, 1582292943, 332),
(4999, 1, 1582292953, 1582293227, 274),
(5001, 1, 1582294211, 1582294537, 326),
(5006, 1, 1582506072, 1582506352, 280),
(5010, 1, 1582506354, 1582506671, 317),
(5011, 1, 1582766670, 1582766855, 185),
(5012, 15, 1583298407, 1583298587, 180),
(5013, 1, 1583298413, 1583298687, 274),
(5014, 1, 1583298765, 1583299127, 362),
(5020, 1, 1583299170, 1583299933, 763),
(5030, 1, 1583300055, 1583301059, 1004),
(5061, 1, 1583301444, 1583301986, 542),
(5080, 1, 1583302709, 1583303843, 1134),
(5116, 16, 1583304989, 1583305169, 180),
(5117, 1, 1583304992, 1583305183, 191),
(5120, 1, 1583305836, 1583306376, 540),
(5132, 1, 1583306833, 1583307023, 190),
(5135, 1, 1583307182, 1583307669, 487),
(5147, 13, 1583308975, 1583309155, 180),
(5148, 1, 1583308978, 1583309698, 720),
(5166, 1, 1583309750, 1583310389, 639),
(5183, 1, 1583310396, 1583311083, 687),
(5212, 1, 1583311359, 1583311624, 265),
(5213, 1, 1583311637, 1583313400, 1763),
(5243, 1, 1583313436, 1583314147, 711),
(5244, 1, 1578129753, 1578129933, 180),
(5245, 1, 1575451361, 1575451541, 180),
(5246, 1, 1583314243, 1583314682, 439),
(5247, 1, 1577179998, 1577180311, 313),
(5248, 1, 1577871202, 1577871382, 180),
(5249, 1, 1578562407, 1578562589, 182),
(5250, 1, 1578821611, 1578821791, 180),
(5251, 1, 1578908014, 1578908235, 221),
(5252, 1, 1581586462, 1581586642, 180),
(5253, 1, 1578130509, 1578130699, 190),
(5254, 1, 1577007312, 1577007508, 196),
(5255, 1, 1578044123, 1578044303, 180),
(5256, 1, 1577957726, 1577957906, 180),
(5257, 1, 1577612134, 1577612314, 180),
(5258, 1, 1577698536, 1577698716, 180),
(5259, 1, 1577784938, 1577785118, 180),
(5260, 1, 1583314928, 1583315410, 482),
(5261, 1, 1578130979, 1578131242, 263),
(5262, 1, 1578390183, 1578390363, 180),
(5263, 1, 1578217465, 1578217645, 180),
(5264, 1, 1583315489, 1583316048, 559),
(5266, 1, 1583316381, 1583317023, 642),
(5269, 1, 1583331730, 1583333785, 2055),
(5307, 1, 1583333933, 1583335143, 1210),
(5310, 1, 1583335405, 1583335687, 282),
(5313, 1, 1583336065, 1583336459, 394),
(5319, 1, 1583336489, 1583336887, 398),
(5326, 1, 1583337012, 1583337194, 182),
(5328, 1, 1583337771, 1583337951, 180),
(5329, 1, 1583338495, 1583339477, 982);

-- --------------------------------------------------------

--
-- 資料表結構 `js_user`
--

CREATE TABLE `js_user` (
  `jsuser_sn` int(10) UNSIGNED NOT NULL,
  `jsuser_account` varchar(32) NOT NULL,
  `jsuser_password` varchar(32) NOT NULL,
  `jsuser_name` varchar(32) NOT NULL DEFAULT '' COMMENT '姓名',
  `jsuser_email` varchar(64) NOT NULL DEFAULT '',
  `jsuser_add_date` int(10) UNSIGNED NOT NULL DEFAULT '0',
  `jsuser_mod_date` int(10) UNSIGNED NOT NULL DEFAULT '0',
  `jsuser_status` tinyint(4) NOT NULL DEFAULT '1' COMMENT '-1 刪除 1: 啟用 2:關閉',
  `jsuser_admin_permit` tinyint(5) NOT NULL DEFAULT '4' COMMENT '0:系統管理員 1: 老闆 2:員工 3:業務 4:訪客',
  `jsuser_option` varchar(15) NOT NULL COMMENT '1:新增 2:汰除 3:修改 4:圖片上傳 5.出貨 6.移倉',
  `jsuser_update` int(10) UNSIGNED NOT NULL DEFAULT '0'
) ENGINE=InnoDB DEFAULT CHARSET=utf8 COMMENT='使用者';

--
-- 傾印資料表的資料 `js_user`
--

INSERT INTO `js_user` (`jsuser_sn`, `jsuser_account`, `jsuser_password`, `jsuser_name`, `jsuser_email`, `jsuser_add_date`, `jsuser_mod_date`, `jsuser_status`, `jsuser_admin_permit`, `jsuser_option`, `jsuser_update`) VALUES
(1, '20130', '20130', '系統管理員', 'admin@wholetech.com.tw', 1579245160, 1579245160, 1, 0, '', 1506404807),
(2, '201300', '201300', 'test', '', 1579245962, 1579245962, 1, 2, '1,2,5,4', 1506404807),
(3, '201303', '201303', 'test', '', 1579245169, 1579245169, 1, 3, '2', 1506404807);

-- --------------------------------------------------------

--
-- 資料表結構 `onliine_add_data`
--

CREATE TABLE `onliine_add_data` (
  `onadd_sn` int(10) UNSIGNED NOT NULL COMMENT '產品編號',
  `onadd_add_date` int(10) UNSIGNED NOT NULL DEFAULT '0' COMMENT '建立日期',
  `onadd_mod_date` int(10) UNSIGNED NOT NULL DEFAULT '0' COMMENT '修改日期',
  `onadd_status` tinyint(3) NOT NULL DEFAULT '1' COMMENT '狀態 1 啟用 0 刪除',
  `jsuser_sn` int(10) UNSIGNED NOT NULL DEFAULT '0' COMMENT '編輯人員',
  `onadd_isbought` int(11) NOT NULL COMMENT '0:自種苗 1:外購苗',
  `onadd_newpot_sn` int(11) NOT NULL DEFAULT '0',
  `onadd_part_no` varchar(64) CHARACTER SET utf8 NOT NULL DEFAULT '' COMMENT '品號',
  `onadd_part_name` varchar(64) CHARACTER SET utf8 NOT NULL DEFAULT '' COMMENT '品名',
  `onadd_color` varchar(64) CHARACTER SET utf8 NOT NULL DEFAULT '' COMMENT '花色',
  `onadd_size` varchar(64) CHARACTER SET utf8 NOT NULL DEFAULT '' COMMENT '花徑',
  `onadd_height` varchar(64) CHARACTER SET utf8 NOT NULL DEFAULT '' COMMENT '高度',
  `onadd_cur_size` int(11) NOT NULL COMMENT '目前尺寸',
  `onadd_pot_size` varchar(64) CHARACTER SET utf8 NOT NULL DEFAULT '' COMMENT '適合開花盆徑',
  `onadd_supplier` varchar(64) CHARACTER SET utf8 NOT NULL DEFAULT '' COMMENT '供應商',
  `onadd_planting_date` int(10) NOT NULL DEFAULT '0' COMMENT '下種日期',
  `onadd_delay_date` int(100) NOT NULL COMMENT '延後日期',
  `onadd_quantity` varchar(64) CHARACTER SET utf8 NOT NULL DEFAULT '' COMMENT '下種數量',
  `onadd_cost_plant` double(64,10) NOT NULL COMMENT '苗株費用',
  `onadd_cost_cup` double(64,10) NOT NULL COMMENT '軟杯費用',
  `onadd_cost_grass` double(64,10) NOT NULL COMMENT '水草費用',
  `onadd_cost_labour` double(64,10) NOT NULL COMMENT '人工費用',
  `onadd_cost_month` decimal(64,0) NOT NULL COMMENT '種植費用',
  `onadd_growing` varchar(64) CHARACTER SET utf8 NOT NULL DEFAULT '' COMMENT '預計成長大小',
  `onadd_next_day` int(255) NOT NULL COMMENT '下階段(出貨/下種)天數',
  `onadd_sellsize` varchar(10) CHARACTER SET utf8mb4 NOT NULL COMMENT '預計出貨尺寸',
  `onadd_buy_price` int(255) NOT NULL COMMENT '採購價格',
  `onadd_change_basin` varchar(64) CHARACTER SET utf8 NOT NULL DEFAULT '' COMMENT '換盆週期',
  `onadd_elimination` int(10) NOT NULL COMMENT '汰除原因',
  `onadd_location` varchar(64) CHARACTER SET utf8 NOT NULL DEFAULT '' COMMENT '放置位置',
  `onadd_ml` int(128) NOT NULL DEFAULT '0' COMMENT '移倉(0:未移倉 X:移倉原始編號)',
  `onadd_quantity_del` varchar(64) CHARACTER SET utf8 NOT NULL DEFAULT '' COMMENT '汰除數量',
  `onadd_quantity_shi` varchar(64) CHARACTER SET utf8 NOT NULL DEFAULT '' COMMENT '出貨數量',
  `onadd_quantity_cha` varchar(64) CHARACTER SET utf8 NOT NULL DEFAULT '' COMMENT '換盆數量',
  `onadd_cycle` varchar(64) CHARACTER SET utf8 NOT NULL DEFAULT '' COMMENT '栽種週期',
  `onadd_plant_year` varchar(64) CHARACTER SET utf8 NOT NULL DEFAULT '' COMMENT '種植年',
  `onadd_plant_day` varchar(64) CHARACTER SET utf8 NOT NULL DEFAULT '' COMMENT '種植月',
  `onadd_schedule` int(10) NOT NULL DEFAULT '0' COMMENT '排程狀態：1.已排程2.延後',
  `onadd_delay_reason` varchar(255) CHARACTER SET utf8 NOT NULL COMMENT '延後原因',
  `onadd_plant_st` int(10) NOT NULL DEFAULT '1' COMMENT '1:苗2:瓶苗'
) ENGINE=InnoDB DEFAULT CHARSET=latin1;

--
-- 傾印資料表的資料 `onliine_add_data`
--

INSERT INTO `onliine_add_data` (`onadd_sn`, `onadd_add_date`, `onadd_mod_date`, `onadd_status`, `jsuser_sn`, `onadd_isbought`, `onadd_newpot_sn`, `onadd_part_no`, `onadd_part_name`, `onadd_color`, `onadd_size`, `onadd_height`, `onadd_cur_size`, `onadd_pot_size`, `onadd_supplier`, `onadd_planting_date`, `onadd_delay_date`, `onadd_quantity`, `onadd_cost_plant`, `onadd_cost_cup`, `onadd_cost_grass`, `onadd_cost_labour`, `onadd_cost_month`, `onadd_growing`, `onadd_next_day`, `onadd_sellsize`, `onadd_buy_price`, `onadd_change_basin`, `onadd_elimination`, `onadd_location`, `onadd_ml`, `onadd_quantity_del`, `onadd_quantity_shi`, `onadd_quantity_cha`, `onadd_cycle`, `onadd_plant_year`, `onadd_plant_day`, `onadd_schedule`, `onadd_delay_reason`, `onadd_plant_st`) VALUES
(72, 1583333322, 1583333322, 1, 0, 1, 0, '包子', '包子', '', '', '', 1, '', '', 1571241600, 0, '10000', 0.0000000000, 0.0000000000, 0.0000000000, 0.0000000000, '0', '2', 0, '4', 0, '', 0, 'A1', 0, '', '', '', '1583333322', '', '', 0, '', 1),
(73, 1583333345, 1583333345, 1, 0, 1, 0, '123', '123123', '', '', '', 1, '', '', 1567008000, 1583943722, '5000', 0.0000000000, 0.0000000000, 0.0000000000, 0.0000000000, '0', '2', 0, '6', 0, '', 0, 'A1', 0, '', '', '', '1583333345', '', '', 0, '', 1),
(74, 1583334819, 1583334819, 1, 0, 0, 0, '小天使S', '小天使S', '', '', '', 1, '', '', 1561824000, 1583943496, '100', 0.0000000000, 0.0000000000, 0.0000000000, 0.0000000000, '0', '2', 0, '5', 0, '', 0, 'A5', 0, '', '', '', '1583334819', '', '', 0, '', 1),
(75, 1583334847, 1583334847, 1, 0, 0, 0, '大天使Q1', '大天使Q1', '', '', '', 1, '', '', 1564329600, 0, '50', 0.0000000000, 0.0000000000, 0.0000000000, 0.0000000000, '0', '2', 0, '5', 0, '', 0, 'A1', 0, '', '', '', '1583334847', '', '', 0, '', 1),
(76, 1583335430, 1583335430, 1, 0, 0, 75, '大天使Q1', '大天使Q1', '', '', '', 2, '', '', 1584633600, 0, '50', 0.0000000000, 0.0000000000, 0.0000000000, 0.0000000000, '0', '5', 0, '6', 0, '', 0, 'A1', 0, '', '', '50', '1583335430', '', '', 0, '', 1),
(77, 1583335443, 1583335443, 1, 0, 0, 73, '123', '123123', '', '', '', 2, '', '', 1568131200, 1583943824, '5000', 0.0000000000, 0.0000000000, 0.0000000000, 0.0000000000, '0', '6', 0, '6', 0, '', 0, 'A1', 0, '', '', '5000', '1583335443', '', '', 0, '', 1),
(78, 1583336207, 1583336207, 1, 0, 0, 0, '654645', '65467', '', '', '', 1, '', '', 1583337600, 0, '100', 0.0000000000, 0.0000000000, 0.0000000000, 0.0000000000, '0', '2', 0, '6', 10, '', 0, 'A1', 0, '', '', '', '1583336207', '', '', 0, '', 1),
(79, 1583336669, 1583336669, 1, 0, 0, 0, 'TEST', 'TEST', '', '', '', 1, '', '', 1571068800, 0, '500', 0.0000000000, 0.0000000000, 0.0000000000, 0.0000000000, '0', '9', 0, '1', 10, '', 0, 'A1', 0, '', '', '', '1583336669', '', '', 0, '', 1),
(80, 1583339170, 1583339170, 1, 0, 0, 0, '546876', '687687', '', '', '', 1, '', '', 1564329600, 0, '419000', 0.0000000000, 0.0000000000, 0.0000000000, 0.0000000000, '0', '2', 0, '5', 10, '', 0, 'A1', 0, '', '', '', '1583339170', '', '', 0, '', 1);

-- --------------------------------------------------------

--
-- 資料表結構 `onliine_business_data`
--

CREATE TABLE `onliine_business_data` (
  `onbuda_sn` int(10) UNSIGNED NOT NULL COMMENT 'sn',
  `onbuda_add_date` int(10) UNSIGNED NOT NULL DEFAULT '0',
  `onbuda_mod_date` int(10) UNSIGNED NOT NULL DEFAULT '0',
  `onbuda_status` tinyint(3) NOT NULL DEFAULT '1',
  `onbuda_part_no` varchar(64) CHARACTER SET utf8 NOT NULL DEFAULT '' COMMENT '品號',
  `onbuda_part_name` varchar(64) CHARACTER SET utf8 NOT NULL DEFAULT '' COMMENT '品名',
  `onbuda_date` int(10) NOT NULL DEFAULT '0' COMMENT '預計出貨日期',
  `onbuda_quantity` varchar(64) CHARACTER SET utf8 NOT NULL DEFAULT '0' COMMENT '預計出貨數量',
  `onbuda_sell_price` int(255) NOT NULL COMMENT '售出價格(單棵)',
  `onbuda_size` int(10) NOT NULL COMMENT '預計出貨尺寸',
  `onbuda_seller` varchar(64) CHARACTER SET utf8 NOT NULL COMMENT '銷售人員',
  `onbuda_client` varchar(64) CHARACTER SET utf8 NOT NULL DEFAULT '' COMMENT '客戶',
  `onbuda_year` int(10) NOT NULL DEFAULT '0' COMMENT '年',
  `onbuda_day` int(10) NOT NULL DEFAULT '0' COMMENT '月'
) ENGINE=InnoDB DEFAULT CHARSET=latin1;

-- --------------------------------------------------------

--
-- 資料表結構 `onliine_cost_table`
--

CREATE TABLE `onliine_cost_table` (
  `oncost_sn` int(11) NOT NULL,
  `oncost_status` int(1) NOT NULL DEFAULT '1' COMMENT '啟用狀態',
  `oncost_name` varchar(128) CHARACTER SET utf8 NOT NULL COMMENT '大表名稱',
  `oncost_note` varchar(64) CHARACTER SET utf8 NOT NULL COMMENT '大表說明'
) ENGINE=InnoDB DEFAULT CHARSET=latin1;

--
-- 傾印資料表的資料 `onliine_cost_table`
--

INSERT INTO `onliine_cost_table` (`oncost_sn`, `oncost_status`, `oncost_name`, `oncost_note`) VALUES
(1, 1, '成本', '成本');

-- --------------------------------------------------------

--
-- 資料表結構 `onliine_firstplant_data`
--

CREATE TABLE `onliine_firstplant_data` (
  `onfp_sn` int(11) NOT NULL,
  `onadd_sn` int(11) NOT NULL,
  `onfp_add_date` int(11) NOT NULL,
  `onfp_status` tinyint(3) NOT NULL DEFAULT '1',
  `onfp_part_no` varchar(255) NOT NULL COMMENT '品號',
  `onfp_plant_date` int(11) NOT NULL,
  `jsuser_sn` int(11) NOT NULL,
  `onfp_plant_amount` int(11) NOT NULL
) ENGINE=InnoDB DEFAULT CHARSET=latin1;

--
-- 傾印資料表的資料 `onliine_firstplant_data`
--

INSERT INTO `onliine_firstplant_data` (`onfp_sn`, `onadd_sn`, `onfp_add_date`, `onfp_status`, `onfp_part_no`, `onfp_plant_date`, `jsuser_sn`, `onfp_plant_amount`) VALUES
(1, 1, 1583300214, 1, '??1', 1583337600, 0, 100),
(2, 2, 1583300728, 1, '??1', 1583337600, 0, 50),
(3, 4, 1583301619, 1, '123', 1583337600, 0, 453),
(4, 5, 1583301747, 1, '7687', 1583337600, 0, 50),
(5, 9, 1583303632, 1, '123', 1583337600, 0, 100),
(6, 11, 1583303651, 1, '321', 1583337600, 0, 100),
(7, 13, 1583305854, 1, '564', 1583510400, 0, 456),
(8, 15, 1583307303, 1, '102123', 1583337600, 0, 500),
(9, 20, 1583309199, 1, '??', 1583337600, 0, 100),
(10, 25, 1583309909, 1, '3543', 1583424000, 0, 100),
(11, 39, 1583310414, 1, '123', 1583337600, 0, 1000),
(12, 44, 1583310641, 1, '12321', 1583337600, 0, 100),
(13, 50, 1583311749, 1, 'R3003', 1564588800, 0, 2353),
(14, 52, 1583311990, 1, 'R3003', 1583251200, 0, 10000),
(15, 55, 1583312178, 1, 'R3003', 1564588800, 0, 10000),
(16, 56, 1583312232, 1, 'R3003', 1583251200, 0, 10000),
(17, 57, 1583312912, 1, 'R3003', 1583251200, 0, 10000),
(18, 62, 1583332682, 1, '???Big pepper', 1583337600, 0, 10000),
(19, 63, 1583332716, 1, '???Big pepper2', 1567440000, 0, 5000),
(20, 64, 1583332744, 1, '453453', 1584115200, 0, 5045),
(21, 71, 1583333239, 1, '4537', 1584115200, 0, 45345),
(22, 72, 1583333322, 1, '??', 1571241600, 0, 10000),
(23, 73, 1583333345, 1, '123', 1567008000, 0, 10000),
(24, 74, 1583334819, 1, '???S', 1561824000, 0, 100),
(25, 75, 1583334847, 1, '???Q1', 1564329600, 0, 100),
(26, 78, 1583336207, 1, '654645', 1583337600, 0, 100),
(27, 79, 1583336669, 1, 'TEST', 1571068800, 0, 1000),
(28, 80, 1583339170, 1, '546876', 1564329600, 0, 419705);

-- --------------------------------------------------------

--
-- 資料表結構 `onliine_pic_data`
--

CREATE TABLE `onliine_pic_data` (
  `onpic_sn` int(11) NOT NULL,
  `onpic_status` int(11) NOT NULL,
  `onpic_img_path` varchar(255) NOT NULL,
  `onproduct_sn` int(11) NOT NULL
) ENGINE=InnoDB DEFAULT CHARSET=latin1;

-- --------------------------------------------------------

--
-- 資料表結構 `onliine_product_data`
--

CREATE TABLE `onliine_product_data` (
  `onproduct_sn` int(10) UNSIGNED NOT NULL COMMENT '產品編號',
  `onproduct_add_date` int(10) UNSIGNED NOT NULL DEFAULT '0' COMMENT '建立日期',
  `onproduct_date` int(10) UNSIGNED NOT NULL DEFAULT '0' COMMENT '修改日期',
  `onproduct_status` tinyint(3) NOT NULL DEFAULT '1' COMMENT '狀態 1 啟用 0 刪除',
  `jsuser_sn` int(10) UNSIGNED NOT NULL DEFAULT '0' COMMENT '編輯人員',
  `onproduct_isbought` int(11) NOT NULL COMMENT '0:自種苗 1:外購苗',
  `onproduct_part_no` varchar(64) CHARACTER SET utf8 NOT NULL DEFAULT '' COMMENT '品號',
  `onproduct_part_name` varchar(64) CHARACTER SET utf8 NOT NULL DEFAULT '' COMMENT '品名',
  `onproduct_color` varchar(64) CHARACTER SET utf8 NOT NULL DEFAULT '' COMMENT '花色',
  `onproduct_size` varchar(64) CHARACTER SET utf8 NOT NULL DEFAULT '' COMMENT '花徑',
  `onproduct_height` varchar(64) CHARACTER SET utf8 NOT NULL DEFAULT '' COMMENT '高度',
  `onproduct_pot_size` varchar(64) CHARACTER SET utf8 NOT NULL DEFAULT '' COMMENT '適合開花盆徑',
  `onproduct_supplier` varchar(64) CHARACTER SET utf8 NOT NULL DEFAULT '' COMMENT '供應商',
  `onproduct_growing` int(11) NOT NULL,
  `onproduct_plant_st` int(10) NOT NULL COMMENT '1:苗 2:瓶苗',
  `onproduct_pic_url` varchar(256) CHARACTER SET utf8 DEFAULT NULL COMMENT '照片路徑'
) ENGINE=InnoDB DEFAULT CHARSET=latin1;

--
-- 傾印資料表的資料 `onliine_product_data`
--

INSERT INTO `onliine_product_data` (`onproduct_sn`, `onproduct_add_date`, `onproduct_date`, `onproduct_status`, `jsuser_sn`, `onproduct_isbought`, `onproduct_part_no`, `onproduct_part_name`, `onproduct_color`, `onproduct_size`, `onproduct_height`, `onproduct_pot_size`, `onproduct_supplier`, `onproduct_growing`, `onproduct_plant_st`, `onproduct_pic_url`) VALUES
(1, 1583300214, 1583300214, 1, 0, 0, '包子1', '包子1', '', '', '', '', '', 2, 1, './images/upload/88045fc9545aa5ec3b3ef74338969c09.png'),
(2, 1583301619, 1583301619, 1, 0, 0, '123', '123123', '', '', '', '', '', 1, 2, ''),
(3, 1583301747, 1583301747, 1, 0, 0, '7687', '6876', '', '', '', '', '', 2, 1, ''),
(4, 1583303651, 1583303651, 1, 0, 0, '321', '321', '', '', '', '', '', 2, 1, ''),
(5, 1583305854, 1583305854, 1, 0, 0, '564', '6546', '', '', '', '', '', 3, 1, ''),
(6, 1583307303, 1583307303, 1, 0, 0, '102123', '373783', '', '', '', '', '', 9, 1, ''),
(7, 1583309199, 1583309199, 1, 0, 0, '包子', '包子', '', '', '', '', '', 2, 1, './images/upload/9c5408284b7aa38edf948ec44336df26.png'),
(8, 1583309909, 1583309909, 1, 0, 0, '3543', '3543', '', '', '', '', '', 30, 1, ''),
(9, 1583310641, 1583310641, 1, 0, 0, '12321', '321321', '', '', '', '', '', 2, 1, ''),
(10, 1583311749, 1583311749, 1, 0, 0, 'R3003', '大辣椒Big pepper', '紅色', '12.5~13公分', '55~60公分', '3.5', '', 6, 1, './images/upload/532ee328d74bc5f15593f8bd1fd9b305.jpg'),
(11, 1583311990, 1583311990, 1, 0, 0, 'R3003', '大辣椒Big pepper', '紅色', '12.5~13公分', '55~60公分', '3.5', '', 6, 2, './images/upload/532ee328d74bc5f15593f8bd1fd9b305.jpg'),
(12, 1583332682, 1583332682, 1, 0, 0, '大辣椒Big pepper', '大辣椒Big pepper', '', '', '', '3.5', '', 2, 1, './images/upload/842cbe667d776331ce02ba46a990edaa.png'),
(13, 1583332716, 1583332716, 1, 0, 0, '大辣椒Big pepper2', '大辣椒Big pepper2', '', '', '', '', '', 5, 1, ''),
(14, 1583332744, 1583332744, 1, 0, 0, '453453', '543', '', '', '', '', '', 5, 1, ''),
(15, 1583333239, 1583333239, 1, 0, 0, '4537', '378', '', '', '', '', '', 2, 1, ''),
(16, 1583334819, 1583334819, 1, 0, 0, '小天使S', '小天使S', '', '', '', '', '', 2, 1, ''),
(17, 1583334847, 1583334847, 1, 0, 0, '大天使Q1', '大天使Q1', '', '', '', '', '', 2, 1, ''),
(18, 1583336207, 1583336207, 1, 0, 0, '654645', '65467', '', '', '', '', '', 2, 1, ''),
(19, 1583336669, 1583336669, 1, 0, 0, 'TEST', 'TEST', '', '', '', '', '', 9, 1, ''),
(20, 1583339170, 1583339170, 1, 0, 0, '546876', '687687', '', '', '', '', '', 2, 1, '');

-- --------------------------------------------------------

--
-- 資料表結構 `online_change_basin`
--

CREATE TABLE `online_change_basin` (
  `onchba_sn` int(10) UNSIGNED NOT NULL COMMENT 'sn',
  `onchba_add_date` int(10) NOT NULL DEFAULT '0' COMMENT '新增日期',
  `onchba_mod_date` int(10) NOT NULL DEFAULT '0' COMMENT '修改日期',
  `onchba_status` tinyint(3) NOT NULL DEFAULT '1' COMMENT '狀態',
  `jsuser_sn` int(10) UNSIGNED NOT NULL DEFAULT '0' COMMENT '使用者',
  `onchba_size` varchar(64) CHARACTER SET utf8 NOT NULL COMMENT '尺寸',
  `onchba_tsize` varchar(11) CHARACTER SET utf8 NOT NULL COMMENT '目標尺寸',
  `onchba_cycle` varchar(64) CHARACTER SET utf8 NOT NULL COMMENT '週期(日)'
) ENGINE=InnoDB DEFAULT CHARSET=latin1;

--
-- 傾印資料表的資料 `online_change_basin`
--

INSERT INTO `online_change_basin` (`onchba_sn`, `onchba_add_date`, `onchba_mod_date`, `onchba_status`, `jsuser_sn`, `onchba_size`, `onchba_tsize`, `onchba_cycle`) VALUES
(2, 0, 0, 1, 0, '1.7', '2.5', '150'),
(3, 0, 0, 1, 0, '1.7', '2.8', '180'),
(9, 0, 0, 1, 0, '2.5', '3.0', '180'),
(13, 1575616050, 1575616050, 1, 0, '2.5', '3.6', '150'),
(17, 1575616301, 1575616301, 1, 0, '2.5', '3.5', '120'),
(22, 1582186396, 1582186396, 1, 0, '瓶苗下種', '1.7', '120'),
(27, 1583299445, 1583299445, 1, 0, '1.7', '出貨', '150'),
(28, 1583300167, 1583300167, 1, 0, '2.5', '出貨', '150'),
(29, 1583309494, 1583309494, 1, 0, '3.5', '出貨', '90'),
(30, 1583309899, 1583309899, 1, 0, '2.8', '3.5', '120');

-- --------------------------------------------------------

--
-- 資料表結構 `online_cost_data`
--

CREATE TABLE `online_cost_data` (
  `oncoda_sn` int(10) UNSIGNED NOT NULL,
  `oncost_sn` int(128) NOT NULL COMMENT 'FK_屬於哪個大表',
  `oncoda_add_date` int(10) UNSIGNED NOT NULL DEFAULT '0',
  `oncoda_mod_date` int(10) UNSIGNED NOT NULL DEFAULT '0',
  `oncoda_status` tinyint(3) NOT NULL DEFAULT '1',
  `oncoda_cost_size` int(10) NOT NULL COMMENT '植物成長大小',
  `oncoda_name` varchar(64) CHARACTER SET utf8 NOT NULL DEFAULT '' COMMENT '項目名稱',
  `oncoda_unit` varchar(64) CHARACTER SET utf8 NOT NULL DEFAULT '' COMMENT '單位',
  `oncoda_cost` double(64,2) DEFAULT NULL COMMENT '成本花費',
  `oncoda_note` varchar(64) CHARACTER SET utf8 NOT NULL DEFAULT '' COMMENT '成本細項說明',
  `oncoda_num` decimal(64,0) NOT NULL COMMENT '數量',
  `oncoda_cost_status` int(10) NOT NULL DEFAULT '0'
) ENGINE=InnoDB DEFAULT CHARSET=latin1;

--
-- 傾印資料表的資料 `online_cost_data`
--

INSERT INTO `online_cost_data` (`oncoda_sn`, `oncost_sn`, `oncoda_add_date`, `oncoda_mod_date`, `oncoda_status`, `oncoda_cost_size`, `oncoda_name`, `oncoda_unit`, `oncoda_cost`, `oncoda_note`, `oncoda_num`, `oncoda_cost_status`) VALUES
(1, 1, 0, 0, 1, 1, '種植費用', '', 3.00, '', '1', 1),
(2, 1, 0, 0, 1, 2, '種植費用', '', 4.00, '', '1', 1),
(3, 1, 0, 0, 1, 1, '水草', '', 3.00, '', '500', 0),
(4, 1, 0, 0, 1, 4, '種植費用', '', 4.50, '', '1', 1),
(5, 1, 0, 0, 1, 1, '人工', '', 5000.00, '', '1', 0),
(6, 1, 0, 0, 1, 1, '軟杯', '', 2.00, '', '500', 0);

-- --------------------------------------------------------

--
-- 資料表結構 `online_elimination_data`
--

CREATE TABLE `online_elimination_data` (
  `onelda_sn` int(10) UNSIGNED NOT NULL,
  `onelda_add_date` int(10) UNSIGNED NOT NULL DEFAULT '0',
  `onelda_mod_date` int(10) UNSIGNED NOT NULL DEFAULT '0',
  `onelda_status` tinyint(3) NOT NULL DEFAULT '1' COMMENT '狀態 1 啟用 0 刪除	',
  `onelda_reason` varchar(64) CHARACTER SET utf8 NOT NULL DEFAULT '' COMMENT '汰除原因',
  `onelda_quantity` varchar(64) CHARACTER SET utf8 NOT NULL DEFAULT '' COMMENT '汰除數量',
  `jsuser_sn` int(10) UNSIGNED DEFAULT '0' COMMENT '人員',
  `onadd_sn` int(10) UNSIGNED NOT NULL,
  `onadd_part_no` varchar(64) CHARACTER SET utf8 NOT NULL DEFAULT '',
  `onadd_part_name` varchar(64) CHARACTER SET utf8 NOT NULL DEFAULT ''
) ENGINE=InnoDB DEFAULT CHARSET=latin1;

--
-- 傾印資料表的資料 `online_elimination_data`
--

INSERT INTO `online_elimination_data` (`onelda_sn`, `onelda_add_date`, `onelda_mod_date`, `onelda_status`, `onelda_reason`, `onelda_quantity`, `jsuser_sn`, `onadd_sn`, `onadd_part_no`, `onadd_part_name`) VALUES
(1, 1583339296, 1583339296, 1, '1', '705', 0, 80, '546876', '687687');

-- --------------------------------------------------------

--
-- 資料表結構 `online_shipment_data`
--

CREATE TABLE `online_shipment_data` (
  `onshda_sn` int(10) UNSIGNED NOT NULL,
  `onshda_add_date` int(10) UNSIGNED NOT NULL DEFAULT '0',
  `onshda_mod_date` int(10) UNSIGNED NOT NULL DEFAULT '0',
  `onshda_status` tinyint(3) NOT NULL DEFAULT '1',
  `onshda_client` varchar(64) CHARACTER SET utf8 NOT NULL DEFAULT '' COMMENT '客戶',
  `onshda_quantity` varchar(64) CHARACTER SET utf8 NOT NULL DEFAULT '' COMMENT '出貨數量',
  `onshda_price` int(255) NOT NULL COMMENT '單棵價格',
  `onadd_sn` int(10) UNSIGNED NOT NULL COMMENT '編號',
  `onadd_part_no` varchar(64) CHARACTER SET utf8 NOT NULL DEFAULT '' COMMENT '品號',
  `onadd_part_name` varchar(64) CHARACTER SET utf8 NOT NULL DEFAULT '' COMMENT '品名',
  `jsuser_sn` int(10) UNSIGNED NOT NULL DEFAULT '0'
) ENGINE=InnoDB DEFAULT CHARSET=latin1;

--
-- 傾印資料表的資料 `online_shipment_data`
--

INSERT INTO `online_shipment_data` (`onshda_sn`, `onshda_add_date`, `onshda_mod_date`, `onshda_status`, `onshda_client`, `onshda_quantity`, `onshda_price`, `onadd_sn`, `onadd_part_no`, `onadd_part_name`, `jsuser_sn`) VALUES
(1, 1583310788, 1583310788, 1, '123', '5', 10, 44, '12321', '321321', 0),
(2, 1583336700, 1583336700, 1, '大鵰祥', '500', 20, 79, 'TEST', 'TEST', 0);

-- --------------------------------------------------------

--
-- 資料表結構 `online_space`
--

CREATE TABLE `online_space` (
  `onsp_sn` int(11) NOT NULL,
  `onsp_space` int(11) NOT NULL
) ENGINE=InnoDB DEFAULT CHARSET=latin1;

--
-- 傾印資料表的資料 `online_space`
--

INSERT INTO `online_space` (`onsp_sn`, `onsp_space`) VALUES
(1, 500000);

-- --------------------------------------------------------

--
-- 資料表結構 `online_work_delay`
--

CREATE TABLE `online_work_delay` (
  `onwd_sn` int(11) NOT NULL,
  `onadd_sn` int(11) NOT NULL,
  `onwd_reason` varchar(100) CHARACTER SET utf8 NOT NULL,
  `onwd_date` int(11) NOT NULL,
  `onwd_status` int(11) NOT NULL
) ENGINE=InnoDB DEFAULT CHARSET=latin1;

--
-- 傾印資料表的資料 `online_work_delay`
--

INSERT INTO `online_work_delay` (`onwd_sn`, `onadd_sn`, `onwd_reason`, `onwd_date`, `onwd_status`) VALUES
(3, 73, '苗種不夠', 1583333387, 1),
(4, 73, '員工請假,延後時程', 1573333410, 1),
(5, 74, '颱風來襲,導致無法作業', 1583334868, 1),
(6, 75, '員工奔喪,延後時程', 1583334878, 1),
(7, 73, '員工旅遊,延後時程', 1583334892, 1),
(8, 75, '地震來襲,緊急救援', 1583334906, 1),
(9, 77, '溫室故障,苗種死掉', 1583335485, 1),
(10, 74, '123', 1583943496, 1),
(11, 73, '123', 1583943722, 1),
(12, 77, '321', 1583943824, 1);

--
-- 已傾印資料表的索引
--

--
-- 資料表索引 `js_config`
--
ALTER TABLE `js_config`
  ADD UNIQUE KEY `jsc_key` (`jsc_key`);

--
-- 資料表索引 `js_history`
--
ALTER TABLE `js_history`
  ADD PRIMARY KEY (`jshist_sn`);

--
-- 資料表索引 `js_mail`
--
ALTER TABLE `js_mail`
  ADD PRIMARY KEY (`jsmail_sn`);

--
-- 資料表索引 `js_online`
--
ALTER TABLE `js_online`
  ADD PRIMARY KEY (`jsol_sn`),
  ADD UNIQUE KEY `jsuser_sn` (`jsuser_sn`,`jsol_end`);

--
-- 資料表索引 `js_user`
--
ALTER TABLE `js_user`
  ADD PRIMARY KEY (`jsuser_sn`),
  ADD UNIQUE KEY `jsuser_sn` (`jsuser_sn`),
  ADD UNIQUE KEY `jsuser_account` (`jsuser_account`);

--
-- 資料表索引 `onliine_add_data`
--
ALTER TABLE `onliine_add_data`
  ADD PRIMARY KEY (`onadd_sn`);

--
-- 資料表索引 `onliine_business_data`
--
ALTER TABLE `onliine_business_data`
  ADD PRIMARY KEY (`onbuda_sn`);

--
-- 資料表索引 `onliine_cost_table`
--
ALTER TABLE `onliine_cost_table`
  ADD PRIMARY KEY (`oncost_sn`);

--
-- 資料表索引 `onliine_firstplant_data`
--
ALTER TABLE `onliine_firstplant_data`
  ADD PRIMARY KEY (`onfp_sn`);

--
-- 資料表索引 `onliine_pic_data`
--
ALTER TABLE `onliine_pic_data`
  ADD PRIMARY KEY (`onpic_sn`);

--
-- 資料表索引 `onliine_product_data`
--
ALTER TABLE `onliine_product_data`
  ADD PRIMARY KEY (`onproduct_sn`),
  ADD UNIQUE KEY `onproduct_sn` (`onproduct_sn`);

--
-- 資料表索引 `online_change_basin`
--
ALTER TABLE `online_change_basin`
  ADD PRIMARY KEY (`onchba_sn`);

--
-- 資料表索引 `online_cost_data`
--
ALTER TABLE `online_cost_data`
  ADD PRIMARY KEY (`oncoda_sn`);

--
-- 資料表索引 `online_elimination_data`
--
ALTER TABLE `online_elimination_data`
  ADD PRIMARY KEY (`onelda_sn`);

--
-- 資料表索引 `online_shipment_data`
--
ALTER TABLE `online_shipment_data`
  ADD PRIMARY KEY (`onshda_sn`);

--
-- 資料表索引 `online_space`
--
ALTER TABLE `online_space`
  ADD PRIMARY KEY (`onsp_sn`);

--
-- 資料表索引 `online_work_delay`
--
ALTER TABLE `online_work_delay`
  ADD PRIMARY KEY (`onwd_sn`);

--
-- 在傾印的資料表使用自動增長(AUTO_INCREMENT)
--

--
-- 使用資料表自動增長(AUTO_INCREMENT) `js_history`
--
ALTER TABLE `js_history`
  MODIFY `jshist_sn` int(10) UNSIGNED NOT NULL AUTO_INCREMENT, AUTO_INCREMENT=205;

--
-- 使用資料表自動增長(AUTO_INCREMENT) `js_mail`
--
ALTER TABLE `js_mail`
  MODIFY `jsmail_sn` int(10) UNSIGNED NOT NULL AUTO_INCREMENT;

--
-- 使用資料表自動增長(AUTO_INCREMENT) `js_online`
--
ALTER TABLE `js_online`
  MODIFY `jsol_sn` int(11) NOT NULL AUTO_INCREMENT, AUTO_INCREMENT=5340;

--
-- 使用資料表自動增長(AUTO_INCREMENT) `js_user`
--
ALTER TABLE `js_user`
  MODIFY `jsuser_sn` int(10) UNSIGNED NOT NULL AUTO_INCREMENT, AUTO_INCREMENT=4;

--
-- 使用資料表自動增長(AUTO_INCREMENT) `onliine_add_data`
--
ALTER TABLE `onliine_add_data`
  MODIFY `onadd_sn` int(10) UNSIGNED NOT NULL AUTO_INCREMENT COMMENT '產品編號', AUTO_INCREMENT=81;

--
-- 使用資料表自動增長(AUTO_INCREMENT) `onliine_business_data`
--
ALTER TABLE `onliine_business_data`
  MODIFY `onbuda_sn` int(10) UNSIGNED NOT NULL AUTO_INCREMENT COMMENT 'sn';

--
-- 使用資料表自動增長(AUTO_INCREMENT) `onliine_cost_table`
--
ALTER TABLE `onliine_cost_table`
  MODIFY `oncost_sn` int(11) NOT NULL AUTO_INCREMENT, AUTO_INCREMENT=2;

--
-- 使用資料表自動增長(AUTO_INCREMENT) `onliine_firstplant_data`
--
ALTER TABLE `onliine_firstplant_data`
  MODIFY `onfp_sn` int(11) NOT NULL AUTO_INCREMENT, AUTO_INCREMENT=29;

--
-- 使用資料表自動增長(AUTO_INCREMENT) `onliine_pic_data`
--
ALTER TABLE `onliine_pic_data`
  MODIFY `onpic_sn` int(11) NOT NULL AUTO_INCREMENT;

--
-- 使用資料表自動增長(AUTO_INCREMENT) `onliine_product_data`
--
ALTER TABLE `onliine_product_data`
  MODIFY `onproduct_sn` int(10) UNSIGNED NOT NULL AUTO_INCREMENT COMMENT '產品編號', AUTO_INCREMENT=21;

--
-- 使用資料表自動增長(AUTO_INCREMENT) `online_change_basin`
--
ALTER TABLE `online_change_basin`
  MODIFY `onchba_sn` int(10) UNSIGNED NOT NULL AUTO_INCREMENT COMMENT 'sn', AUTO_INCREMENT=31;

--
-- 使用資料表自動增長(AUTO_INCREMENT) `online_cost_data`
--
ALTER TABLE `online_cost_data`
  MODIFY `oncoda_sn` int(10) UNSIGNED NOT NULL AUTO_INCREMENT, AUTO_INCREMENT=7;

--
-- 使用資料表自動增長(AUTO_INCREMENT) `online_elimination_data`
--
ALTER TABLE `online_elimination_data`
  MODIFY `onelda_sn` int(10) UNSIGNED NOT NULL AUTO_INCREMENT, AUTO_INCREMENT=2;

--
-- 使用資料表自動增長(AUTO_INCREMENT) `online_shipment_data`
--
ALTER TABLE `online_shipment_data`
  MODIFY `onshda_sn` int(10) UNSIGNED NOT NULL AUTO_INCREMENT, AUTO_INCREMENT=3;

--
-- 使用資料表自動增長(AUTO_INCREMENT) `online_space`
--
ALTER TABLE `online_space`
  MODIFY `onsp_sn` int(11) NOT NULL AUTO_INCREMENT, AUTO_INCREMENT=2;

--
-- 使用資料表自動增長(AUTO_INCREMENT) `online_work_delay`
--
ALTER TABLE `online_work_delay`
  MODIFY `onwd_sn` int(11) NOT NULL AUTO_INCREMENT, AUTO_INCREMENT=13;
COMMIT;

/*!40101 SET CHARACTER_SET_CLIENT=@OLD_CHARACTER_SET_CLIENT */;
/*!40101 SET CHARACTER_SET_RESULTS=@OLD_CHARACTER_SET_RESULTS */;
/*!40101 SET COLLATION_CONNECTION=@OLD_COLLATION_CONNECTION */;
